#
# There is insufficient memory for the Java Runtime Environment to continue.
# Native memory allocation (mmap) failed to map 606076928 bytes. Error detail: G1 virtual space
# Possible reasons:
#   The system is out of physical RAM or swap space
#   This process is running with CompressedOops enabled, and the Java Heap may be blocking the growth of the native heap
# Possible solutions:
#   Reduce memory load on the system
#   Increase physical memory or swap space
#   Check if swap backing store is full
#   Decrease Java heap size (-Xmx/-Xms)
#   Decrease number of Java threads
#   Decrease Java thread stack sizes (-Xss)
#   Set larger code cache with -XX:ReservedCodeCacheSize=
#   JVM is running with Unscaled Compressed Oops mode in which the Java heap is
#     placed in the first 4GB address space. The Java Heap base address is the
#     maximum limit for the native heap growth. Please use -XX:HeapBaseMinAddress
#     to set the Java Heap base and to place the Java Heap above 4GB virtual address.
# This output file may be truncated or incomplete.
#
#  Out of Memory Error (os_windows.cpp:3583), pid=9652, tid=3396
#
# JRE version: Java(TM) SE Runtime Environment (26.0+35) (build 26+35-2893)
# Java VM: Java HotSpot(TM) 64-Bit Server VM (26+35-2893, mixed mode, sharing, tiered, compressed oops, compressed class ptrs, g1 gc, windows-amd64)
# No core dump will be written. Minidumps are not enabled by default on client versions of Windows
#

---------------  S U M M A R Y ------------

Command Line: --add-opens=java.base/java.lang=ALL-UNNAMED --add-opens=java.base/java.lang.invoke=ALL-UNNAMED --add-opens=java.base/java.util=ALL-UNNAMED --add-opens=java.prefs/java.util.prefs=ALL-UNNAMED --add-exports=jdk.compiler/com.sun.tools.javac.api=ALL-UNNAMED --add-exports=jdk.compiler/com.sun.tools.javac.util=ALL-UNNAMED --add-opens=java.base/java.nio.charset=ALL-UNNAMED --add-opens=java.base/java.net=ALL-UNNAMED --add-opens=java.base/java.util.concurrent=ALL-UNNAMED --add-opens=java.base/java.util.concurrent.atomic=ALL-UNNAMED --add-opens=java.xml/javax.xml.namespace=ALL-UNNAMED --add-opens=java.base/java.time=ALL-UNNAMED --enable-native-access=ALL-UNNAMED -Xmx2048m -Dfile.encoding=UTF-8 -Duser.country=BR -Duser.language=pt -Duser.variant -javaagent:C:\Users\MEIRE\.gradle\wrapper\dists\gradle-9.7.1-bin\1w1c7tv4s851m17nbqdsro2tv\gradle-9.7.1\lib\agents\gradle-instrumentation-agent-9.7.1.jar org.gradle.launcher.daemon.bootstrap.GradleDaemon 9.7.1

Host: Intel(R) Core(TM) i3-1005G1 CPU @ 1.20GHz, 4 cores, 7G,  Windows 10 , 64 bit Build 19041 (10.0.19041.5915)
Time: Wed Aug 26 06:00:42 2026 Hora oficial do Brasil elapsed time: 22.191250 seconds (0d 0h 0m 22s)

---------------  T H R E A D  ---------------

Current thread (0x000001f7bc8e71f0):  VMThread "VM Thread"          [id=3396, stack(0x000000e2f8c00000,0x000000e2f8d00000) (1024K)]

Stack: [0x000000e2f8c00000,0x000000e2f8d00000]
Native frames: (J=compiled Java code, j=interpreted, Vv=VM code, C=native code)
V  [jvm.dll+0x7d5719]  (no source info available)
V  [jvm.dll+0x7a367d]  (no source info available)
V  [jvm.dll+0x9b0aa0]  (no source info available)
V  [jvm.dll+0x9b2ef1]  (no source info available)
V  [jvm.dll+0x9b3603]  (no source info available)
V  [jvm.dll+0x30de86]  (no source info available)
V  [jvm.dll+0x7d4be5]  (no source info available)
V  [jvm.dll+0x7c7da7]  (no source info available)
V  [jvm.dll+0x4086f8]  (no source info available)
V  [jvm.dll+0x410a66]  (no source info available)
V  [jvm.dll+0x3fce04]  (no source info available)
V  [jvm.dll+0x3fd0f5]  (no source info available)
V  [jvm.dll+0x3d3a7f]  (no source info available)
V  [jvm.dll+0x3d6cec]  (no source info available)
V  [jvm.dll+0x4222fc]  (no source info available)
V  [jvm.dll+0x420c43]  (no source info available)
V  [jvm.dll+0x3d3218]  (no source info available)
V  [jvm.dll+0x420003]  (no source info available)
V  [jvm.dll+0x9b9ab1]  (no source info available)
V  [jvm.dll+0x9baa7b]  (no source info available)
V  [jvm.dll+0x9baf8c]  (no source info available)
V  [jvm.dll+0x9bb409]  (no source info available)
V  [jvm.dll+0x9bb6b3]  (no source info available)
V  [jvm.dll+0x94f4e9]  (no source info available)
V  [jvm.dll+0x7d71f8]  (no source info available)
C  [ucrtbase.dll+0x21bb2]  (no source info available)
C  [KERNEL32.DLL+0x17374]  (no source info available)
C  [ntdll.dll+0x4cc91]  (no source info available)

VM_Operation (0x000000e2fa2f1da8): G1CollectForAllocation, mode: safepoint, requested by thread 0x000001f7dff70800


---------------  P R O C E S S  ---------------

Threads class SMR info:
_java_thread_list=0x000001f7de791fa0, length=42, elements={
0x000001f7bc8423a0, 0x000001f7bc8f5860, 0x000001f7bc8f66b0, 0x000001f7bc8f9790,
0x000001f7bc8fb350, 0x000001f7bc8fcb30, 0x000001f7bc8fead0, 0x000001f7bc90c460,
0x000001f7d96909e0, 0x000001f7bc8ffa70, 0x000001f7bc900a10, 0x000001f7bc902950,
0x000001f7dff72740, 0x000001f7dff73eb0, 0x000001f7dff70fd0, 0x000001f7dff6f860,
0x000001f7dff717a0, 0x000001f7dff75df0, 0x000001f7dff70800, 0x000001f7dffa72f0,
0x000001f7dffa2ca0, 0x000001f7dffa6b20, 0x000001f7dffa5b80, 0x000001f7dffa8290,
0x000001f7dffa1d00, 0x000001f7e0d055a0, 0x000001f7e0d06540, 0x000001f7e0d07cb0,
0x000001f7e0d08480, 0x000001f7e0a5f2c0, 0x000001f7e0a5fa90, 0x000001f7e0a5e320,
0x000001f7e0a5d380, 0x000001f7e1b00ec0, 0x000001f7e1afff20, 0x000001f7e1b01e60,
0x000001f7e1b01690, 0x000001f7e35d6950, 0x000001f7e35d03c0, 0x000001f7e35d2ad0,
0x000001f7e35d0b90, 0x000001f7e51ce900
}

Java Threads: ( => current thread )
  0x000001f7bc8423a0 JavaThread "main"                              [_thread_blocked, id=20128, stack(0x000000e2f8400000,0x000000e2f8500000) (1024K)]
  0x000001f7bc8f5860 JavaThread "Reference Handler"          daemon [_thread_blocked, id=22432, stack(0x000000e2f8d00000,0x000000e2f8e00000) (1024K)]
  0x000001f7bc8f66b0 JavaThread "Finalizer"                  daemon [_thread_blocked, id=16540, stack(0x000000e2f8e00000,0x000000e2f8f00000) (1024K)]
  0x000001f7bc8f9790 JavaThread "Signal Dispatcher"          daemon [_thread_blocked, id=8364, stack(0x000000e2f8f00000,0x000000e2f9000000) (1024K)]
  0x000001f7bc8fb350 JavaThread "Attach Listener"            daemon [_thread_blocked, id=19624, stack(0x000000e2f9000000,0x000000e2f9100000) (1024K)]
  0x000001f7bc8fcb30 JavaThread "Service Thread"             daemon [_thread_blocked, id=20448, stack(0x000000e2f9100000,0x000000e2f9200000) (1024K)]
  0x000001f7bc8fead0 JavaThread "Monitor Deflation Thread"   daemon [_thread_blocked, id=21548, stack(0x000000e2f9200000,0x000000e2f9300000) (1024K)]
  0x000001f7bc90c460 JavaThread "C2 CompilerThread0"         daemon [_thread_blocked, id=17124, stack(0x000000e2f9300000,0x000000e2f9400000) (1024K)]
  0x000001f7d96909e0 JavaThread "C1 CompilerThread0"         daemon [_thread_blocked, id=16148, stack(0x000000e2f9400000,0x000000e2f9500000) (1024K)]
  0x000001f7bc8ffa70 JavaThread "Common-Cleaner"             daemon [_thread_blocked, id=18036, stack(0x000000e2f9600000,0x000000e2f9700000) (1024K)]
  0x000001f7bc900a10 JavaThread "Notification Thread"        daemon [_thread_blocked, id=3404, stack(0x000000e2f9700000,0x000000e2f9800000) (1024K)]
  0x000001f7bc902950 JavaThread "Daemon health stats"               [_thread_blocked, id=18292, stack(0x000000e2f9b00000,0x000000e2f9c00000) (1024K)]
  0x000001f7dff72740 JavaThread "Incoming local TCP Connector on port 54938"        [_thread_in_native, id=2004, stack(0x000000e2f9c00000,0x000000e2f9d00000) (1024K)]
  0x000001f7dff73eb0 JavaThread "InnocuousThread-1"          daemon [_thread_blocked, id=6964, stack(0x000000e2f9d00000,0x000000e2f9e00000) (1024K)]
  0x000001f7dff70fd0 JavaThread "Daemon periodic checks"            [_thread_blocked, id=5972, stack(0x000000e2f9e00000,0x000000e2f9f00000) (1024K)]
  0x000001f7dff6f860 JavaThread "Daemon"                            [_thread_blocked, id=22164, stack(0x000000e2f9f00000,0x000000e2fa000000) (1024K)]
  0x000001f7dff717a0 JavaThread "Handler for socket connection from /127.0.0.1:54938 to /127.0.0.1:54939"        [_thread_in_native, id=9836, stack(0x000000e2fa000000,0x000000e2fa100000) (1024K)]
  0x000001f7dff75df0 JavaThread "Cancel handler"                    [_thread_blocked, id=11376, stack(0x000000e2fa100000,0x000000e2fa200000) (1024K)]
  0x000001f7dff70800 JavaThread "Daemon worker"                     [_thread_blocked, id=8928, stack(0x000000e2fa200000,0x000000e2fa300000) (1024K)]
  0x000001f7dffa72f0 JavaThread "Asynchronous log dispatcher for DefaultDaemonConnection: socket connection from /127.0.0.1:54938 to /127.0.0.1:54939"        [_thread_blocked, id=17212, stack(0x000000e2fa300000,0x000000e2fa400000) (1024K)]
  0x000001f7dffa2ca0 JavaThread "Stdin handler"                     [_thread_blocked, id=21428, stack(0x000000e2fa400000,0x000000e2fa500000) (1024K)]
  0x000001f7dffa6b20 JavaThread "Daemon client event forwarder"        [_thread_blocked, id=17296, stack(0x000000e2fa500000,0x000000e2fa600000) (1024K)]
  0x000001f7dffa5b80 JavaThread "Cache worker for journal cache (C:\Users\MEIRE\.gradle\caches\journal-1)"        [_thread_blocked, id=3108, stack(0x000000e2fa600000,0x000000e2fa700000) (1024K)]
  0x000001f7dffa8290 JavaThread "File lock request listener"        [_thread_in_native, id=12416, stack(0x000000e2fa700000,0x000000e2fa800000) (1024K)]
  0x000001f7dffa1d00 JavaThread "Cache worker for file hash cache (C:\Users\MEIRE\.gradle\caches\9.7.1\fileHashes)"        [_thread_blocked, id=3276, stack(0x000000e2fa800000,0x000000e2fa900000) (1024K)]
  0x000001f7e0d055a0 JavaThread "Cache worker for file hash cache (C:\Users\MEIRE\AndroidStudioProjects\RetroHardware\.gradle\9.7.1\fileHashes)"        [_thread_blocked, id=384, stack(0x000000e2fa900000,0x000000e2faa00000) (1024K)]
  0x000001f7e0d06540 JavaThread "Cache worker for checksums cache (C:\Users\MEIRE\AndroidStudioProjects\RetroHardware\.gradle\9.7.1\checksums)"        [_thread_blocked, id=7972, stack(0x000000e2faa00000,0x000000e2fab00000) (1024K)]
  0x000001f7e0d07cb0 JavaThread "Cache worker for Build Output Cleanup Cache (C:\Users\MEIRE\AndroidStudioProjects\RetroHardware\.gradle\buildOutputCleanup)"        [_thread_blocked, id=2536, stack(0x000000e2fab00000,0x000000e2fac00000) (1024K)]
  0x000001f7e0d08480 JavaThread "Cache worker for file content cache (C:\Users\MEIRE\.gradle\caches\9.7.1\fileContent)"        [_thread_blocked, id=16484, stack(0x000000e2fac00000,0x000000e2fad00000) (1024K)]
  0x000001f7e0a5f2c0 JavaThread "File watcher server"        daemon [_thread_blocked, id=21720, stack(0x000000e2f9500000,0x000000e2f9600000) (1024K)]
  0x000001f7e0a5fa90 JavaThread "File watcher consumer"      daemon [_thread_blocked, id=20892, stack(0x000000e2fad00000,0x000000e2fae00000) (1024K)]
  0x000001f7e0a5e320 JavaThread "Cache worker for cache directory md-supplier (C:\Users\MEIRE\.gradle\caches\9.7.1\md-supplier)"        [_thread_blocked, id=17728, stack(0x000000e2fae00000,0x000000e2faf00000) (1024K)]
  0x000001f7e0a5d380 JavaThread "Cache worker for cache directory md-rule (C:\Users\MEIRE\.gradle\caches\9.7.1\md-rule)"        [_thread_blocked, id=18252, stack(0x000000e2faf00000,0x000000e2fb000000) (1024K)]
  0x000001f7e1b00ec0 JavaThread "jar transforms"                    [_thread_blocked, id=8988, stack(0x000000e2fb100000,0x000000e2fb200000) (1024K)]
  0x000001f7e1afff20 JavaThread "jar transforms Thread 2"           [_thread_blocked, id=14680, stack(0x000000e2fb200000,0x000000e2fb300000) (1024K)]
  0x000001f7e1b01e60 JavaThread "jar transforms Thread 3"           [_thread_blocked, id=10412, stack(0x000000e2fb300000,0x000000e2fb400000) (1024K)]
  0x000001f7e1b01690 JavaThread "Build operations"                  [_thread_blocked, id=9760, stack(0x000000e2fb400000,0x000000e2fb500000) (1024K)]
  0x000001f7e35d6950 JavaThread "Build operations Thread 2"         [_thread_blocked, id=10636, stack(0x000000e2fb500000,0x000000e2fb600000) (1024K)]
  0x000001f7e35d03c0 JavaThread "Build operations Thread 3"         [_thread_blocked, id=12500, stack(0x000000e2fb600000,0x000000e2fb700000) (1024K)]
  0x000001f7e35d2ad0 JavaThread "Build operations Thread 4"         [_thread_blocked, id=16000, stack(0x000000e2fb700000,0x000000e2fb800000) (1024K)]
  0x000001f7e35d0b90 JavaThread "jar transforms Thread 4"           [_thread_blocked, id=10676, stack(0x000000e2fb800000,0x000000e2fb900000) (1024K)]
  0x000001f7e51ce900 JavaThread "Configuration cache report writer"        [_thread_blocked, id=932, stack(0x000000e2fb000000,0x000000e2fb100000) (1024K)]
Total: 42

Other Threads:
=>0x000001f7bc8e71f0 VMThread "VM Thread"                           [id=3396, stack(0x000000e2f8c00000,0x000000e2f8d00000) (1024K)]
  0x000001f7d968d240 WatcherThread "VM Periodic Task Thread"        [id=17060, stack(0x000000e2f8b00000,0x000000e2f8c00000) (1024K)]
  0x000001f7bc881de0 WorkerThread "GC Thread#0"                     [id=20188, stack(0x000000e2f8500000,0x000000e2f8600000) (1024K)]
  0x000001f7d99532f0 WorkerThread "GC Thread#1"                     [id=464, stack(0x000000e2f9800000,0x000000e2f9900000) (1024K)]
  0x000001f7d9931240 WorkerThread "GC Thread#2"                     [id=17028, stack(0x000000e2f9900000,0x000000e2f9a00000) (1024K)]
  0x000001f7dfe9e280 WorkerThread "GC Thread#3"                     [id=13112, stack(0x000000e2f9a00000,0x000000e2f9b00000) (1024K)]
  0x000001f7bc89b020 ConcurrentGCThread "G1 Main Marker"            [id=11888, stack(0x000000e2f8600000,0x000000e2f8700000) (1024K)]
  0x000001f7bc89bba0 WorkerThread "G1 Conc#0"                       [id=14124, stack(0x000000e2f8700000,0x000000e2f8800000) (1024K)]
  0x000001f7bc8be1f0 WorkerThread "G1 Refinement Workers#0"         [id=18428, stack(0x000000e2f8900000,0x000000e2f8a00000) (1024K)]
  0x000001f7bc8bc620 ConcurrentGCThread "G1 Refine Control"         [id=18676, stack(0x000000e2f8800000,0x000000e2f8900000) (1024K)]
  0x000001f7bc8c4c80 ConcurrentGCThread "G1 Service"                [id=20244, stack(0x000000e2f8a00000,0x000000e2f8b00000) (1024K)]
Total: 11

Threads with active compile tasks:
C2 CompilerThread0  22384 14769       4       org.jetbrains.org.objectweb.asm.ClassReader::accept (1401 bytes)
Total: 1

VM state: at safepoint (normal execution)

VM Mutex/Monitor currently owned by a thread:  ([mutex/lock_event])
[0x00007ffbbe48ed08] Threads_lock - owner thread: 0x000001f7bc8e71f0
[0x00007ffbbe48ef88] Heap_lock - owner thread: 0x000001f7dff70800

Heap address: 0x0000000080000000, size: 2048 MB, Compressed Oops mode: 32-bit

CDS archive(s) mapped at: [0x0000000037000000-0x0000000037de0000-0x0000000037de0000), size 14548992, SharedBaseAddress: 0x0000000037000000, ArchiveRelocationMode: 1.
Compressed class space mapped at: 0x0000000038000000-0x0000000078000000, reserved size: 1073741824
UseCompressedClassPointers 1, UseCompactObjectHeaders 0
Narrow klass pointer bits 32, Max shift 3
Narrow klass base: 0x0000000037000000, Narrow klass shift: 0
Encoding Range: [0x0000000037000000 - 0x0000000137000000), (4294967296 bytes)
Klass Range:    [0x0000000037000000 - 0x0000000078000000), (1090519040 bytes)
Klass ID Range:  [8 - 1090519033) (1090519025)
Protection zone: [0x0000000037000000 - 0x0000000037010000), (65536 bytes)

GC Precious Log:
 CardTable entry size: 512
 Card Set container configuration: InlinePtr #cards 5 size 8 Array Of Cards #cards 10 size 36 Howl #buckets 4 coarsen threshold 1843 Howl Bitmap #cards 512 size 80 coarsen threshold 460 Card regions per heap region 1 cards per card region 2048
 CPUs: 4 total, 4 available
 Memory: 7959M
 Large Page Support: Disabled
 NUMA Support: Disabled
 Compressed Oops: Enabled (32-bit)
 Heap Region Size: 1M
 Heap Min Capacity: 8M
 Heap Initial Capacity: 8M
 Heap Max Capacity: 2G
 Pre-touch: Disabled
 Parallel Workers: 4
 Concurrent Workers: 1
 Concurrent Refinement Workers: 4
 Periodic GC: Disabled

Heap:
 garbage-first heap   total reserved 2097152K, committed 295936K, used 152576K [0x0000000080000000, 0x0000000100000000)
  region size 1M, 0 eden (0M), 16 survivor (16M), 126 old (126M), 7 humongous (7M), 140 free (140M)

Heap Regions: E=young(eden), S=young(survivor), O=old, HS=humongous(starts), HC=humongous(continues), CS=collection set, F=free, TAMS=top-at-mark-start, PB=parsable bottom
|    0|0x0000000080000000, 0x0000000080100000, 0x0000000080100000|100%| O|  |TAMS 0x0000000080000000| PB 0x0000000080000000| Untracked |  0
|    1|0x0000000080100000, 0x0000000080200000, 0x0000000080200000|100%| O|  |TAMS 0x0000000080100000| PB 0x0000000080100000| Untracked |  0
|    2|0x0000000080200000, 0x0000000080300000, 0x0000000080300000|100%| O|  |TAMS 0x0000000080200000| PB 0x0000000080200000| Untracked |  0
|    3|0x0000000080300000, 0x0000000080400000, 0x0000000080400000|100%| O|  |TAMS 0x0000000080300000| PB 0x0000000080300000| Untracked |  0
|    4|0x0000000080400000, 0x0000000080500000, 0x0000000080500000|100%| O|  |TAMS 0x0000000080400000| PB 0x0000000080400000| Untracked |  0
|    5|0x0000000080500000, 0x0000000080600000, 0x0000000080600000|100%|HS|  |TAMS 0x0000000080500000| PB 0x0000000080500000| Complete  |  0
|    6|0x0000000080600000, 0x0000000080700000, 0x0000000080700000|100%|HC|  |TAMS 0x0000000080600000| PB 0x0000000080600000| Complete  |  0
|    7|0x0000000080700000, 0x0000000080800000, 0x0000000080800000|100%|HC|  |TAMS 0x0000000080700000| PB 0x0000000080700000| Complete  |  0
|    8|0x0000000080800000, 0x0000000080900000, 0x0000000080900000|100%|HC|  |TAMS 0x0000000080800000| PB 0x0000000080800000| Complete  |  0
|    9|0x0000000080900000, 0x0000000080a00000, 0x0000000080a00000|100%| O|  |TAMS 0x0000000080900000| PB 0x0000000080900000| Untracked |  0
|   10|0x0000000080a00000, 0x0000000080b00000, 0x0000000080b00000|100%| O|  |TAMS 0x0000000080a00000| PB 0x0000000080a00000| Untracked |  0
|   11|0x0000000080b00000, 0x0000000080c00000, 0x0000000080c00000|100%| O|  |TAMS 0x0000000080b00000| PB 0x0000000080b00000| Untracked |  0
|   12|0x0000000080c00000, 0x0000000080d00000, 0x0000000080d00000|100%|HS|  |TAMS 0x0000000080c00000| PB 0x0000000080c00000| Complete  |  0
|   13|0x0000000080d00000, 0x0000000080e00000, 0x0000000080e00000|100%| O|  |TAMS 0x0000000080d00000| PB 0x0000000080d00000| Untracked |  0
|   14|0x0000000080e00000, 0x0000000080f00000, 0x0000000080f00000|100%| O|  |TAMS 0x0000000080e00000| PB 0x0000000080e00000| Untracked |  0
|   15|0x0000000080f00000, 0x0000000081000000, 0x0000000081000000|100%| O|  |TAMS 0x0000000080f00000| PB 0x0000000080f00000| Untracked |  0
|   16|0x0000000081000000, 0x0000000081100000, 0x0000000081100000|100%| O|  |TAMS 0x0000000081000000| PB 0x0000000081000000| Untracked |  0
|   17|0x0000000081100000, 0x0000000081200000, 0x0000000081200000|100%| O|  |TAMS 0x0000000081100000| PB 0x0000000081100000| Untracked |  0
|   18|0x0000000081200000, 0x0000000081300000, 0x0000000081300000|100%| O|  |TAMS 0x0000000081200000| PB 0x0000000081200000| Untracked |  0
|   19|0x0000000081300000, 0x0000000081400000, 0x0000000081400000|100%| O|  |TAMS 0x0000000081300000| PB 0x0000000081300000| Untracked |  0
|   20|0x0000000081400000, 0x0000000081500000, 0x0000000081500000|100%| O|  |TAMS 0x0000000081400000| PB 0x0000000081400000| Untracked |  0
|   21|0x0000000081500000, 0x0000000081600000, 0x0000000081600000|100%|HS|  |TAMS 0x0000000081500000| PB 0x0000000081500000| Complete  |  0
|   22|0x0000000081600000, 0x0000000081700000, 0x0000000081700000|100%| O|  |TAMS 0x0000000081600000| PB 0x0000000081600000| Untracked |  0
|   23|0x0000000081700000, 0x0000000081800000, 0x0000000081800000|100%| O|  |TAMS 0x0000000081700000| PB 0x0000000081700000| Untracked |  0
|   24|0x0000000081800000, 0x0000000081900000, 0x0000000081900000|100%| O|  |TAMS 0x0000000081800000| PB 0x0000000081800000| Untracked |  0
|   25|0x0000000081900000, 0x0000000081a00000, 0x0000000081a00000|100%| O|  |TAMS 0x0000000081900000| PB 0x0000000081900000| Untracked |  0
|   26|0x0000000081a00000, 0x0000000081b00000, 0x0000000081b00000|100%| O|  |TAMS 0x0000000081a00000| PB 0x0000000081a00000| Untracked |  0
|   27|0x0000000081b00000, 0x0000000081c00000, 0x0000000081c00000|100%| O|  |TAMS 0x0000000081b00000| PB 0x0000000081b00000| Untracked |  0
|   28|0x0000000081c00000, 0x0000000081d00000, 0x0000000081d00000|100%| O|  |TAMS 0x0000000081c00000| PB 0x0000000081c00000| Untracked |  0
|   29|0x0000000081d00000, 0x0000000081e00000, 0x0000000081e00000|100%| O|  |TAMS 0x0000000081d00000| PB 0x0000000081d00000| Untracked |  0
|   30|0x0000000081e00000, 0x0000000081f00000, 0x0000000081f00000|100%| O|  |TAMS 0x0000000081e00000| PB 0x0000000081e00000| Untracked |  0
|   31|0x0000000081f00000, 0x0000000082000000, 0x0000000082000000|100%| O|  |TAMS 0x0000000081f00000| PB 0x0000000081f00000| Untracked |  0
|   32|0x0000000082000000, 0x0000000082100000, 0x0000000082100000|100%| O|Cm|TAMS 0x0000000082000000| PB 0x0000000082000000| Complete  |  0
|   33|0x0000000082100000, 0x0000000082200000, 0x0000000082200000|100%| O|Cm|TAMS 0x0000000082100000| PB 0x0000000082100000| Complete  |  0
|   34|0x0000000082200000, 0x0000000082300000, 0x0000000082300000|100%| O|  |TAMS 0x0000000082200000| PB 0x0000000082200000| Untracked |  0
|   35|0x0000000082300000, 0x0000000082400000, 0x0000000082400000|100%| O|  |TAMS 0x0000000082300000| PB 0x0000000082300000| Untracked |  0
|   36|0x0000000082400000, 0x0000000082500000, 0x0000000082500000|100%| O|  |TAMS 0x0000000082400000| PB 0x0000000082400000| Untracked |  0
|   37|0x0000000082500000, 0x0000000082600000, 0x0000000082600000|100%| O|  |TAMS 0x0000000082500000| PB 0x0000000082500000| Untracked |  0
|   38|0x0000000082600000, 0x0000000082700000, 0x0000000082700000|100%| O|  |TAMS 0x0000000082600000| PB 0x0000000082600000| Untracked |  0
|   39|0x0000000082700000, 0x0000000082800000, 0x0000000082800000|100%| O|  |TAMS 0x0000000082700000| PB 0x0000000082700000| Untracked |  0
|   40|0x0000000082800000, 0x0000000082900000, 0x0000000082900000|100%| O|  |TAMS 0x0000000082800000| PB 0x0000000082800000| Untracked |  0
|   41|0x0000000082900000, 0x0000000082a00000, 0x0000000082a00000|100%| O|  |TAMS 0x0000000082900000| PB 0x0000000082900000| Untracked |  0
|   42|0x0000000082a00000, 0x0000000082b00000, 0x0000000082b00000|100%| O|  |TAMS 0x0000000082a00000| PB 0x0000000082a00000| Untracked |  0
|   43|0x0000000082b00000, 0x0000000082c00000, 0x0000000082c00000|100%| O|  |TAMS 0x0000000082b00000| PB 0x0000000082b00000| Untracked |  0
|   44|0x0000000082c00000, 0x0000000082d00000, 0x0000000082d00000|100%| O|  |TAMS 0x0000000082c00000| PB 0x0000000082c00000| Untracked |  0
|   45|0x0000000082d00000, 0x0000000082e00000, 0x0000000082e00000|100%|HS|  |TAMS 0x0000000082d00000| PB 0x0000000082d00000| Complete  |  0
|   46|0x0000000082e00000, 0x0000000082f00000, 0x0000000082f00000|100%| O|Cm|TAMS 0x0000000082e00000| PB 0x0000000082e00000| Complete  |  0
|   47|0x0000000082f00000, 0x0000000083000000, 0x0000000083000000|100%| O|  |TAMS 0x0000000082f00000| PB 0x0000000082f00000| Untracked |  0
|   48|0x0000000083000000, 0x0000000083100000, 0x0000000083100000|100%| O|  |TAMS 0x0000000083000000| PB 0x0000000083000000| Untracked |  0
|   49|0x0000000083100000, 0x0000000083200000, 0x0000000083200000|100%| O|  |TAMS 0x0000000083100000| PB 0x0000000083100000| Untracked |  0
|   50|0x0000000083200000, 0x0000000083300000, 0x0000000083300000|100%| O|  |TAMS 0x0000000083200000| PB 0x0000000083200000| Untracked |  0
|   51|0x0000000083300000, 0x0000000083400000, 0x0000000083400000|100%| O|  |TAMS 0x0000000083300000| PB 0x0000000083300000| Untracked |  0
|   52|0x0000000083400000, 0x0000000083500000, 0x0000000083500000|100%| O|Cm|TAMS 0x0000000083400000| PB 0x0000000083400000| Complete  |  0
|   53|0x0000000083500000, 0x0000000083600000, 0x0000000083600000|100%| O|Cm|TAMS 0x0000000083500000| PB 0x0000000083500000| Complete  |  0
|   54|0x0000000083600000, 0x0000000083700000, 0x0000000083700000|100%| O|Cm|TAMS 0x0000000083600000| PB 0x0000000083600000| Complete  |  0
|   55|0x0000000083700000, 0x0000000083800000, 0x0000000083800000|100%| O|  |TAMS 0x0000000083700000| PB 0x0000000083700000| Untracked |  0
|   56|0x0000000083800000, 0x0000000083900000, 0x0000000083900000|100%| O|  |TAMS 0x0000000083800000| PB 0x0000000083800000| Untracked |  0
|   57|0x0000000083900000, 0x0000000083a00000, 0x0000000083a00000|100%| O|  |TAMS 0x0000000083900000| PB 0x0000000083900000| Untracked |  0
|   58|0x0000000083a00000, 0x0000000083b00000, 0x0000000083b00000|100%| O|  |TAMS 0x0000000083a00000| PB 0x0000000083a00000| Untracked |  0
|   59|0x0000000083b00000, 0x0000000083c00000, 0x0000000083c00000|100%| O|  |TAMS 0x0000000083b00000| PB 0x0000000083b00000| Untracked |  0
|   60|0x0000000083c00000, 0x0000000083d00000, 0x0000000083d00000|100%| O|  |TAMS 0x0000000083c00000| PB 0x0000000083c00000| Untracked |  0
|   61|0x0000000083d00000, 0x0000000083e00000, 0x0000000083e00000|100%| O|  |TAMS 0x0000000083d00000| PB 0x0000000083d00000| Untracked |  0
|   62|0x0000000083e00000, 0x0000000083f00000, 0x0000000083f00000|100%| O|  |TAMS 0x0000000083e00000| PB 0x0000000083e00000| Untracked |  0
|   63|0x0000000083f00000, 0x0000000084000000, 0x0000000084000000|100%| O|  |TAMS 0x0000000083f00000| PB 0x0000000083f00000| Untracked |  0
|   64|0x0000000084000000, 0x0000000084100000, 0x0000000084100000|100%| O|  |TAMS 0x0000000084000000| PB 0x0000000084000000| Untracked |  0
|   65|0x0000000084100000, 0x0000000084200000, 0x0000000084200000|100%| O|  |TAMS 0x0000000084100000| PB 0x0000000084100000| Untracked |  0
|   66|0x0000000084200000, 0x0000000084300000, 0x0000000084300000|100%| O|  |TAMS 0x0000000084200000| PB 0x0000000084200000| Untracked |  0
|   67|0x0000000084300000, 0x0000000084400000, 0x0000000084400000|100%| O|  |TAMS 0x0000000084300000| PB 0x0000000084300000| Untracked |  0
|   68|0x0000000084400000, 0x0000000084500000, 0x0000000084500000|100%| O|  |TAMS 0x0000000084400000| PB 0x0000000084400000| Untracked |  0
|   69|0x0000000084500000, 0x0000000084600000, 0x0000000084600000|100%| O|  |TAMS 0x0000000084500000| PB 0x0000000084500000| Untracked |  0
|   70|0x0000000084600000, 0x0000000084700000, 0x0000000084700000|100%| O|Cm|TAMS 0x0000000084600000| PB 0x0000000084600000| Complete  |  0
|   71|0x0000000084700000, 0x0000000084800000, 0x0000000084800000|100%| O|  |TAMS 0x0000000084700000| PB 0x0000000084700000| Untracked |  0
|   72|0x0000000084800000, 0x0000000084900000, 0x0000000084900000|100%| O|Cm|TAMS 0x0000000084800000| PB 0x0000000084800000| Complete  |  0
|   73|0x0000000084900000, 0x0000000084a00000, 0x0000000084a00000|100%| O|  |TAMS 0x0000000084900000| PB 0x0000000084900000| Untracked |  0
|   74|0x0000000084a00000, 0x0000000084b00000, 0x0000000084b00000|100%| O|  |TAMS 0x0000000084a00000| PB 0x0000000084a00000| Untracked |  0
|   75|0x0000000084b00000, 0x0000000084c00000, 0x0000000084c00000|100%| O|  |TAMS 0x0000000084b00000| PB 0x0000000084b00000| Untracked |  0
|   76|0x0000000084c00000, 0x0000000084d00000, 0x0000000084d00000|100%| O|  |TAMS 0x0000000084c00000| PB 0x0000000084c00000| Untracked |  0
|   77|0x0000000084d00000, 0x0000000084e00000, 0x0000000084e00000|100%| O|  |TAMS 0x0000000084d00000| PB 0x0000000084d00000| Untracked |  0
|   78|0x0000000084e00000, 0x0000000084f00000, 0x0000000084f00000|100%| O|  |TAMS 0x0000000084e00000| PB 0x0000000084e00000| Untracked |  0
|   79|0x0000000084f00000, 0x0000000085000000, 0x0000000085000000|100%| O|  |TAMS 0x0000000084f00000| PB 0x0000000084f00000| Untracked |  0
|   80|0x0000000085000000, 0x0000000085100000, 0x0000000085100000|100%| O|  |TAMS 0x0000000085000000| PB 0x0000000085000000| Untracked |  0
|   81|0x0000000085100000, 0x0000000085200000, 0x0000000085200000|100%| O|  |TAMS 0x0000000085100000| PB 0x0000000085100000| Untracked |  0
|   82|0x0000000085200000, 0x0000000085300000, 0x0000000085300000|100%| O|  |TAMS 0x0000000085200000| PB 0x0000000085200000| Untracked |  0
|   83|0x0000000085300000, 0x0000000085400000, 0x0000000085400000|100%| O|  |TAMS 0x0000000085300000| PB 0x0000000085300000| Untracked |  0
|   84|0x0000000085400000, 0x0000000085500000, 0x0000000085500000|100%| O|  |TAMS 0x0000000085400000| PB 0x0000000085400000| Untracked |  0
|   85|0x0000000085500000, 0x0000000085600000, 0x0000000085600000|100%| O|  |TAMS 0x0000000085500000| PB 0x0000000085500000| Untracked |  0
|   86|0x0000000085600000, 0x0000000085700000, 0x0000000085700000|100%| O|  |TAMS 0x0000000085600000| PB 0x0000000085600000| Untracked |  0
|   87|0x0000000085700000, 0x0000000085800000, 0x0000000085800000|100%| O|Cm|TAMS 0x0000000085700000| PB 0x0000000085700000| Complete  |  0
|   88|0x0000000085800000, 0x0000000085900000, 0x0000000085900000|100%| O|  |TAMS 0x0000000085800000| PB 0x0000000085800000| Untracked |  0
|   89|0x0000000085900000, 0x0000000085a00000, 0x0000000085a00000|100%| O|  |TAMS 0x0000000085900000| PB 0x0000000085900000| Untracked |  0
|   90|0x0000000085a00000, 0x0000000085b00000, 0x0000000085b00000|100%| O|  |TAMS 0x0000000085a00000| PB 0x0000000085a00000| Untracked |  0
|   91|0x0000000085b00000, 0x0000000085c00000, 0x0000000085c00000|100%| O|  |TAMS 0x0000000085b00000| PB 0x0000000085b00000| Untracked |  0
|   92|0x0000000085c00000, 0x0000000085d00000, 0x0000000085d00000|100%| O|Cm|TAMS 0x0000000085c00000| PB 0x0000000085c00000| Complete  |  0
|   93|0x0000000085d00000, 0x0000000085e00000, 0x0000000085e00000|100%| O|Cm|TAMS 0x0000000085d00000| PB 0x0000000085d00000| Complete  |  0
|   94|0x0000000085e00000, 0x0000000085f00000, 0x0000000085f00000|100%| O|  |TAMS 0x0000000085e00000| PB 0x0000000085e00000| Untracked |  0
|   95|0x0000000085f00000, 0x0000000086000000, 0x0000000086000000|100%| O|Cm|TAMS 0x0000000085f00000| PB 0x0000000085f00000| Complete  |  0
|   96|0x0000000086000000, 0x0000000086100000, 0x0000000086100000|100%| O|  |TAMS 0x0000000086000000| PB 0x0000000086000000| Untracked |  0
|   97|0x0000000086100000, 0x0000000086200000, 0x0000000086200000|100%| O|  |TAMS 0x0000000086100000| PB 0x0000000086100000| Untracked |  0
|   98|0x0000000086200000, 0x0000000086300000, 0x0000000086300000|100%| O|Cm|TAMS 0x0000000086200000| PB 0x0000000086200000| Complete  |  0
|   99|0x0000000086300000, 0x0000000086400000, 0x0000000086400000|100%| O|Cm|TAMS 0x0000000086300000| PB 0x0000000086300000| Complete  |  0
|  100|0x0000000086400000, 0x0000000086500000, 0x0000000086500000|100%| O|Cm|TAMS 0x0000000086400000| PB 0x0000000086400000| Complete  |  0
|  101|0x0000000086500000, 0x0000000086600000, 0x0000000086600000|100%| O|Cm|TAMS 0x0000000086500000| PB 0x0000000086500000| Complete  |  0
|  102|0x0000000086600000, 0x0000000086700000, 0x0000000086700000|100%| O|Cm|TAMS 0x0000000086600000| PB 0x0000000086600000| Complete  |  0
|  103|0x0000000086700000, 0x0000000086800000, 0x0000000086800000|100%| O|  |TAMS 0x0000000086700000| PB 0x0000000086700000| Untracked |  0
|  104|0x0000000086800000, 0x0000000086900000, 0x0000000086900000|100%| O|  |TAMS 0x0000000086800000| PB 0x0000000086800000| Untracked |  0
|  105|0x0000000086900000, 0x0000000086a00000, 0x0000000086a00000|100%| O|  |TAMS 0x0000000086900000| PB 0x0000000086900000| Untracked |  0
|  106|0x0000000086a00000, 0x0000000086b00000, 0x0000000086b00000|100%| O|  |TAMS 0x0000000086a00000| PB 0x0000000086a00000| Untracked |  0
|  107|0x0000000086b00000, 0x0000000086c00000, 0x0000000086c00000|100%| O|  |TAMS 0x0000000086b00000| PB 0x0000000086b00000| Untracked |  0
|  108|0x0000000086c00000, 0x0000000086d00000, 0x0000000086d00000|100%| O|  |TAMS 0x0000000086c00000| PB 0x0000000086c00000| Untracked |  0
|  109|0x0000000086d00000, 0x0000000086e00000, 0x0000000086e00000|100%| O|  |TAMS 0x0000000086d00000| PB 0x0000000086d00000| Untracked |  0
|  110|0x0000000086e00000, 0x0000000086f00000, 0x0000000086f00000|100%| O|  |TAMS 0x0000000086e00000| PB 0x0000000086e00000| Untracked |  0
|  111|0x0000000086f00000, 0x0000000087000000, 0x0000000087000000|100%| O|  |TAMS 0x0000000086f00000| PB 0x0000000086f00000| Untracked |  0
|  112|0x0000000087000000, 0x0000000087100000, 0x0000000087100000|100%| O|  |TAMS 0x0000000087000000| PB 0x0000000087000000| Untracked |  0
|  113|0x0000000087100000, 0x0000000087200000, 0x0000000087200000|100%| O|  |TAMS 0x0000000087100000| PB 0x0000000087100000| Untracked |  0
|  114|0x0000000087200000, 0x0000000087300000, 0x0000000087300000|100%| O|  |TAMS 0x0000000087200000| PB 0x0000000087200000| Untracked |  0
|  115|0x0000000087300000, 0x0000000087400000, 0x0000000087400000|100%| O|  |TAMS 0x0000000087300000| PB 0x0000000087300000| Untracked |  0
|  116|0x0000000087400000, 0x0000000087500000, 0x0000000087500000|100%| O|  |TAMS 0x0000000087400000| PB 0x0000000087400000| Untracked |  0
|  117|0x0000000087500000, 0x0000000087600000, 0x0000000087600000|100%| O|  |TAMS 0x0000000087500000| PB 0x0000000087500000| Untracked |  0
|  118|0x0000000087600000, 0x0000000087700000, 0x0000000087700000|100%| O|  |TAMS 0x0000000087600000| PB 0x0000000087600000| Untracked |  0
|  119|0x0000000087700000, 0x0000000087700000, 0x0000000087800000|  0%| F|  |TAMS 0x0000000087700000| PB 0x0000000087700000| Untracked |  0
|  120|0x0000000087800000, 0x0000000087800000, 0x0000000087900000|  0%| F|  |TAMS 0x0000000087800000| PB 0x0000000087800000| Untracked |  0
|  121|0x0000000087900000, 0x0000000087900000, 0x0000000087a00000|  0%| F|  |TAMS 0x0000000087900000| PB 0x0000000087900000| Untracked |  0
|  122|0x0000000087a00000, 0x0000000087a00000, 0x0000000087b00000|  0%| F|  |TAMS 0x0000000087a00000| PB 0x0000000087a00000| Untracked |  0
|  123|0x0000000087b00000, 0x0000000087b00000, 0x0000000087c00000|  0%| F|  |TAMS 0x0000000087b00000| PB 0x0000000087b00000| Untracked |  0
|  124|0x0000000087c00000, 0x0000000087d00000, 0x0000000087d00000|100%| O|  |TAMS 0x0000000087c00000| PB 0x0000000087c00000| Untracked |  0
|  125|0x0000000087d00000, 0x0000000087e00000, 0x0000000087e00000|100%| O|  |TAMS 0x0000000087d00000| PB 0x0000000087d00000| Untracked |  0
|  126|0x0000000087e00000, 0x0000000087f00000, 0x0000000087f00000|100%| O|  |TAMS 0x0000000087e00000| PB 0x0000000087e00000| Untracked |  0
|  127|0x0000000087f00000, 0x0000000088000000, 0x0000000088000000|100%| O|Cm|TAMS 0x0000000087f00000| PB 0x0000000087f00000| Complete  |  0
|  128|0x0000000088000000, 0x0000000088100000, 0x0000000088100000|100%| O|Cm|TAMS 0x0000000088000000| PB 0x0000000088000000| Complete  |  0
|  129|0x0000000088100000, 0x0000000088200000, 0x0000000088200000|100%| O|Cm|TAMS 0x0000000088100000| PB 0x0000000088100000| Complete  |  0
|  130|0x0000000088200000, 0x0000000088300000, 0x0000000088300000|100%| O|Cm|TAMS 0x0000000088200000| PB 0x0000000088200000| Complete  |  0
|  131|0x0000000088300000, 0x0000000088400000, 0x0000000088400000|100%| O|Cm|TAMS 0x0000000088300000| PB 0x0000000088300000| Complete  |  0
|  132|0x0000000088400000, 0x0000000088400000, 0x0000000088500000|  0%| F|  |TAMS 0x0000000088400000| PB 0x0000000088400000| Untracked |  0
|  133|0x0000000088500000, 0x0000000088600000, 0x0000000088600000|100%| O|Cm|TAMS 0x0000000088500000| PB 0x0000000088500000| Complete  |  0
|  134|0x0000000088600000, 0x0000000088600000, 0x0000000088700000|  0%| F|  |TAMS 0x0000000088600000| PB 0x0000000088600000| Untracked |  0
|  135|0x0000000088700000, 0x0000000088700000, 0x0000000088800000|  0%| F|  |TAMS 0x0000000088700000| PB 0x0000000088700000| Untracked |  0
|  136|0x0000000088800000, 0x0000000088800000, 0x0000000088900000|  0%| F|  |TAMS 0x0000000088800000| PB 0x0000000088800000| Untracked |  0
|  137|0x0000000088900000, 0x0000000088900000, 0x0000000088a00000|  0%| F|  |TAMS 0x0000000088900000| PB 0x0000000088900000| Untracked |  0
|  138|0x0000000088a00000, 0x0000000088b00000, 0x0000000088b00000|100%| O|Cm|TAMS 0x0000000088a00000| PB 0x0000000088a00000| Complete  |  0
|  139|0x0000000088b00000, 0x0000000088b00000, 0x0000000088c00000|  0%| F|  |TAMS 0x0000000088b00000| PB 0x0000000088b00000| Untracked |  0
|  140|0x0000000088c00000, 0x0000000088c00000, 0x0000000088d00000|  0%| F|  |TAMS 0x0000000088c00000| PB 0x0000000088c00000| Untracked |  0
|  141|0x0000000088d00000, 0x0000000088d00000, 0x0000000088e00000|  0%| F|  |TAMS 0x0000000088d00000| PB 0x0000000088d00000| Untracked |  0
|  142|0x0000000088e00000, 0x0000000088e00000, 0x0000000088f00000|  0%| F|  |TAMS 0x0000000088e00000| PB 0x0000000088e00000| Untracked |  0
|  143|0x0000000088f00000, 0x0000000088f00000, 0x0000000089000000|  0%| F|  |TAMS 0x0000000088f00000| PB 0x0000000088f00000| Untracked |  0
|  144|0x0000000089000000, 0x0000000089000000, 0x0000000089100000|  0%| F|  |TAMS 0x0000000089000000| PB 0x0000000089000000| Untracked |  0
|  145|0x0000000089100000, 0x0000000089100000, 0x0000000089200000|  0%| F|  |TAMS 0x0000000089100000| PB 0x0000000089100000| Untracked |  0
|  146|0x0000000089200000, 0x0000000089200000, 0x0000000089300000|  0%| F|  |TAMS 0x0000000089200000| PB 0x0000000089200000| Untracked |  0
|  147|0x0000000089300000, 0x0000000089300000, 0x0000000089400000|  0%| F|  |TAMS 0x0000000089300000| PB 0x0000000089300000| Untracked |  0
|  148|0x0000000089400000, 0x0000000089400000, 0x0000000089500000|  0%| F|  |TAMS 0x0000000089400000| PB 0x0000000089400000| Untracked |  0
|  149|0x0000000089500000, 0x0000000089500000, 0x0000000089600000|  0%| F|  |TAMS 0x0000000089500000| PB 0x0000000089500000| Untracked |  0
|  150|0x0000000089600000, 0x0000000089600000, 0x0000000089700000|  0%| F|  |TAMS 0x0000000089600000| PB 0x0000000089600000| Untracked |  0
|  151|0x0000000089700000, 0x0000000089700000, 0x0000000089800000|  0%| F|  |TAMS 0x0000000089700000| PB 0x0000000089700000| Untracked |  0
|  152|0x0000000089800000, 0x0000000089800000, 0x0000000089900000|  0%| F|  |TAMS 0x0000000089800000| PB 0x0000000089800000| Untracked |  0
|  153|0x0000000089900000, 0x0000000089900000, 0x0000000089a00000|  0%| F|  |TAMS 0x0000000089900000| PB 0x0000000089900000| Untracked |  0
|  154|0x0000000089a00000, 0x0000000089a00000, 0x0000000089b00000|  0%| F|  |TAMS 0x0000000089a00000| PB 0x0000000089a00000| Untracked |  0
|  155|0x0000000089b00000, 0x0000000089b00000, 0x0000000089c00000|  0%| F|  |TAMS 0x0000000089b00000| PB 0x0000000089b00000| Untracked |  0
|  156|0x0000000089c00000, 0x0000000089c00000, 0x0000000089d00000|  0%| F|  |TAMS 0x0000000089c00000| PB 0x0000000089c00000| Untracked |  0
|  157|0x0000000089d00000, 0x0000000089d00000, 0x0000000089e00000|  0%| F|  |TAMS 0x0000000089d00000| PB 0x0000000089d00000| Untracked |  0
|  158|0x0000000089e00000, 0x0000000089e00000, 0x0000000089f00000|  0%| F|  |TAMS 0x0000000089e00000| PB 0x0000000089e00000| Untracked |  0
|  159|0x0000000089f00000, 0x0000000089f00000, 0x000000008a000000|  0%| F|  |TAMS 0x0000000089f00000| PB 0x0000000089f00000| Untracked |  0
|  160|0x000000008a000000, 0x000000008a000000, 0x000000008a100000|  0%| F|  |TAMS 0x000000008a000000| PB 0x000000008a000000| Untracked |  0
|  161|0x000000008a100000, 0x000000008a100000, 0x000000008a200000|  0%| F|  |TAMS 0x000000008a100000| PB 0x000000008a100000| Untracked |  0
|  162|0x000000008a200000, 0x000000008a200000, 0x000000008a300000|  0%| F|  |TAMS 0x000000008a200000| PB 0x000000008a200000| Untracked |  0
|  163|0x000000008a300000, 0x000000008a400000, 0x000000008a400000|100%| S|CS|TAMS 0x000000008a300000| PB 0x000000008a300000| Complete  |  0
|  164|0x000000008a400000, 0x000000008a500000, 0x000000008a500000|100%| S|CS|TAMS 0x000000008a400000| PB 0x000000008a400000| Complete  |  0
|  165|0x000000008a500000, 0x000000008a600000, 0x000000008a600000|100%| S|CS|TAMS 0x000000008a500000| PB 0x000000008a500000| Complete  |  0
|  166|0x000000008a600000, 0x000000008a700000, 0x000000008a700000|100%| S|CS|TAMS 0x000000008a600000| PB 0x000000008a600000| Complete  |  0
|  167|0x000000008a700000, 0x000000008a800000, 0x000000008a800000|100%| S|CS|TAMS 0x000000008a700000| PB 0x000000008a700000| Complete  |  0
|  168|0x000000008a800000, 0x000000008a900000, 0x000000008a900000|100%| S|CS|TAMS 0x000000008a800000| PB 0x000000008a800000| Complete  |  0
|  169|0x000000008a900000, 0x000000008aa00000, 0x000000008aa00000|100%| S|CS|TAMS 0x000000008a900000| PB 0x000000008a900000| Complete  |  0
|  170|0x000000008aa00000, 0x000000008ab00000, 0x000000008ab00000|100%| S|CS|TAMS 0x000000008aa00000| PB 0x000000008aa00000| Complete  |  0
|  171|0x000000008ab00000, 0x000000008ac00000, 0x000000008ac00000|100%| S|CS|TAMS 0x000000008ab00000| PB 0x000000008ab00000| Complete  |  0
|  172|0x000000008ac00000, 0x000000008ad00000, 0x000000008ad00000|100%| S|CS|TAMS 0x000000008ac00000| PB 0x000000008ac00000| Complete  |  0
|  173|0x000000008ad00000, 0x000000008ae00000, 0x000000008ae00000|100%| S|CS|TAMS 0x000000008ad00000| PB 0x000000008ad00000| Complete  |  0
|  174|0x000000008ae00000, 0x000000008af00000, 0x000000008af00000|100%| S|CS|TAMS 0x000000008ae00000| PB 0x000000008ae00000| Complete  |  0
|  175|0x000000008af00000, 0x000000008b000000, 0x000000008b000000|100%| S|CS|TAMS 0x000000008af00000| PB 0x000000008af00000| Complete  |  0
|  176|0x000000008b000000, 0x000000008b100000, 0x000000008b100000|100%| S|CS|TAMS 0x000000008b000000| PB 0x000000008b000000| Complete  |  0
|  177|0x000000008b100000, 0x000000008b200000, 0x000000008b200000|100%| S|CS|TAMS 0x000000008b100000| PB 0x000000008b100000| Complete  |  0
|  178|0x000000008b200000, 0x000000008b300000, 0x000000008b300000|100%| S|CS|TAMS 0x000000008b200000| PB 0x000000008b200000| Complete  |  0
|  179|0x000000008b300000, 0x000000008b300000, 0x000000008b400000|  0%| F|  |TAMS 0x000000008b300000| PB 0x000000008b300000| Untracked |  0
|  180|0x000000008b400000, 0x000000008b400000, 0x000000008b500000|  0%| F|  |TAMS 0x000000008b400000| PB 0x000000008b400000| Untracked |  0
|  181|0x000000008b500000, 0x000000008b500000, 0x000000008b600000|  0%| F|  |TAMS 0x000000008b500000| PB 0x000000008b500000| Untracked |  0
|  182|0x000000008b600000, 0x000000008b600000, 0x000000008b700000|  0%| F|  |TAMS 0x000000008b600000| PB 0x000000008b600000| Untracked |  0
|  183|0x000000008b700000, 0x000000008b700000, 0x000000008b800000|  0%| F|  |TAMS 0x000000008b700000| PB 0x000000008b700000| Untracked |  0
|  184|0x000000008b800000, 0x000000008b800000, 0x000000008b900000|  0%| F|  |TAMS 0x000000008b800000| PB 0x000000008b800000| Untracked |  0
|  185|0x000000008b900000, 0x000000008b900000, 0x000000008ba00000|  0%| F|  |TAMS 0x000000008b900000| PB 0x000000008b900000| Untracked |  0
|  186|0x000000008ba00000, 0x000000008ba00000, 0x000000008bb00000|  0%| F|  |TAMS 0x000000008ba00000| PB 0x000000008ba00000| Untracked |  0
|  187|0x000000008bb00000, 0x000000008bb00000, 0x000000008bc00000|  0%| F|  |TAMS 0x000000008bb00000| PB 0x000000008bb00000| Untracked |  0
|  188|0x000000008bc00000, 0x000000008bc00000, 0x000000008bd00000|  0%| F|  |TAMS 0x000000008bc00000| PB 0x000000008bc00000| Untracked |  0
|  189|0x000000008bd00000, 0x000000008bd00000, 0x000000008be00000|  0%| F|  |TAMS 0x000000008bd00000| PB 0x000000008bd00000| Untracked |  0
|  190|0x000000008be00000, 0x000000008be00000, 0x000000008bf00000|  0%| F|  |TAMS 0x000000008be00000| PB 0x000000008be00000| Untracked |  0
|  191|0x000000008bf00000, 0x000000008bf00000, 0x000000008c000000|  0%| F|  |TAMS 0x000000008bf00000| PB 0x000000008bf00000| Untracked |  0
|  192|0x000000008c000000, 0x000000008c000000, 0x000000008c100000|  0%| F|  |TAMS 0x000000008c000000| PB 0x000000008c000000| Untracked |  0
|  193|0x000000008c100000, 0x000000008c100000, 0x000000008c200000|  0%| F|  |TAMS 0x000000008c100000| PB 0x000000008c100000| Untracked |  0
|  194|0x000000008c200000, 0x000000008c200000, 0x000000008c300000|  0%| F|  |TAMS 0x000000008c200000| PB 0x000000008c200000| Untracked |  0
|  195|0x000000008c300000, 0x000000008c300000, 0x000000008c400000|  0%| F|  |TAMS 0x000000008c300000| PB 0x000000008c300000| Untracked |  0
|  196|0x000000008c400000, 0x000000008c400000, 0x000000008c500000|  0%| F|  |TAMS 0x000000008c400000| PB 0x000000008c400000| Untracked |  0
|  197|0x000000008c500000, 0x000000008c500000, 0x000000008c600000|  0%| F|  |TAMS 0x000000008c500000| PB 0x000000008c500000| Untracked |  0
|  198|0x000000008c600000, 0x000000008c600000, 0x000000008c700000|  0%| F|  |TAMS 0x000000008c600000| PB 0x000000008c600000| Untracked |  0
|  199|0x000000008c700000, 0x000000008c700000, 0x000000008c800000|  0%| F|  |TAMS 0x000000008c700000| PB 0x000000008c700000| Untracked |  0
|  200|0x000000008c800000, 0x000000008c800000, 0x000000008c900000|  0%| F|  |TAMS 0x000000008c800000| PB 0x000000008c800000| Untracked |  0
|  201|0x000000008c900000, 0x000000008c900000, 0x000000008ca00000|  0%| F|  |TAMS 0x000000008c900000| PB 0x000000008c900000| Untracked |  0
|  202|0x000000008ca00000, 0x000000008ca00000, 0x000000008cb00000|  0%| F|  |TAMS 0x000000008ca00000| PB 0x000000008ca00000| Untracked |  0
|  203|0x000000008cb00000, 0x000000008cb00000, 0x000000008cc00000|  0%| F|  |TAMS 0x000000008cb00000| PB 0x000000008cb00000| Untracked |  0
|  204|0x000000008cc00000, 0x000000008cc00000, 0x000000008cd00000|  0%| F|  |TAMS 0x000000008cc00000| PB 0x000000008cc00000| Untracked |  0
|  205|0x000000008cd00000, 0x000000008cd00000, 0x000000008ce00000|  0%| F|  |TAMS 0x000000008cd00000| PB 0x000000008cd00000| Untracked |  0
|  206|0x000000008ce00000, 0x000000008ce00000, 0x000000008cf00000|  0%| F|  |TAMS 0x000000008ce00000| PB 0x000000008ce00000| Untracked |  0
|  207|0x000000008cf00000, 0x000000008cf00000, 0x000000008d000000|  0%| F|  |TAMS 0x000000008cf00000| PB 0x000000008cf00000| Untracked |  0
|  208|0x000000008d000000, 0x000000008d000000, 0x000000008d100000|  0%| F|  |TAMS 0x000000008d000000| PB 0x000000008d000000| Untracked |  0
|  209|0x000000008d100000, 0x000000008d100000, 0x000000008d200000|  0%| F|  |TAMS 0x000000008d100000| PB 0x000000008d100000| Untracked |  0
|  210|0x000000008d200000, 0x000000008d200000, 0x000000008d300000|  0%| F|  |TAMS 0x000000008d200000| PB 0x000000008d200000| Untracked |  0
|  211|0x000000008d300000, 0x000000008d300000, 0x000000008d400000|  0%| F|  |TAMS 0x000000008d300000| PB 0x000000008d300000| Untracked |  0
|  212|0x000000008d400000, 0x000000008d400000, 0x000000008d500000|  0%| F|  |TAMS 0x000000008d400000| PB 0x000000008d400000| Untracked |  0
|  213|0x000000008d500000, 0x000000008d500000, 0x000000008d600000|  0%| F|  |TAMS 0x000000008d500000| PB 0x000000008d500000| Untracked |  0
|  214|0x000000008d600000, 0x000000008d600000, 0x000000008d700000|  0%| F|  |TAMS 0x000000008d600000| PB 0x000000008d600000| Untracked |  0
|  215|0x000000008d700000, 0x000000008d700000, 0x000000008d800000|  0%| F|  |TAMS 0x000000008d700000| PB 0x000000008d700000| Untracked |  0
|  216|0x000000008d800000, 0x000000008d800000, 0x000000008d900000|  0%| F|  |TAMS 0x000000008d800000| PB 0x000000008d800000| Untracked |  0
|  217|0x000000008d900000, 0x000000008d900000, 0x000000008da00000|  0%| F|  |TAMS 0x000000008d900000| PB 0x000000008d900000| Untracked |  0
|  218|0x000000008da00000, 0x000000008da00000, 0x000000008db00000|  0%| F|  |TAMS 0x000000008da00000| PB 0x000000008da00000| Untracked |  0
|  219|0x000000008db00000, 0x000000008db00000, 0x000000008dc00000|  0%| F|  |TAMS 0x000000008db00000| PB 0x000000008db00000| Untracked |  0
|  220|0x000000008dc00000, 0x000000008dc00000, 0x000000008dd00000|  0%| F|  |TAMS 0x000000008dc00000| PB 0x000000008dc00000| Untracked |  0
|  221|0x000000008dd00000, 0x000000008dd00000, 0x000000008de00000|  0%| F|  |TAMS 0x000000008dd00000| PB 0x000000008dd00000| Untracked |  0
|  222|0x000000008de00000, 0x000000008de00000, 0x000000008df00000|  0%| F|  |TAMS 0x000000008de00000| PB 0x000000008de00000| Untracked |  0
|  223|0x000000008df00000, 0x000000008df00000, 0x000000008e000000|  0%| F|  |TAMS 0x000000008df00000| PB 0x000000008df00000| Untracked |  0
|  224|0x000000008e000000, 0x000000008e000000, 0x000000008e100000|  0%| F|  |TAMS 0x000000008e000000| PB 0x000000008e000000| Untracked |  0
|  225|0x000000008e100000, 0x000000008e100000, 0x000000008e200000|  0%| F|  |TAMS 0x000000008e100000| PB 0x000000008e100000| Untracked |  0
|  226|0x000000008e200000, 0x000000008e200000, 0x000000008e300000|  0%| F|  |TAMS 0x000000008e200000| PB 0x000000008e200000| Untracked |  0
|  227|0x000000008e300000, 0x000000008e300000, 0x000000008e400000|  0%| F|  |TAMS 0x000000008e300000| PB 0x000000008e300000| Untracked |  0
|  228|0x000000008e400000, 0x000000008e400000, 0x000000008e500000|  0%| F|  |TAMS 0x000000008e400000| PB 0x000000008e400000| Untracked |  0
|  229|0x000000008e500000, 0x000000008e500000, 0x000000008e600000|  0%| F|  |TAMS 0x000000008e500000| PB 0x000000008e500000| Untracked |  0
|  230|0x000000008e600000, 0x000000008e600000, 0x000000008e700000|  0%| F|  |TAMS 0x000000008e600000| PB 0x000000008e600000| Untracked |  0
|  231|0x000000008e700000, 0x000000008e700000, 0x000000008e800000|  0%| F|  |TAMS 0x000000008e700000| PB 0x000000008e700000| Untracked |  0
|  232|0x000000008e800000, 0x000000008e800000, 0x000000008e900000|  0%| F|  |TAMS 0x000000008e800000| PB 0x000000008e800000| Untracked |  0
|  233|0x000000008e900000, 0x000000008e900000, 0x000000008ea00000|  0%| F|  |TAMS 0x000000008e900000| PB 0x000000008e900000| Untracked |  0
|  234|0x000000008ea00000, 0x000000008ea00000, 0x000000008eb00000|  0%| F|  |TAMS 0x000000008ea00000| PB 0x000000008ea00000| Untracked |  0
|  235|0x000000008eb00000, 0x000000008eb00000, 0x000000008ec00000|  0%| F|  |TAMS 0x000000008eb00000| PB 0x000000008eb00000| Untracked |  0
|  236|0x000000008ec00000, 0x000000008ec00000, 0x000000008ed00000|  0%| F|  |TAMS 0x000000008ec00000| PB 0x000000008ec00000| Untracked |  0
|  237|0x000000008ed00000, 0x000000008ed00000, 0x000000008ee00000|  0%| F|  |TAMS 0x000000008ed00000| PB 0x000000008ed00000| Untracked |  0
|  238|0x000000008ee00000, 0x000000008ee00000, 0x000000008ef00000|  0%| F|  |TAMS 0x000000008ee00000| PB 0x000000008ee00000| Untracked |  0
|  239|0x000000008ef00000, 0x000000008ef00000, 0x000000008f000000|  0%| F|  |TAMS 0x000000008ef00000| PB 0x000000008ef00000| Untracked |  0
|  240|0x000000008f000000, 0x000000008f000000, 0x000000008f100000|  0%| F|  |TAMS 0x000000008f000000| PB 0x000000008f000000| Untracked |  0
|  241|0x000000008f100000, 0x000000008f100000, 0x000000008f200000|  0%| F|  |TAMS 0x000000008f100000| PB 0x000000008f100000| Untracked |  0
|  242|0x000000008f200000, 0x000000008f200000, 0x000000008f300000|  0%| F|  |TAMS 0x000000008f200000| PB 0x000000008f200000| Untracked |  0
|  243|0x000000008f300000, 0x000000008f300000, 0x000000008f400000|  0%| F|  |TAMS 0x000000008f300000| PB 0x000000008f300000| Untracked |  0
|  244|0x000000008f400000, 0x000000008f400000, 0x000000008f500000|  0%| F|  |TAMS 0x000000008f400000| PB 0x000000008f400000| Untracked |  0
|  245|0x000000008f500000, 0x000000008f500000, 0x000000008f600000|  0%| F|  |TAMS 0x000000008f500000| PB 0x000000008f500000| Untracked |  0
|  246|0x000000008f600000, 0x000000008f600000, 0x000000008f700000|  0%| F|  |TAMS 0x000000008f600000| PB 0x000000008f600000| Untracked |  0
|  247|0x000000008f700000, 0x000000008f700000, 0x000000008f800000|  0%| F|  |TAMS 0x000000008f700000| PB 0x000000008f700000| Untracked |  0
|  248|0x000000008f800000, 0x000000008f800000, 0x000000008f900000|  0%| F|  |TAMS 0x000000008f800000| PB 0x000000008f800000| Untracked |  0
|  249|0x000000008f900000, 0x000000008f900000, 0x000000008fa00000|  0%| F|  |TAMS 0x000000008f900000| PB 0x000000008f900000| Untracked |  0
|  250|0x000000008fa00000, 0x000000008fa00000, 0x000000008fb00000|  0%| F|  |TAMS 0x000000008fa00000| PB 0x000000008fa00000| Untracked |  0
|  251|0x000000008fb00000, 0x000000008fb00000, 0x000000008fc00000|  0%| F|  |TAMS 0x000000008fb00000| PB 0x000000008fb00000| Untracked |  0
|  252|0x000000008fc00000, 0x000000008fc00000, 0x000000008fd00000|  0%| F|  |TAMS 0x000000008fc00000| PB 0x000000008fc00000| Untracked |  0
|  253|0x000000008fd00000, 0x000000008fd00000, 0x000000008fe00000|  0%| F|  |TAMS 0x000000008fd00000| PB 0x000000008fd00000| Untracked |  0
|  254|0x000000008fe00000, 0x000000008fe00000, 0x000000008ff00000|  0%| F|  |TAMS 0x000000008fe00000| PB 0x000000008fe00000| Untracked |  0
|  255|0x000000008ff00000, 0x000000008ff00000, 0x0000000090000000|  0%| F|  |TAMS 0x000000008ff00000| PB 0x000000008ff00000| Untracked |  0
|  256|0x0000000090000000, 0x0000000090000000, 0x0000000090100000|  0%| F|  |TAMS 0x0000000090000000| PB 0x0000000090000000| Untracked |  0
|  257|0x0000000090100000, 0x0000000090100000, 0x0000000090200000|  0%| F|  |TAMS 0x0000000090100000| PB 0x0000000090100000| Untracked |  0
|  258|0x0000000090200000, 0x0000000090200000, 0x0000000090300000|  0%| F|  |TAMS 0x0000000090200000| PB 0x0000000090200000| Untracked |  0
|  259|0x0000000090300000, 0x0000000090300000, 0x0000000090400000|  0%| F|  |TAMS 0x0000000090300000| PB 0x0000000090300000| Untracked |  0
|  260|0x0000000090400000, 0x0000000090400000, 0x0000000090500000|  0%| F|  |TAMS 0x0000000090400000| PB 0x0000000090400000| Untracked |  0
|  261|0x0000000090500000, 0x0000000090500000, 0x0000000090600000|  0%| F|  |TAMS 0x0000000090500000| PB 0x0000000090500000| Untracked |  0
|  262|0x0000000090600000, 0x0000000090600000, 0x0000000090700000|  0%| F|  |TAMS 0x0000000090600000| PB 0x0000000090600000| Untracked |  0
|  263|0x0000000090700000, 0x0000000090700000, 0x0000000090800000|  0%| F|  |TAMS 0x0000000090700000| PB 0x0000000090700000| Untracked |  0
|  264|0x0000000090800000, 0x0000000090800000, 0x0000000090900000|  0%| F|  |TAMS 0x0000000090800000| PB 0x0000000090800000| Untracked |  0
|  265|0x0000000090900000, 0x0000000090900000, 0x0000000090a00000|  0%| F|  |TAMS 0x0000000090900000| PB 0x0000000090900000| Untracked |  0
|  266|0x0000000090a00000, 0x0000000090a00000, 0x0000000090b00000|  0%| F|  |TAMS 0x0000000090a00000| PB 0x0000000090a00000| Untracked |  0
|  267|0x0000000090b00000, 0x0000000090b00000, 0x0000000090c00000|  0%| F|  |TAMS 0x0000000090b00000| PB 0x0000000090b00000| Untracked |  0
|  268|0x0000000090c00000, 0x0000000090c00000, 0x0000000090d00000|  0%| F|  |TAMS 0x0000000090c00000| PB 0x0000000090c00000| Untracked |  0
|  269|0x0000000090d00000, 0x0000000090d00000, 0x0000000090e00000|  0%| F|  |TAMS 0x0000000090d00000| PB 0x0000000090d00000| Untracked |  0
|  270|0x0000000090e00000, 0x0000000090e00000, 0x0000000090f00000|  0%| F|  |TAMS 0x0000000090e00000| PB 0x0000000090e00000| Untracked |  0
|  271|0x0000000090f00000, 0x0000000090f00000, 0x0000000091000000|  0%| F|  |TAMS 0x0000000090f00000| PB 0x0000000090f00000| Untracked |  0
|  272|0x0000000091000000, 0x0000000091000000, 0x0000000091100000|  0%| F|  |TAMS 0x0000000091000000| PB 0x0000000091000000| Untracked |  0
|  273|0x0000000091100000, 0x0000000091100000, 0x0000000091200000|  0%| F|  |TAMS 0x0000000091100000| PB 0x0000000091100000| Untracked |  0
|  274|0x0000000091200000, 0x0000000091200000, 0x0000000091300000|  0%| F|  |TAMS 0x0000000091200000| PB 0x0000000091200000| Untracked |  0
| 2034|0x00000000ff200000, 0x00000000ff300000, 0x00000000ff300000|100%| O|  |TAMS 0x00000000ff200000| PB 0x00000000ff200000| Untracked |  0
| 2035|0x00000000ff300000, 0x00000000ff300000, 0x00000000ff400000|  0%| F|  |TAMS 0x00000000ff300000| PB 0x00000000ff300000| Untracked |  0
| 2036|0x00000000ff400000, 0x00000000ff400000, 0x00000000ff500000|  0%| F|  |TAMS 0x00000000ff400000| PB 0x00000000ff400000| Untracked |  0
| 2037|0x00000000ff500000, 0x00000000ff500000, 0x00000000ff600000|  0%| F|  |TAMS 0x00000000ff500000| PB 0x00000000ff500000| Untracked |  0
| 2038|0x00000000ff600000, 0x00000000ff600000, 0x00000000ff700000|  0%| F|  |TAMS 0x00000000ff600000| PB 0x00000000ff600000| Untracked |  0
| 2039|0x00000000ff700000, 0x00000000ff700000, 0x00000000ff800000|  0%| F|  |TAMS 0x00000000ff700000| PB 0x00000000ff700000| Untracked |  0
| 2040|0x00000000ff800000, 0x00000000ff800000, 0x00000000ff900000|  0%| F|  |TAMS 0x00000000ff800000| PB 0x00000000ff800000| Untracked |  0
| 2041|0x00000000ff900000, 0x00000000ff900000, 0x00000000ffa00000|  0%| F|  |TAMS 0x00000000ff900000| PB 0x00000000ff900000| Untracked |  0
| 2042|0x00000000ffa00000, 0x00000000ffa00000, 0x00000000ffb00000|  0%| F|  |TAMS 0x00000000ffa00000| PB 0x00000000ffa00000| Untracked |  0
| 2043|0x00000000ffb00000, 0x00000000ffb00000, 0x00000000ffc00000|  0%| F|  |TAMS 0x00000000ffb00000| PB 0x00000000ffb00000| Untracked |  0
| 2044|0x00000000ffc00000, 0x00000000ffd00000, 0x00000000ffd00000|100%| O|  |TAMS 0x00000000ffc00000| PB 0x00000000ffc00000| Untracked |  0
| 2045|0x00000000ffd00000, 0x00000000ffe00000, 0x00000000ffe00000|100%| O|  |TAMS 0x00000000ffd00000| PB 0x00000000ffd00000| Untracked |  0
| 2046|0x00000000ffe00000, 0x00000000fff00000, 0x00000000fff00000|100%| O|  |TAMS 0x00000000ffe00000| PB 0x00000000ffe00000| Untracked |  0
| 2047|0x00000000fff00000, 0x00000000fff00000, 0x0000000100000000|  0%| F|  |TAMS 0x00000000fff00000| PB 0x00000000fff00000| Untracked |  0

Card table byte_map: [0x000001f7d4cf0000,0x000001f7d50f0000] _byte_map_base: 0x000001f7d48f0000
Refinement table byte_map: [0x000001f7d48f0000,0x000001f7d4cf0000] _byte_map_base: 0x000001f7d44f0000

Marking Bits: (CMBitMap*) 0x000001f7bc882560
 Bits: [0x000001f7d50f0000, 0x000001f7d70f0000)

Polling page: 0x000001f7ba740000

Metaspace:
Metaspace        used 127808K, committed 130240K, reserved 1179648K
 class space     used 17164K, committed 18304K, reserved 1048576K

Usage:
  Non-class:    108.05 MB used.
      Class:     16.76 MB used.
       Both:    124.81 MB used.

Virtual space:
  Non-class space:      128.00 MB reserved,     109.31 MB ( 85%) committed,  2 nodes.
      Class space:        1.00 GB reserved,      17.88 MB (  2%) committed,  1 nodes.
             Both:        1.12 GB reserved,     127.19 MB ( 11%) committed. 

Chunk freelists:
   Non-Class:  2.67 MB
       Class:  13.98 MB
        Both:  16.66 MB

MaxMetaspaceSize: unlimited
CompressedClassSpaceSize: 1.00 GB
Initial GC threshold: 21.00 MB
Current GC threshold: 211.50 MB
CDS: on
 - commit_granule_bytes: 65536.
 - commit_granule_words: 8192.
 - virtual_space_node_default_size: 8388608.
 - enlarge_chunks_in_place: 1.
UseCompressedClassPointers 1, UseCompactObjectHeaders 0
Narrow klass pointer bits 32, Max shift 3
Narrow klass base: 0x0000000037000000, Narrow klass shift: 0
Encoding Range: [0x0000000037000000 - 0x0000000137000000), (4294967296 bytes)
Klass Range:    [0x0000000037000000 - 0x0000000078000000), (1090519040 bytes)
Klass ID Range:  [8 - 1090519033) (1090519025)
Protection zone: [0x0000000037000000 - 0x0000000037010000), (65536 bytes)


Internal statistics:

num_allocs_failed_limit: 12.
num_arena_births: 4066.
num_arena_deaths: 0.
num_vsnodes_births: 3.
num_vsnodes_deaths: 0.
num_space_committed: 2034.
num_space_uncommitted: 0.
num_chunks_returned_to_freelist: 12.
num_chunks_taken_from_freelist: 9304.
num_chunk_merges: 12.
num_chunk_splits: 6627.
num_chunks_enlarged: 4779.
num_inconsistent_stats: 0.

CodeHeap 'non-profiled nmethods': size=120064Kb used=4890Kb max_used=5136Kb free=115174Kb
 bounds [0x000001f7ccfb0000, 0x000001f7cd4c0000, 0x000001f7d44f0000]
CodeHeap 'profiled nmethods': size=120000Kb used=20114Kb max_used=20647Kb free=99885Kb
 bounds [0x000001f7c54f0000, 0x000001f7c6920000, 0x000001f7cca20000]
CodeHeap 'non-nmethods': size=5696Kb used=2576Kb max_used=2787Kb free=3119Kb
 bounds [0x000001f7cca20000, 0x000001f7ccd00000, 0x000001f7ccfb0000]
CodeCache: size=245760Kb, used=27580Kb, max_used=28570Kb, free=218178Kb
 total_blobs=14552, nmethods=13432, adapters=1022, full_count=0
Compilation: enabled, stopped_count=0, restarted_count=0

Compilation events (20 events):
Event: 22.074 Thread 0x000001f7d96909e0 15164       1       org.jetbrains.kotlin.ir.builders.IrBuilder::getContext (5 bytes)
Event: 22.074 Thread 0x000001f7d96909e0 nmethod 15164 0x000001f7cd242f88 code [0x000001f7cd243080, 0x000001f7cd243138]
Event: 22.074 Thread 0x000001f7d96909e0 15165       1       org.jetbrains.kotlin.ir.expressions.impl.IrGetValueImpl::getStartOffset (5 bytes)
Event: 22.074 Thread 0x000001f7d96909e0 nmethod 15165 0x000001f7cd242c88 code [0x000001f7cd242d80, 0x000001f7cd242e38]
Event: 22.075 Thread 0x000001f7d96909e0 15166       2       org.jetbrains.kotlin.fir.java.JavaUtilsKt::createConstantOrError (167 bytes)
Event: 22.078 Thread 0x000001f7d96909e0 nmethod 15166 0x000001f7c5dd1a08 code [0x000001f7c5dd1b00, 0x000001f7c5dd2870]
Event: 22.078 Thread 0x000001f7d96909e0 15167       2       org.jetbrains.kotlin.ir.declarations.impl.IrExternalPackageFragmentImpl::<init> (64 bytes)
Event: 22.078 Thread 0x000001f7d96909e0 nmethod 15167 0x000001f7c5a45c88 code [0x000001f7c5a45d80, 0x000001f7c5a463d8]
Event: 22.078 Thread 0x000001f7d96909e0 15168       2       org.jetbrains.kotlin.ir.declarations.IrExternalPackageFragment::<init> (5 bytes)
Event: 22.079 Thread 0x000001f7d96909e0 nmethod 15168 0x000001f7c5a45988 code [0x000001f7c5a45a80, 0x000001f7c5a45b70]
Event: 22.079 Thread 0x000001f7d96909e0 15169       2       org.jetbrains.kotlin.fir.expressions.builder.FirArgumentListBuilder::<init> (19 bytes)
Event: 22.079 Thread 0x000001f7d96909e0 nmethod 15169 0x000001f7c5dd1688 code [0x000001f7c5dd1780, 0x000001f7c5dd1988]
Event: 22.079 Thread 0x000001f7d96909e0 15170       2       org.jetbrains.kotlin.fir.expressions.builder.FirArgumentListBuilder::build (19 bytes)
Event: 22.080 Thread 0x000001f7d96909e0 nmethod 15170 0x000001f7c5dd1188 code [0x000001f7c5dd1280, 0x000001f7c5dd1658]
Event: 22.080 Thread 0x000001f7d96909e0 15171       2       org.jetbrains.kotlin.fir.expressions.impl.FirArgumentListImpl::<init> (21 bytes)
Event: 22.080 Thread 0x000001f7d96909e0 nmethod 15171 0x000001f7c57f4508 code [0x000001f7c57f4600, 0x000001f7c57f4968]
Event: 22.081 Thread 0x000001f7d96909e0 15172       1       org.jetbrains.kotlin.fir.declarations.builder.FirPropertyAccessorBuilder::getValueParameters (5 bytes)
Event: 22.081 Thread 0x000001f7d96909e0 nmethod 15172 0x000001f7cd242988 code [0x000001f7cd242a80, 0x000001f7cd242b38]
Event: 22.081 Thread 0x000001f7d96909e0 15173       1       org.jetbrains.kotlin.fir.declarations.builder.FirPropertyAccessorBuilder::getAnnotations (5 bytes)
Event: 22.082 Thread 0x000001f7d96909e0 nmethod 15173 0x000001f7cd242688 code [0x000001f7cd242780, 0x000001f7cd242838]

GC Heap Usage History (20 events):
Event: 8.152 {heap After GC invocations=28 (full 0):
 garbage-first heap   total reserved 2097152K, committed 95232K, used 42956K [0x0000000080000000, 0x0000000100000000)
  region size 1M, 0 eden (0M), 7 survivor (7M), 30 old (30M), 5 humongous (5M), 51 free (51M)
}
Event: 8.807 {heap Before GC invocations=29 (full 0):
 garbage-first heap   total reserved 2097152K, committed 95232K, used 84940K [0x0000000080000000, 0x0000000100000000)
  region size 1M, 41 eden (41M), 7 survivor (7M), 30 old (30M), 5 humongous (5M), 10 free (10M)
}
Event: 8.816 {heap After GC invocations=30 (full 0):
 garbage-first heap   total reserved 2097152K, committed 285696K, used 45643K [0x0000000080000000, 0x0000000100000000)
  region size 1M, 0 eden (0M), 2 survivor (2M), 38 old (38M), 5 humongous (5M), 234 free (234M)
}
Event: 10.937 {heap Before GC invocations=30 (full 0):
 garbage-first heap   total reserved 2097152K, committed 285696K, used 213579K [0x0000000080000000, 0x0000000100000000)
  region size 1M, 165 eden (165M), 2 survivor (2M), 38 old (38M), 5 humongous (5M), 69 free (69M)
}
Event: 10.954 {heap After GC invocations=31 (full 0):
 garbage-first heap   total reserved 2097152K, committed 285696K, used 60344K [0x0000000080000000, 0x0000000100000000)
  region size 1M, 0 eden (0M), 16 survivor (16M), 38 old (38M), 5 humongous (5M), 220 free (220M)
}
Event: 11.573 {heap Before GC invocations=31 (full 0):
 garbage-first heap   total reserved 2097152K, committed 285696K, used 109496K [0x0000000080000000, 0x0000000100000000)
  region size 1M, 50 eden (50M), 16 survivor (16M), 38 old (38M), 5 humongous (5M), 170 free (170M)
}
Event: 11.588 {heap After GC invocations=32 (full 0):
 garbage-first heap   total reserved 2097152K, committed 285696K, used 64700K [0x0000000080000000, 0x0000000100000000)
  region size 1M, 0 eden (0M), 5 survivor (5M), 54 old (54M), 5 humongous (5M), 215 free (215M)
}
Event: 13.714 {heap Before GC invocations=33 (full 0):
 garbage-first heap   total reserved 2097152K, committed 285696K, used 230588K [0x0000000080000000, 0x0000000100000000)
  region size 1M, 162 eden (162M), 5 survivor (5M), 54 old (54M), 6 humongous (6M), 52 free (52M)
}
Event: 13.735 {heap After GC invocations=34 (full 0):
 garbage-first heap   total reserved 2097152K, committed 285696K, used 88576K [0x0000000080000000, 0x0000000100000000)
  region size 1M, 0 eden (0M), 21 survivor (21M), 60 old (60M), 6 humongous (6M), 192 free (192M)
}
Event: 16.189 {heap Before GC invocations=34 (full 0):
 garbage-first heap   total reserved 2097152K, committed 285696K, used 238080K [0x0000000080000000, 0x0000000100000000)
  region size 1M, 146 eden (146M), 21 survivor (21M), 60 old (60M), 6 humongous (6M), 46 free (46M)
}
Event: 16.213 {heap After GC invocations=35 (full 0):
 garbage-first heap   total reserved 2097152K, committed 285696K, used 95232K [0x0000000080000000, 0x0000000100000000)
  region size 1M, 0 eden (0M), 8 survivor (8M), 79 old (79M), 6 humongous (6M), 186 free (186M)
}
Event: 16.400 {heap Before GC invocations=35 (full 0):
 garbage-first heap   total reserved 2097152K, committed 285696K, used 144384K [0x0000000080000000, 0x0000000100000000)
  region size 1M, 49 eden (49M), 8 survivor (8M), 79 old (79M), 6 humongous (6M), 137 free (137M)
}
Event: 16.418 {heap After GC invocations=36 (full 0):
 garbage-first heap   total reserved 2097152K, committed 285696K, used 110080K [0x0000000080000000, 0x0000000100000000)
  region size 1M, 0 eden (0M), 20 survivor (20M), 82 old (82M), 6 humongous (6M), 171 free (171M)
}
Event: 17.996 {heap Before GC invocations=37 (full 0):
 garbage-first heap   total reserved 2097152K, committed 285696K, used 247296K [0x0000000080000000, 0x0000000100000000)
  region size 1M, 133 eden (133M), 20 survivor (20M), 82 old (82M), 7 humongous (7M), 37 free (37M)
}
Event: 18.033 {heap After GC invocations=38 (full 0):
 garbage-first heap   total reserved 2097152K, committed 295936K, used 138885K [0x0000000080000000, 0x0000000100000000)
  region size 1M, 0 eden (0M), 20 survivor (20M), 109 old (109M), 7 humongous (7M), 153 free (153M)
}
Event: 19.363 {heap Before GC invocations=38 (full 0):
 garbage-first heap   total reserved 2097152K, committed 295936K, used 250501K [0x0000000080000000, 0x0000000100000000)
  region size 1M, 109 eden (109M), 20 survivor (20M), 109 old (109M), 8 humongous (8M), 43 free (43M)
}
Event: 19.379 {heap After GC invocations=39 (full 0):
 garbage-first heap   total reserved 2097152K, committed 295936K, used 136192K [0x0000000080000000, 0x0000000100000000)
  region size 1M, 0 eden (0M), 5 survivor (5M), 122 old (122M), 7 humongous (7M), 155 free (155M)
}
Event: 21.162 {heap Before GC invocations=39 (full 0):
 garbage-first heap   total reserved 2097152K, committed 295936K, used 253952K [0x0000000080000000, 0x0000000100000000)
  region size 1M, 116 eden (116M), 5 survivor (5M), 122 old (122M), 7 humongous (7M), 39 free (39M)
}
Event: 21.176 {heap After GC invocations=40 (full 0):
 garbage-first heap   total reserved 2097152K, committed 295936K, used 148992K [0x0000000080000000, 0x0000000100000000)
  region size 1M, 0 eden (0M), 16 survivor (16M), 123 old (123M), 7 humongous (7M), 143 free (143M)
}
Event: 22.088 {heap Before GC invocations=41 (full 0):
 garbage-first heap   total reserved 2097152K, committed 295936K, used 220672K [0x0000000080000000, 0x0000000100000000)
  region size 1M, 106 eden (106M), 16 survivor (16M), 88 old (88M), 7 humongous (7M), 72 free (72M)
}

Metaspace Usage History (20 events):
Event: 8.152 {metaspace After GC invocations=28 (full 0):
 Metaspace       used 49929K, committed 51904K, reserved 1114112K
  class space    used 7432K, committed 8320K, reserved 1048576K
}
Event: 8.807 {metaspace Before GC invocations=29 (full 0):
 Metaspace       used 56594K, committed 58560K, reserved 1114112K
  class space    used 8798K, committed 9728K, reserved 1048576K
}
Event: 8.816 {metaspace After GC invocations=30 (full 0):
 Metaspace       used 56594K, committed 58560K, reserved 1114112K
  class space    used 8798K, committed 9728K, reserved 1048576K
}
Event: 10.937 {metaspace Before GC invocations=30 (full 0):
 Metaspace       used 77502K, committed 79552K, reserved 1179648K
  class space    used 11148K, committed 12096K, reserved 1048576K
}
Event: 10.954 {metaspace After GC invocations=31 (full 0):
 Metaspace       used 77502K, committed 79552K, reserved 1179648K
  class space    used 11148K, committed 12096K, reserved 1048576K
}
Event: 11.573 {metaspace Before GC invocations=31 (full 0):
 Metaspace       used 84704K, committed 86720K, reserved 1179648K
  class space    used 11918K, committed 12864K, reserved 1048576K
}
Event: 11.588 {metaspace After GC invocations=32 (full 0):
 Metaspace       used 84704K, committed 86720K, reserved 1179648K
  class space    used 11918K, committed 12864K, reserved 1048576K
}
Event: 13.714 {metaspace Before GC invocations=33 (full 0):
 Metaspace       used 99601K, committed 101696K, reserved 1179648K
  class space    used 13616K, committed 14592K, reserved 1048576K
}
Event: 13.735 {metaspace After GC invocations=34 (full 0):
 Metaspace       used 99601K, committed 101696K, reserved 1179648K
  class space    used 13616K, committed 14592K, reserved 1048576K
}
Event: 16.189 {metaspace Before GC invocations=34 (full 0):
 Metaspace       used 118420K, committed 120576K, reserved 1179648K
  class space    used 15981K, committed 16960K, reserved 1048576K
}
Event: 16.213 {metaspace After GC invocations=35 (full 0):
 Metaspace       used 118420K, committed 120576K, reserved 1179648K
  class space    used 15981K, committed 16960K, reserved 1048576K
}
Event: 16.400 {metaspace Before GC invocations=35 (full 0):
 Metaspace       used 118647K, committed 120832K, reserved 1179648K
  class space    used 15988K, committed 17024K, reserved 1048576K
}
Event: 16.418 {metaspace After GC invocations=36 (full 0):
 Metaspace       used 118647K, committed 120832K, reserved 1179648K
  class space    used 15988K, committed 17024K, reserved 1048576K
}
Event: 17.996 {metaspace Before GC invocations=37 (full 0):
 Metaspace       used 125406K, committed 127744K, reserved 1179648K
  class space    used 17006K, committed 18112K, reserved 1048576K
}
Event: 18.033 {metaspace After GC invocations=38 (full 0):
 Metaspace       used 125406K, committed 127744K, reserved 1179648K
  class space    used 17006K, committed 18112K, reserved 1048576K
}
Event: 19.363 {metaspace Before GC invocations=38 (full 0):
 Metaspace       used 127024K, committed 129408K, reserved 1179648K
  class space    used 17128K, committed 18240K, reserved 1048576K
}
Event: 19.379 {metaspace After GC invocations=39 (full 0):
 Metaspace       used 127024K, committed 129408K, reserved 1179648K
  class space    used 17128K, committed 18240K, reserved 1048576K
}
Event: 21.162 {metaspace Before GC invocations=39 (full 0):
 Metaspace       used 127538K, committed 129920K, reserved 1179648K
  class space    used 17164K, committed 18304K, reserved 1048576K
}
Event: 21.176 {metaspace After GC invocations=40 (full 0):
 Metaspace       used 127538K, committed 129920K, reserved 1179648K
  class space    used 17164K, committed 18304K, reserved 1048576K
}
Event: 22.088 {metaspace Before GC invocations=41 (full 0):
 Metaspace       used 127808K, committed 130240K, reserved 1179648K
  class space    used 17164K, committed 18304K, reserved 1048576K
}

Dll operation events (20 events):
Event: 0.098 Attempting to load shared library C:\Program Files\Java\jdk-26\bin\nio.dll
Event: 0.100 Loaded shared library C:\Program Files\Java\jdk-26\bin\nio.dll
Event: 0.103 Attempting to load shared library C:\Program Files\Java\jdk-26\bin\zip.dll
Event: 0.103 Loaded shared library C:\Program Files\Java\jdk-26\bin\zip.dll
Event: 0.451 Attempting to load shared library C:\Program Files\Java\jdk-26\bin\jimage.dll
Event: 0.451 Loaded shared library C:\Program Files\Java\jdk-26\bin\jimage.dll
Event: 0.894 Attempting to load shared library C:\Program Files\Java\jdk-26\bin\verify.dll
Event: 0.895 Loaded shared library C:\Program Files\Java\jdk-26\bin\verify.dll
Event: 0.929 Attempting to load shared library C:\Users\MEIRE\.gradle\native\660c5614fbf4a5f2a75b1949f50a0caf5cd603558e7d8a26e50b933a0cfb79d1\windows-amd64\native-platform.dll
Event: 0.931 Loaded shared library C:\Users\MEIRE\.gradle\native\660c5614fbf4a5f2a75b1949f50a0caf5cd603558e7d8a26e50b933a0cfb79d1\windows-amd64\native-platform.dll
Event: 0.947 Attempting to load shared library C:\Users\MEIRE\.gradle\native\0.2.8\x86_64-windows-gnu\gradle-fileevents.dll
Event: 0.952 Loaded shared library C:\Users\MEIRE\.gradle\native\0.2.8\x86_64-windows-gnu\gradle-fileevents.dll
Event: 2.061 Attempting to load shared library C:\Program Files\Java\jdk-26\bin\management.dll
Event: 2.062 Loaded shared library C:\Program Files\Java\jdk-26\bin\management.dll
Event: 2.066 Attempting to load shared library C:\Program Files\Java\jdk-26\bin\management_ext.dll
Event: 2.067 Loaded shared library C:\Program Files\Java\jdk-26\bin\management_ext.dll
Event: 2.265 Attempting to load shared library C:\Program Files\Java\jdk-26\bin\extnet.dll
Event: 2.266 Loaded shared library C:\Program Files\Java\jdk-26\bin\extnet.dll
Event: 2.537 Attempting to load shared library C:\Program Files\Java\jdk-26\bin\sunmscapi.dll
Event: 2.539 Loaded shared library C:\Program Files\Java\jdk-26\bin\sunmscapi.dll

Deoptimization events (20 events):
Event: 21.552 Thread 0x000001f7dff70800 DEOPT PACKING pc=0x000001f7c63c1cdf sp=0x000000e2fa2f3a80
Event: 21.553 Thread 0x000001f7dff70800 DEOPT UNPACKING pc=0x000001f7cca715a2 sp=0x000000e2fa2f3050 mode 0
Event: 21.607 Thread 0x000001f7dff70800 DEOPT PACKING pc=0x000001f7c5e6a0f0 sp=0x000000e2fa2f3a20
Event: 21.607 Thread 0x000001f7dff70800 DEOPT UNPACKING pc=0x000001f7cca715a2 sp=0x000000e2fa2f2eb8 mode 0
Event: 21.639 Thread 0x000001f7dff70800 DEOPT PACKING pc=0x000001f7c5e6a0f0 sp=0x000000e2fa2f3a20
Event: 21.639 Thread 0x000001f7dff70800 DEOPT UNPACKING pc=0x000001f7cca715a2 sp=0x000000e2fa2f2eb8 mode 0
Event: 21.643 Thread 0x000001f7dff70800 DEOPT PACKING pc=0x000001f7c5e6a0f0 sp=0x000000e2fa2f3a20
Event: 21.643 Thread 0x000001f7dff70800 DEOPT UNPACKING pc=0x000001f7cca715a2 sp=0x000000e2fa2f2eb8 mode 0
Event: 21.673 Thread 0x000001f7dff70800 DEOPT PACKING pc=0x000001f7c5e6a0f0 sp=0x000000e2fa2f1fb0
Event: 21.673 Thread 0x000001f7dff70800 DEOPT UNPACKING pc=0x000001f7cca715a2 sp=0x000000e2fa2f1448 mode 0
Event: 21.687 Thread 0x000001f7dff70800 Uncommon trap: trap_request=0xffffff45 fr.pc=0x000001f7cd305434 relative=0x00000000000007b4
Event: 21.687 Thread 0x000001f7dff70800 Uncommon trap: reason=unstable_if action=reinterpret pc=0x000001f7cd305434 method=org.jetbrains.kotlin.it.unimi.dsi.fastutil.objects.ObjectOpenHashSet.add(Ljava/lang/Object;)Z @ 82 c2
Event: 21.687 Thread 0x000001f7dff70800 DEOPT PACKING pc=0x000001f7cd305434 sp=0x000000e2fa2f2390
Event: 21.687 Thread 0x000001f7dff70800 DEOPT UNPACKING pc=0x000001f7ccb51882 sp=0x000000e2fa2f2328 mode 2
Event: 21.719 Thread 0x000001f7dff70800 DEOPT PACKING pc=0x000001f7c5e6a0f0 sp=0x000000e2fa2ee7a0
Event: 21.719 Thread 0x000001f7dff70800 DEOPT UNPACKING pc=0x000001f7cca715a2 sp=0x000000e2fa2edc38 mode 0
Event: 21.773 Thread 0x000001f7dff70800 DEOPT PACKING pc=0x000001f7c5e6a0f0 sp=0x000000e2fa2ec500
Event: 21.773 Thread 0x000001f7dff70800 DEOPT UNPACKING pc=0x000001f7cca715a2 sp=0x000000e2fa2eb998 mode 0
Event: 21.973 Thread 0x000001f7dff70800 DEOPT PACKING pc=0x000001f7c5e6a0f0 sp=0x000000e2fa2f2040
Event: 21.973 Thread 0x000001f7dff70800 DEOPT UNPACKING pc=0x000001f7cca715a2 sp=0x000000e2fa2f14d8 mode 0

Classes loaded (20 events):
Event: 20.840 Loading class java/io/FileBeanInfo
Event: 20.840 Loading class java/io/FileBeanInfo done
Event: 20.841 Loading class java/io/FileBeanInfo
Event: 20.841 Loading class java/io/FileBeanInfo done
Event: 20.841 Loading class java/io/FileCustomizer
Event: 20.841 Loading class java/io/FileCustomizer done
Event: 20.841 Loading class java/io/FileCustomizer
Event: 20.841 Loading class java/io/FileCustomizer done
Event: 20.895 Loading class java/util/AbstractCollectionBeanInfo
Event: 20.895 Loading class java/util/AbstractCollectionBeanInfo done
Event: 20.895 Loading class java/util/AbstractCollectionBeanInfo
Event: 20.895 Loading class java/util/AbstractCollectionBeanInfo done
Event: 20.895 Loading class java/util/AbstractCollectionCustomizer
Event: 20.895 Loading class java/util/AbstractCollectionCustomizer done
Event: 20.895 Loading class java/util/AbstractCollectionCustomizer
Event: 20.895 Loading class java/util/AbstractCollectionCustomizer done
Event: 20.923 Loading class java/util/stream/SortedOps$RefSortingSink
Event: 20.923 Loading class java/util/stream/SortedOps$RefSortingSink done
Event: 20.930 Loading class java/time/Ser
Event: 20.930 Loading class java/time/Ser done

Classes unloaded (0 events):
No events

Classes redefined (0 events):
No events

Internal exceptions (20 events):
Event: 20.895 Thread 0x000001f7dff70800 Exception <a 'java/lang/ClassNotFoundException'{0x000000008c4853f8}: org/gradle/api/internal/DefaultDomainObjectCollectionBeanInfo> (0x000000008c4853f8) 
thrown [s\open\src\hotspot\share\classfile\systemDictionary.cpp, line 329]
Event: 20.895 Thread 0x000001f7dff70800 Exception <a 'java/lang/ClassNotFoundException'{0x000000008c48bab0}: java/util/AbstractCollectionBeanInfo> (0x000000008c48bab0) 
thrown [s\open\src\hotspot\share\classfile\systemDictionary.cpp, line 329]
Event: 20.895 Thread 0x000001f7dff70800 Exception <a 'java/lang/ClassNotFoundException'{0x000000008c492130}: java/util/AbstractCollectionCustomizer> (0x000000008c492130) 
thrown [s\open\src\hotspot\share\classfile\systemDictionary.cpp, line 329]
Event: 20.897 Thread 0x000001f7dff70800 Exception <a 'java/lang/ClassNotFoundException'{0x000000008c4ae250}: org/gradle/api/internal/DefaultDomainObjectCollectionCustomizer> (0x000000008c4ae250) 
thrown [s\open\src\hotspot\share\classfile\systemDictionary.cpp, line 329]
Event: 20.901 Thread 0x000001f7dff70800 Exception <a 'java/lang/ClassNotFoundException'{0x000000008c4ef690}: org/gradle/api/internal/DefaultNamedDomainObjectCollectionCustomizer> (0x000000008c4ef690) 
thrown [s\open\src\hotspot\share\classfile\systemDictionary.cpp, line 329]
Event: 20.905 Thread 0x000001f7dff70800 Exception <a 'java/lang/ClassNotFoundException'{0x000000008c33d790}: org/gradle/api/internal/DefaultNamedDomainObjectSetCustomizer> (0x000000008c33d790) 
thrown [s\open\src\hotspot\share\classfile\systemDictionary.cpp, line 329]
Event: 20.909 Thread 0x000001f7dff70800 Exception <a 'java/lang/ClassNotFoundException'{0x000000008c3b53b8}: org/gradle/api/internal/tasks/DefaultTaskCollectionCustomizer> (0x000000008c3b53b8) 
thrown [s\open\src\hotspot\share\classfile\systemDictionary.cpp, line 329]
Event: 20.912 Thread 0x000001f7dff70800 Exception <a 'java/lang/ClassNotFoundException'{0x000000008c24ab80}: org/gradle/api/internal/tasks/DefaultTaskCollection_DecoratedCustomizer> (0x000000008c24ab80) 
thrown [s\open\src\hotspot\share\classfile\systemDictionary.cpp, line 329]
Event: 20.926 Thread 0x000001f7dffa6b20 Exception <a 'java/lang/NoSuchMethodError'{0x000000008c104758}: static Lorg/gradle/internal/build/event/types/DefaultOperationFinishedProgressEvent;.<clinit>()V> (0x000000008c104758) 
thrown [s\open\src\hotspot\share\prims\jni.cpp, line 1104]
Event: 20.927 Thread 0x000001f7dffa6b20 Exception <a 'java/lang/NoSuchMethodError'{0x000000008c11f2f8}: static Lorg/gradle/internal/build/event/types/DefaultProjectConfigurationSuccessResult;.<clinit>()V> (0x000000008c11f2f8) 
thrown [s\open\src\hotspot\share\prims\jni.cpp, line 1104]
Event: 20.927 Thread 0x000001f7dffa6b20 Exception <a 'java/lang/NoSuchMethodError'{0x000000008c1206c0}: static Lorg/gradle/internal/build/event/types/AbstractProjectConfigurationResult;.<clinit>()V> (0x000000008c1206c0) 
thrown [s\open\src\hotspot\share\prims\jni.cpp, line 1104]
Event: 20.927 Thread 0x000001f7dffa6b20 Exception <a 'java/lang/NoSuchMethodError'{0x000000008c121f58}: static Lorg/gradle/internal/build/event/types/AbstractOperationResult;.<clinit>()V> (0x000000008c121f58) 
thrown [s\open\src\hotspot\share\prims\jni.cpp, line 1104]
Event: 20.927 Thread 0x000001f7dffa6b20 Exception <a 'java/lang/NoSuchMethodError'{0x000000008c123218}: static Lorg/gradle/internal/build/event/types/AbstractResult;.<clinit>()V> (0x000000008c123218) 
thrown [s\open\src\hotspot\share\prims\jni.cpp, line 1104]
Event: 20.929 Thread 0x000001f7dffa6b20 Exception <a 'java/lang/NoSuchMethodError'{0x000000008c133018}: static Lorg/gradle/internal/build/event/types/DefaultPluginApplicationResult;.<clinit>()V> (0x000000008c133018) 
thrown [s\open\src\hotspot\share\prims\jni.cpp, line 1104]
Event: 20.929 Thread 0x000001f7dffa6b20 Exception <a 'java/lang/NoSuchMethodError'{0x000000008c13b678}: static Lorg/gradle/internal/build/event/types/DefaultBinaryPluginIdentifier;.<clinit>()V> (0x000000008c13b678) 
thrown [s\open\src\hotspot\share\prims\jni.cpp, line 1104]
Event: 20.931 Thread 0x000001f7dffa6b20 Exception <a 'java/lang/NoSuchMethodError'{0x000000008c1cd730}: static Lorg/gradle/internal/build/event/types/DefaultScriptPluginIdentifier;.<clinit>()V> (0x000000008c1cd730) 
thrown [s\open\src\hotspot\share\prims\jni.cpp, line 1104]
Event: 20.987 Thread 0x000001f7dff70800 Exception <a 'sun/nio/fs/WindowsException'{0x000000008bf94690}> (0x000000008bf94690) 
thrown [s\open\src\hotspot\share\prims\jni.cpp, line 514]
Event: 20.991 Thread 0x000001f7dff70800 Exception <a 'java/io/FileNotFoundException'{0x000000008bf99a78}> (0x000000008bf99a78) 
thrown [s\open\src\hotspot\share\prims\jni.cpp, line 514]
Event: 21.007 Thread 0x000001f7dff70800 Exception <a 'sun/nio/fs/WindowsException'{0x000000008bff2da8}> (0x000000008bff2da8) 
thrown [s\open\src\hotspot\share\prims\jni.cpp, line 514]
Event: 21.008 Thread 0x000001f7dff70800 Exception <a 'sun/nio/fs/WindowsException'{0x000000008bff4b48}> (0x000000008bff4b48) 
thrown [s\open\src\hotspot\share\prims\jni.cpp, line 514]

VM Operations (20 events):
Event: 17.518 Executing non-safepoint VM operation: HandshakeAllThreads (Deoptimize) done
Event: 17.605 Executing non-safepoint VM operation: HandshakeAllThreads (Deoptimize)
Event: 17.606 Executing non-safepoint VM operation: HandshakeAllThreads (Deoptimize) done
Event: 17.610 Executing non-safepoint VM operation: HandshakeAllThreads (Deoptimize)
Event: 17.610 Executing non-safepoint VM operation: HandshakeAllThreads (Deoptimize) done
Event: 17.996 Executing safepoint VM operation: G1CollectForAllocation (G1 Evacuation Pause)
Event: 18.033 Executing safepoint VM operation: G1CollectForAllocation (G1 Evacuation Pause) done
Event: 18.657 Executing non-safepoint VM operation: HandshakeAllThreads (Deoptimize)
Event: 18.657 Executing non-safepoint VM operation: HandshakeAllThreads (Deoptimize) done
Event: 19.068 Executing non-safepoint VM operation: HandshakeAllThreads (Deoptimize)
Event: 19.068 Executing non-safepoint VM operation: HandshakeAllThreads (Deoptimize) done
Event: 19.363 Executing safepoint VM operation: G1CollectForAllocation (G1 Evacuation Pause)
Event: 19.379 Executing safepoint VM operation: G1CollectForAllocation (G1 Evacuation Pause) done
Event: 21.162 Executing safepoint VM operation: G1CollectForAllocation (G1 Evacuation Pause)
Event: 21.176 Executing safepoint VM operation: G1CollectForAllocation (G1 Evacuation Pause) done
Event: 21.312 Executing safepoint VM operation: G1PauseRemark
Event: 21.322 Executing safepoint VM operation: G1PauseRemark done
Event: 21.364 Executing safepoint VM operation: G1PauseCleanup
Event: 21.365 Executing safepoint VM operation: G1PauseCleanup done
Event: 22.088 Executing safepoint VM operation: G1CollectForAllocation (G1 Evacuation Pause)

Memory protections (0 events):
No events

Nmethod flushes (20 events):
Event: 21.320 Thread 0x000001f7bc8e71f0 flushing  nmethod 0x000001f7c5e51108
Event: 21.320 Thread 0x000001f7bc8e71f0 flushing  nmethod 0x000001f7c5e52d88
Event: 21.320 Thread 0x000001f7bc8e71f0 flushing  nmethod 0x000001f7c5e53588
Event: 21.320 Thread 0x000001f7bc8e71f0 flushing  nmethod 0x000001f7c5e55088
Event: 21.320 Thread 0x000001f7bc8e71f0 flushing  nmethod 0x000001f7c5e6a208
Event: 21.320 Thread 0x000001f7bc8e71f0 flushing  nmethod 0x000001f7c5e6a608
Event: 21.320 Thread 0x000001f7bc8e71f0 flushing  nmethod 0x000001f7c5e6b708
Event: 21.320 Thread 0x000001f7bc8e71f0 flushing  nmethod 0x000001f7c5e6c608
Event: 21.320 Thread 0x000001f7bc8e71f0 flushing  nmethod 0x000001f7c5e6df88
Event: 21.320 Thread 0x000001f7bc8e71f0 flushing  nmethod 0x000001f7c5e6e988
Event: 21.320 Thread 0x000001f7bc8e71f0 flushing  nmethod 0x000001f7c5e6fa88
Event: 21.320 Thread 0x000001f7bc8e71f0 flushing  nmethod 0x000001f7c5ec1f88
Event: 21.320 Thread 0x000001f7bc8e71f0 flushing  nmethod 0x000001f7c5f50408
Event: 21.320 Thread 0x000001f7bc8e71f0 flushing  nmethod 0x000001f7c5fb9f08
Event: 21.320 Thread 0x000001f7bc8e71f0 flushing  nmethod 0x000001f7c5fe8b88
Event: 21.320 Thread 0x000001f7bc8e71f0 flushing  nmethod 0x000001f7c6011c88
Event: 21.320 Thread 0x000001f7bc8e71f0 flushing  nmethod 0x000001f7c6044408
Event: 21.320 Thread 0x000001f7bc8e71f0 flushing  nmethod 0x000001f7c6152c88
Event: 21.320 Thread 0x000001f7bc8e71f0 flushing  nmethod 0x000001f7c61bbc08
Event: 21.320 Thread 0x000001f7bc8e71f0 flushing  nmethod 0x000001f7c62ea988

Events (20 events):
Event: 7.466 Thread 0x000001f7dff70800 Thread added: 0x000001f7e35d2ad0
Event: 7.794 Thread 0x000001f7dff70800 Thread added: 0x000001f7e35d0b90
Event: 8.833 Thread 0x000001f7d9805210 Thread exited: 0x000001f7d9805210
Event: 9.687 Thread 0x000001f7d96909e0 Thread added: 0x000001f7e2045ef0
Event: 10.319 Thread 0x000001f7e2045ef0 Thread exited: 0x000001f7e2045ef0
Event: 10.608 Thread 0x000001f7bc90c460 Thread added: 0x000001f7e2046f10
Event: 10.859 Thread 0x000001f7e2046f10 Thread exited: 0x000001f7e2046f10
Event: 11.566 Thread 0x000001f7d96909e0 Thread added: 0x000001f7e2044ed0
Event: 11.782 Thread 0x000001f7e2044ed0 Thread exited: 0x000001f7e2044ed0
Event: 11.841 Thread 0x000001f7d96909e0 Thread added: 0x000001f7e2044ed0
Event: 12.105 Thread 0x000001f7e2044ed0 Thread exited: 0x000001f7e2044ed0
Event: 12.632 Thread 0x000001f7d96909e0 Thread added: 0x000001f7e203f620
Event: 13.323 Thread 0x000001f7e203f620 Thread exited: 0x000001f7e203f620
Event: 13.368 Thread 0x000001f7d96909e0 Thread added: 0x000001f7e2044ed0
Event: 13.578 Thread 0x000001f7e2044ed0 Thread exited: 0x000001f7e2044ed0
Event: 13.655 Thread 0x000001f7d96909e0 Thread added: 0x000001f7e2047f30
Event: 15.104 Thread 0x000001f7e2047f30 Thread exited: 0x000001f7e2047f30
Event: 15.621 Thread 0x000001f7d96909e0 Thread added: 0x000001f7e2048f50
Event: 16.160 Thread 0x000001f7e2048f50 Thread exited: 0x000001f7e2048f50
Event: 17.235 Thread 0x000001f7dff70800 Thread added: 0x000001f7e51ce900


Dynamic libraries:
0x00007ff717980000 - 0x00007ff717990000 	C:\Program Files\Java\jdk-26\bin\java.exe
0x00007ffc47150000 - 0x00007ffc47348000 	C:\WINDOWS\SYSTEM32\ntdll.dll
0x00007ffc46960000 - 0x00007ffc46a22000 	C:\WINDOWS\System32\KERNEL32.DLL
0x00007ffc44d90000 - 0x00007ffc45086000 	C:\WINDOWS\System32\KERNELBASE.dll
0x00007ffc447e0000 - 0x00007ffc448e0000 	C:\WINDOWS\System32\ucrtbase.dll
0x00007ffc39ae0000 - 0x00007ffc39afe000 	C:\Program Files\Java\jdk-26\bin\VCRUNTIME140.dll
0x00007ffc3cca0000 - 0x00007ffc3ccb7000 	C:\Program Files\Java\jdk-26\bin\jli.dll
0x00007ffc45e20000 - 0x00007ffc45fc1000 	C:\WINDOWS\System32\USER32.dll
0x00007ffc32c40000 - 0x00007ffc32edb000 	C:\WINDOWS\WinSxS\amd64_microsoft.windows.common-controls_6595b64144ccf1df_6.0.19041.6456_none_60b8a6cb71f64256\COMCTL32.dll
0x00007ffc450c0000 - 0x00007ffc450e2000 	C:\WINDOWS\System32\win32u.dll
0x00007ffc47070000 - 0x00007ffc4710e000 	C:\WINDOWS\System32\msvcrt.dll
0x00007ffc46f30000 - 0x00007ffc46f5b000 	C:\WINDOWS\System32\GDI32.dll
0x00007ffc44c70000 - 0x00007ffc44d89000 	C:\WINDOWS\System32\gdi32full.dll
0x00007ffc44ad0000 - 0x00007ffc44b6d000 	C:\WINDOWS\System32\msvcp_win.dll
0x00007ffc461e0000 - 0x00007ffc4620f000 	C:\WINDOWS\System32\IMM32.DLL
0x00007ffc3e650000 - 0x00007ffc3e65c000 	C:\Program Files\Java\jdk-26\bin\vcruntime140_1.dll
0x00007ffc0c270000 - 0x00007ffc0c2fd000 	C:\Program Files\Java\jdk-26\bin\msvcp140.dll
0x00007ffbbd6b0000 - 0x00007ffbbe57e000 	C:\Program Files\Java\jdk-26\bin\server\jvm.dll
0x00007ffc46340000 - 0x00007ffc463f1000 	C:\WINDOWS\System32\ADVAPI32.dll
0x00007ffc46a30000 - 0x00007ffc46acf000 	C:\WINDOWS\System32\sechost.dll
0x00007ffc45170000 - 0x00007ffc45290000 	C:\WINDOWS\System32\RPCRT4.dll
0x00007ffc45090000 - 0x00007ffc450b7000 	C:\WINDOWS\System32\bcrypt.dll
0x00007ffc46210000 - 0x00007ffc4627b000 	C:\WINDOWS\System32\WS2_32.dll
0x00007ffc2cea0000 - 0x00007ffc2cec7000 	C:\WINDOWS\SYSTEM32\WINMM.dll
0x00007ffc44640000 - 0x00007ffc4468b000 	C:\WINDOWS\SYSTEM32\POWRPROF.dll
0x00007ffc3c1b0000 - 0x00007ffc3c1ba000 	C:\WINDOWS\SYSTEM32\VERSION.dll
0x00007ffc44620000 - 0x00007ffc44632000 	C:\WINDOWS\SYSTEM32\UMPDC.dll
0x00007ffc43020000 - 0x00007ffc43032000 	C:\WINDOWS\SYSTEM32\kernel.appcore.dll
0x00007ffc39ad0000 - 0x00007ffc39ada000 	C:\Program Files\Java\jdk-26\bin\jimage.dll
0x00007ffc42b20000 - 0x00007ffc42d21000 	C:\WINDOWS\SYSTEM32\DBGHELP.DLL
0x00007ffc2c9d0000 - 0x00007ffc2ca04000 	C:\WINDOWS\SYSTEM32\dbgcore.DLL
0x00007ffc44a40000 - 0x00007ffc44ac2000 	C:\WINDOWS\System32\bcryptPrimitives.dll
0x00007ffc39ac0000 - 0x00007ffc39ad0000 	C:\Program Files\Java\jdk-26\bin\instrument.dll
0x00007ffc39aa0000 - 0x00007ffc39abf000 	C:\Program Files\Java\jdk-26\bin\java.dll
0x00007ffc460b0000 - 0x00007ffc461db000 	C:\WINDOWS\System32\ole32.dll
0x00007ffc45350000 - 0x00007ffc456a4000 	C:\WINDOWS\System32\combase.dll
0x00007ffc456b0000 - 0x00007ffc45e20000 	C:\WINDOWS\System32\SHELL32.dll
0x00007ffc422a0000 - 0x00007ffc42a45000 	C:\WINDOWS\SYSTEM32\windows.storage.dll
0x00007ffc441a0000 - 0x00007ffc441cb000 	C:\WINDOWS\SYSTEM32\Wldp.dll
0x00007ffc46af0000 - 0x00007ffc46bbd000 	C:\WINDOWS\System32\OLEAUT32.dll
0x00007ffc46280000 - 0x00007ffc4632d000 	C:\WINDOWS\System32\SHCORE.dll
0x00007ffc46900000 - 0x00007ffc4695b000 	C:\WINDOWS\System32\shlwapi.dll
0x00007ffc44710000 - 0x00007ffc44734000 	C:\WINDOWS\SYSTEM32\profapi.dll
0x00007ffc33df0000 - 0x00007ffc33e07000 	C:\Program Files\Java\jdk-26\bin\zip.dll
0x00007ffc33dd0000 - 0x00007ffc33de2000 	C:\Program Files\Java\jdk-26\bin\net.dll
0x00007ffc43e90000 - 0x00007ffc43efa000 	C:\WINDOWS\system32\mswsock.dll
0x00007ffc33db0000 - 0x00007ffc33dc6000 	C:\Program Files\Java\jdk-26\bin\nio.dll
0x00007ffc39a90000 - 0x00007ffc39aa0000 	C:\Program Files\Java\jdk-26\bin\verify.dll
0x00007ffc2c1f0000 - 0x00007ffc2c217000 	C:\Users\MEIRE\.gradle\native\660c5614fbf4a5f2a75b1949f50a0caf5cd603558e7d8a26e50b933a0cfb79d1\windows-amd64\native-platform.dll
0x00007ffc293e0000 - 0x00007ffc29457000 	C:\Users\MEIRE\.gradle\native\0.2.8\x86_64-windows-gnu\gradle-fileevents.dll
0x00007ffc399e0000 - 0x00007ffc399ea000 	C:\Program Files\Java\jdk-26\bin\management.dll
0x00007ffc39680000 - 0x00007ffc3968c000 	C:\Program Files\Java\jdk-26\bin\management_ext.dll
0x00007ffc468f0000 - 0x00007ffc468f8000 	C:\WINDOWS\System32\PSAPI.DLL
0x00007ffc43b70000 - 0x00007ffc43bab000 	C:\WINDOWS\SYSTEM32\IPHLPAPI.DLL
0x00007ffc46d70000 - 0x00007ffc46d78000 	C:\WINDOWS\System32\NSI.dll
0x00007ffc34750000 - 0x00007ffc34759000 	C:\Program Files\Java\jdk-26\bin\extnet.dll
0x00007ffc440f0000 - 0x00007ffc44108000 	C:\WINDOWS\SYSTEM32\CRYPTSP.dll
0x00007ffc437b0000 - 0x00007ffc437e8000 	C:\WINDOWS\system32\rsaenh.dll
0x00007ffc446d0000 - 0x00007ffc446fe000 	C:\WINDOWS\SYSTEM32\USERENV.dll
0x00007ffc44110000 - 0x00007ffc4411c000 	C:\WINDOWS\SYSTEM32\CRYPTBASE.dll
0x00007ffc33cb0000 - 0x00007ffc33cbe000 	C:\Program Files\Java\jdk-26\bin\sunmscapi.dll
0x00007ffc448e0000 - 0x00007ffc44a3d000 	C:\WINDOWS\System32\CRYPT32.dll
0x00007ffc44210000 - 0x00007ffc44237000 	C:\WINDOWS\SYSTEM32\ncrypt.dll
0x00007ffc441d0000 - 0x00007ffc4420b000 	C:\WINDOWS\SYSTEM32\NTASN1.dll
0x00007ffbe5f30000 - 0x00007ffbe5f37000 	C:\WINDOWS\system32\wshunix.dll

JVMTI agents:
C:\Users\MEIRE\.gradle\wrapper\dists\gradle-9.7.1-bin\1w1c7tv4s851m17nbqdsro2tv\gradle-9.7.1\lib\agents\gradle-instrumentation-agent-9.7.1.jar path:C:\Program Files\Java\jdk-26\bin\instrument.dll, loaded, initialized, instrumentlib options:none

dbghelp: loaded successfully - version: 4.0.5 - missing functions: none
symbol engine: initialized successfully - sym options: 0x614 - pdb path: .;C:\Program Files\Java\jdk-26\bin;C:\WINDOWS\SYSTEM32;C:\WINDOWS\WinSxS\amd64_microsoft.windows.common-controls_6595b64144ccf1df_6.0.19041.6456_none_60b8a6cb71f64256;C:\Program Files\Java\jdk-26\bin\server;C:\Users\MEIRE\.gradle\native\660c5614fbf4a5f2a75b1949f50a0caf5cd603558e7d8a26e50b933a0cfb79d1\windows-amd64;C:\Users\MEIRE\.gradle\native\0.2.8\x86_64-windows-gnu

VM Arguments:
jvm_args: --add-opens=java.base/java.lang=ALL-UNNAMED --add-opens=java.base/java.lang.invoke=ALL-UNNAMED --add-opens=java.base/java.util=ALL-UNNAMED --add-opens=java.prefs/java.util.prefs=ALL-UNNAMED --add-exports=jdk.compiler/com.sun.tools.javac.api=ALL-UNNAMED --add-exports=jdk.compiler/com.sun.tools.javac.util=ALL-UNNAMED --add-opens=java.base/java.nio.charset=ALL-UNNAMED --add-opens=java.base/java.net=ALL-UNNAMED --add-opens=java.base/java.util.concurrent=ALL-UNNAMED --add-opens=java.base/java.util.concurrent.atomic=ALL-UNNAMED --add-opens=java.xml/javax.xml.namespace=ALL-UNNAMED --add-opens=java.base/java.time=ALL-UNNAMED --enable-native-access=ALL-UNNAMED -Xmx2048m -Dfile.encoding=UTF-8 -Duser.country=BR -Duser.language=pt -Duser.variant -javaagent:C:\Users\MEIRE\.gradle\wrapper\dists\gradle-9.7.1-bin\1w1c7tv4s851m17nbqdsro2tv\gradle-9.7.1\lib\agents\gradle-instrumentation-agent-9.7.1.jar 
java_command: org.gradle.launcher.daemon.bootstrap.GradleDaemon 9.7.1
java_class_path (initial): C:\Users\MEIRE\.gradle\wrapper\dists\gradle-9.7.1-bin\1w1c7tv4s851m17nbqdsro2tv\gradle-9.7.1\lib\gradle-daemon-main-9.7.1.jar
Launcher Type: SUN_STANDARD

[Global flags]
     bool AOTAdapterCaching                        = false                                  {diagnostic} {ergonomic}
     bool AOTInvokeDynamicLinking                  = false                                  {diagnostic} {ergonomic}
     bool AOTRecordTraining                        = false                                  {diagnostic} {ergonomic}
     bool AOTReplayTraining                        = false                                  {diagnostic} {ergonomic}
     bool AOTStubCaching                           = false                                  {diagnostic} {ergonomic}
     intx CICompilerCount                          = 3                                         {product} {ergonomic}
     uint ConcGCThreads                            = 1                                         {product} {ergonomic}
     uint G1ConcRefinementThreads                  = 4                                         {product} {ergonomic}
     uint G1EagerReclaimRemSetThreshold            = 10                                   {experimental} {ergonomic}
   size_t G1HeapRegionSize                         = 1048576                                   {product} {ergonomic}
     uint G1RemSetArrayOfCardsEntries              = 10                                   {experimental} {ergonomic}
     uint G1RemSetHowlMaxNumBuckets                = 8                                    {experimental} {ergonomic}
     uint G1RemSetHowlNumBuckets                   = 4                                    {experimental} {ergonomic}
   size_t InitialHeapSize                          = 8388608                                   {product} {ergonomic}
     bool IntelJccErratumMitigation                = false                             {ARCH diagnostic} {ergonomic}
   size_t MarkStackSize                            = 4194304                                   {product} {ergonomic}
   size_t MarkStackSizeMax                         = 536870912                                 {product} {ergonomic}
   size_t MaxHeapSize                              = 2147483648                                {product} {command line}
   size_t MaxNewSize                               = 1287651328                                {product} {ergonomic}
 uint64_t MaxRAM                                   = 8345964544                                {product} {ergonomic}
   size_t MinHeapDeltaBytes                        = 1048576                                   {product} {ergonomic}
   size_t MinHeapSize                              = 8388608                                   {product} {ergonomic}
   size_t NonNMethodCodeHeapSize                   = 5832704                                {pd product} {ergonomic}
   size_t NonProfiledCodeHeapSize                  = 122945536                              {pd product} {ergonomic}
   size_t ProfiledCodeHeapSize                     = 122880000                              {pd product} {ergonomic}
   size_t ReservedCodeCacheSize                    = 251658240                              {pd product} {ergonomic}
     bool SegmentedCodeCache                       = true                                      {product} {ergonomic}
   size_t SoftMaxHeapSize                          = 2147483648                             {manageable} {ergonomic}
     bool UseCompressedOops                        = true                           {product lp64_product} {ergonomic}
     bool UseCondCardMark                          = true                                      {product} {ergonomic}
     bool UseFastUnorderedTimeStamps               = true                                 {experimental} {ergonomic}
     bool UseG1GC                                  = true                                      {product} {ergonomic}
     bool UseLargePagesIndividualAllocation        = false                                  {pd product} {ergonomic}
      int X86ICacheSync                            = 2                                 {ARCH diagnostic} {ergonomic}

Logging:
Log output configuration:
 #0: stdout all=warning uptime,level,tags foldmultilines=false
 #1: stderr all=off uptime,level,tags foldmultilines=false

Release file:
IMPLEMENTOR="Oracle Corporation" 
JAVA_RUNTIME_VERSION="26+35-2893" 
JAVA_VERSION="26" 
JAVA_VERSION_DATE="2026-03-17" 
LIBC="default" 
MODULES="java.base java.compiler java.datatransfer java.xml java.prefs java.desktop java.instrument java.logging java.management java.security.sasl java.naming java.rmi java.management.rmi java.net.http java.scripting java.security.jgss java.transaction.xa java.sql java.sql.rowset java.xml.crypto java.se java.smartcardio jdk.accessibility jdk.internal.jvmstat jdk.attach jdk.charsets jdk.internal.opt jdk.zipfs jdk.compiler jdk.crypto.cryptoki jdk.crypto.ec jdk.crypto.mscapi jdk.dynalink jdk.internal.ed jdk.editpad jdk.internal.vm.ci jdk.graal.compiler jdk.graal.compiler.management jdk.hotspot.agent jdk.httpserver jdk.incubator.vector jdk.internal.le jdk.internal.md jdk.jartool jdk.javadoc jdk.jcmd jdk.management jdk.management.agent jdk.jconsole jdk.jdeps jdk.jdwp.agent jdk.jdi jdk.jfr jdk.jlink jdk.jpackage jdk.jshell jdk.jstatd jdk.localedata jdk.management.jfr jdk.naming.dns jdk.naming.rmi jdk.net jdk.nio.mapmode jdk.sctp jdk.security.auth jdk.security.jgss jdk.unsupported jdk.unsupported.desktop jdk.xml.dom" 
OS_ARCH="x86_64" 
OS_NAME="Windows" 
SOURCE=".:git:1327d96f3b3c open:git:4408cd2a07a1" 

Environment Variables:
JAVA_HOME=C:\Program Files\Java\jdk-23
PATH=C:\Python314\Scripts\;C:\Python314\;C:\Program Files\Common Files\Oracle\Java\javapath;C:\WINDOWS\system32;C:\WINDOWS;C:\WINDOWS\System32\Wbem;C:\WINDOWS\System32\WindowsPowerShell\v1.0\;C:\WINDOWS\System32\OpenSSH\;C:\Program Files\dotnet\;C:\Program Files (x86)\dotnet\;C:\Program Files\Microsoft VS Code\bin;C:\Program Files\SafeNet\Authentication\SAC\x64;C:\Program Files\SafeNet\Authentication\SAC\x32;C:\Program Files\Java\jdk-23\bin;C:\Program Files\nodejs\;C:\ProgramData\chocolatey\bin;C:\Program Files\Git\cmd;C:\Users\MEIRE\.config\herd-lite\bin;C:\Users\MEIRE\AppData\Local\Microsoft\WindowsApps;C:\Users\MEIRE\AppData\Roaming\npm
USERNAME=MEIRE
OS=Windows_NT
PROCESSOR_IDENTIFIER=Intel64 Family 6 Model 126 Stepping 5, GenuineIntel
TMP=C:\Users\MEIRE\AppData\Local\Temp
TEMP=C:\Users\MEIRE\AppData\Local\Temp




Compilation memory statistics disabled.

Periodic native trim disabled

---------------  S Y S T E M  ---------------

OS:
 Windows 10 , 64 bit Build 19041 (10.0.19041.5915)
OS uptime: 40 days 19:46 hours

CPU: total 4 (initial active 4) (2 cores per cpu, 2 threads per core) family 6 model 126 stepping 5 microcode 0xcc, cx8, cmov, fxsr, ht, mmx, 3dnowpref, sse, sse2, sse3, ssse3, sse4.1, sse4.2, popcnt, lzcnt, tsc, tscinvbit, avx, avx2, aes, erms, clmul, bmi1, bmi2, adx, avx512f, avx512dq, avx512cd, avx512bw, avx512vl, sha, fma, vzeroupper, avx512_vpopcntdq, avx512_vpclmulqdq, avx512_vaes, avx512_vnni, clflush, clflushopt, avx512_vbmi2, avx512_vbmi, rdtscp, rdpid, fsrm, gfni, avx512_bitalg, f16c, pku, avx512_ifma
Processor Information for the first 4 processors :
  Max Mhz: 1190, Current Mhz: 1190, Mhz Limit: 1190

Memory: 4k page, system-wide physical 7959M (354M free)
TotalPageFile size 16151M (AvailPageFile size 108M)
current process WorkingSet (physical memory assigned to process): 581M, peak: 609M
current process commit charge ("private bytes"): 642M, peak: 1223M

vm_info: Java HotSpot(TM) 64-Bit Server VM (26+35-2893) for windows-amd64 JRE (26+35-2893), built on 2026-02-12T17:04:02Z with MS VC++ 17.13 (VS2022)

END.
