#
# There is insufficient memory for the Java Runtime Environment to continue.
# Native memory allocation (mmap) failed to map 229638144 bytes. Error detail: G1 virtual space
# Possible reasons:
#   The system is out of physical RAM or swap space
#   This process is running with CompressedOops enabled, and the Java Heap may be blocking the growth of the native heap
# Possible solutions:
#   Reduce memory load on the system
#   Increase physical memory or swap space
#   Check if swap backing store is full
#   Decrease Java heap size (-Xmx/-Xms)
#   Decrease number of Java threads
#   Decrease Java thread stack sizes (-Xss)
#   Set larger code cache with -XX:ReservedCodeCacheSize=
#   JVM is running with Unscaled Compressed Oops mode in which the Java heap is
#     placed in the first 4GB address space. The Java Heap base address is the
#     maximum limit for the native heap growth. Please use -XX:HeapBaseMinAddress
#     to set the Java Heap base and to place the Java Heap above 4GB virtual address.
# This output file may be truncated or incomplete.
#
#  Out of Memory Error (os_windows.cpp:3766), pid=7120, tid=16460
#
# JRE version: OpenJDK Runtime Environment (25.0.2) (build 25.0.2+-15348964-b329.117)
# Java VM: OpenJDK 64-Bit Server VM (25.0.2+-15348964-b329.117, mixed mode, tiered, compressed oops, compressed class ptrs, g1 gc, windows-amd64)
# No core dump will be written. Minidumps are not enabled by default on client versions of Windows
#

---------------  S U M M A R Y ------------

Command Line: --add-opens=java.base/java.lang=ALL-UNNAMED --add-opens=java.base/java.lang.invoke=ALL-UNNAMED --add-opens=java.base/java.util=ALL-UNNAMED --add-opens=java.prefs/java.util.prefs=ALL-UNNAMED --add-exports=jdk.compiler/com.sun.tools.javac.api=ALL-UNNAMED --add-exports=jdk.compiler/com.sun.tools.javac.util=ALL-UNNAMED --add-opens=java.base/java.nio.charset=ALL-UNNAMED --add-opens=java.base/java.net=ALL-UNNAMED --add-opens=java.base/java.util.concurrent=ALL-UNNAMED --add-opens=java.base/java.util.concurrent.atomic=ALL-UNNAMED --add-opens=java.xml/javax.xml.namespace=ALL-UNNAMED --add-opens=java.base/java.time=ALL-UNNAMED --enable-native-access=ALL-UNNAMED -Xmx2048m -Dfile.encoding=UTF-8 -Duser.country=BR -Duser.language=pt -Duser.variant -javaagent:C:\Users\MEIRE\.gradle\wrapper\dists\gradle-9.7.1-bin\1w1c7tv4s851m17nbqdsro2tv\gradle-9.7.1\lib\agents\gradle-instrumentation-agent-9.7.1.jar org.gradle.launcher.daemon.bootstrap.GradleDaemon 9.7.1

Host: Intel(R) Core(TM) i3-1005G1 CPU @ 1.20GHz, 4 cores, 7G,  Windows 10 , 64 bit Build 19041 (10.0.19041.5915)
Time: Wed Aug 26 05:40:37 2026 Hora oficial do Brasil elapsed time: 101.343557 seconds (0d 0h 1m 41s)

---------------  T H R E A D  ---------------

Current thread (0x0000017fcfc66540):  VMThread "VM Thread"          [id=16460, stack(0x000000740d300000,0x000000740d400000) (1024K)]

Stack: [0x000000740d300000,0x000000740d400000]
Native frames: (J=compiled Java code, j=interpreted, Vv=VM code, C=native code)
V  [jvm.dll+0x7bd439]  (no source info available)
V  [jvm.dll+0x78763d]  (no source info available)
V  [jvm.dll+0xa0c885]  (no source info available)
V  [jvm.dll+0xa0ef04]  (no source info available)
V  [jvm.dll+0xa0f603]  (no source info available)
V  [jvm.dll+0x309bf6]  (no source info available)
V  [jvm.dll+0x7b9545]  (no source info available)
V  [jvm.dll+0x7ac047]  (no source info available)
V  [jvm.dll+0x3fdeab]  (no source info available)
V  [jvm.dll+0x406066]  (no source info available)
V  [jvm.dll+0x3f2516]  (no source info available)
V  [jvm.dll+0x3f27f8]  (no source info available)
V  [jvm.dll+0x3c7b82]  (no source info available)
V  [jvm.dll+0x3c7c1a]  (no source info available)
V  [jvm.dll+0x4172d0]  (no source info available)
V  [jvm.dll+0x415bf1]  (no source info available)
V  [jvm.dll+0x3c72b7]  (no source info available)
V  [jvm.dll+0x41502f]  (no source info available)
V  [jvm.dll+0xa158ca]  (no source info available)
V  [jvm.dll+0xa16bd1]  (no source info available)
V  [jvm.dll+0xa17148]  (no source info available)
V  [jvm.dll+0xa173d3]  (no source info available)
V  [jvm.dll+0x9ab9c8]  (no source info available)
V  [jvm.dll+0x7bb985]  (no source info available)
C  [ucrtbase.dll+0x21bb2]  (no source info available)
C  [KERNEL32.DLL+0x17374]  (no source info available)
C  [ntdll.dll+0x4cc91]  (no source info available)

VM_Operation (0x00000074105f5b90): G1CollectForAllocation, mode: safepoint, requested by thread 0x0000017fe0d53aa0


---------------  P R O C E S S  ---------------

Threads class SMR info:
_java_thread_list=0x0000017fd7a85740, length=63, elements={
0x0000017fb677bef0, 0x0000017fcfc8d5a0, 0x0000017fcfcc77f0, 0x0000017fcfc8ef40,
0x0000017fcfc90c30, 0x0000017fcfcaa500, 0x0000017fcfcab860, 0x0000017fcfc9dba0,
0x0000017fcfc9fe50, 0x0000017fcfcc7fb0, 0x0000017fd430aab0, 0x0000017fd5dd36c0,
0x0000017fd70a0250, 0x0000017fd755e9d0, 0x0000017fd7510c60, 0x0000017fd7512c70,
0x0000017fd70fb400, 0x0000017fd70feab0, 0x0000017fd7102160, 0x0000017fd70fcb70,
0x0000017fd70ff280, 0x0000017fd70ffa50, 0x0000017fd76d3d70, 0x0000017fd76d4540,
0x0000017fd76d9360, 0x0000017fd76d6480, 0x0000017fd76d54e0, 0x0000017fd76d7420,
0x0000017fd76d35a0, 0x0000017fd5d42420, 0x0000017fd5d44b30, 0x0000017fd5d3fd10,
0x0000017fd5d433c0, 0x0000017fd5d3ddd0, 0x0000017fd8fbe830, 0x0000017fd8fbe060,
0x0000017fd5d42bf0, 0x0000017fd700d880, 0x0000017fd700a9a0, 0x0000017fd700e820,
0x0000017fd700a1d0, 0x0000017fd9952ef0, 0x0000017fd9952720, 0x0000017fd9954e30,
0x0000017fdb2bb920, 0x0000017fdb2b6b00, 0x0000017fe0d53aa0, 0x0000017fe0d54a40,
0x0000017fe0d4d510, 0x0000017fe0d51b60, 0x0000017fe0d51390, 0x0000017fd87c1b40,
0x0000017fd87c1370, 0x0000017fd87bfc00, 0x0000017fd87c0ba0, 0x0000017fdb2b6330,
0x0000017fe1fc37a0, 0x0000017fe1fc6680, 0x0000017fe1fc6e50, 0x0000017fe0c658d0,
0x0000017fe0c687b0, 0x0000017fe0c69750, 0x0000017fe0c6aec0
}

Java Threads: ( => current thread )
  0x0000017fb677bef0 JavaThread "main"                              [_thread_blocked, id=11340, stack(0x000000740cc00000,0x000000740cd00000) (1024K)]
  0x0000017fcfc8d5a0 JavaThread "Common-Cleaner"             daemon [_thread_blocked, id=16408, stack(0x000000740d400000,0x000000740d500000) (1024K)]
  0x0000017fcfcc77f0 JavaThread "Reference Handler"          daemon [_thread_blocked, id=13972, stack(0x000000740d500000,0x000000740d600000) (1024K)]
  0x0000017fcfc8ef40 JavaThread "Finalizer"                  daemon [_thread_blocked, id=18276, stack(0x000000740d600000,0x000000740d700000) (1024K)]
  0x0000017fcfc90c30 JavaThread "Signal Dispatcher"          daemon [_thread_blocked, id=18752, stack(0x000000740d700000,0x000000740d800000) (1024K)]
  0x0000017fcfcaa500 JavaThread "Attach Listener"            daemon [_thread_blocked, id=8920, stack(0x000000740d800000,0x000000740d900000) (1024K)]
  0x0000017fcfcab860 JavaThread "Service Thread"             daemon [_thread_blocked, id=16092, stack(0x000000740d900000,0x000000740da00000) (1024K)]
  0x0000017fcfc9dba0 JavaThread "Monitor Deflation Thread"   daemon [_thread_blocked, id=1672, stack(0x000000740da00000,0x000000740db00000) (1024K)]
  0x0000017fcfc9fe50 JavaThread "C2 CompilerThread0"         daemon [_thread_blocked, id=5036, stack(0x000000740db00000,0x000000740dc00000) (1024K)]
  0x0000017fcfcc7fb0 JavaThread "C1 CompilerThread0"         daemon [_thread_blocked, id=21880, stack(0x000000740dc00000,0x000000740dd00000) (1024K)]
  0x0000017fd430aab0 JavaThread "Notification Thread"        daemon [_thread_blocked, id=16084, stack(0x000000740dd00000,0x000000740de00000) (1024K)]
  0x0000017fd5dd36c0 JavaThread "Daemon health stats"               [_thread_blocked, id=4648, stack(0x000000740e200000,0x000000740e300000) (1024K)]
  0x0000017fd70a0250 JavaThread "Incoming local TCP Connector on port 54346"        [_thread_in_native, id=6384, stack(0x000000740e300000,0x000000740e400000) (1024K)]
  0x0000017fd755e9d0 JavaThread "Daemon periodic checks"            [_thread_blocked, id=11964, stack(0x000000740e400000,0x000000740e500000) (1024K)]
  0x0000017fd7510c60 JavaThread "Daemon"                            [_thread_blocked, id=6300, stack(0x000000740e500000,0x000000740e600000) (1024K)]
  0x0000017fd7512c70 JavaThread "Handler for socket connection from /127.0.0.1:54346 to /127.0.0.1:54347"        [_thread_in_native, id=14104, stack(0x000000740e600000,0x000000740e700000) (1024K)]
  0x0000017fd70fb400 JavaThread "Cancel handler"                    [_thread_blocked, id=21108, stack(0x000000740e700000,0x000000740e800000) (1024K)]
  0x0000017fd70feab0 JavaThread "Daemon worker"                     [_thread_blocked, id=2256, stack(0x000000740e800000,0x000000740e900000) (1024K)]
  0x0000017fd7102160 JavaThread "Asynchronous log dispatcher for DefaultDaemonConnection: socket connection from /127.0.0.1:54346 to /127.0.0.1:54347"        [_thread_blocked, id=18780, stack(0x000000740e900000,0x000000740ea00000) (1024K)]
  0x0000017fd70fcb70 JavaThread "Stdin handler"                     [_thread_blocked, id=22180, stack(0x000000740ea00000,0x000000740eb00000) (1024K)]
  0x0000017fd70ff280 JavaThread "Daemon client event forwarder"        [_thread_blocked, id=17936, stack(0x000000740eb00000,0x000000740ec00000) (1024K)]
  0x0000017fd70ffa50 JavaThread "Cache worker for journal cache (C:\Users\MEIRE\.gradle\caches\journal-1)"        [_thread_blocked, id=10184, stack(0x000000740ec00000,0x000000740ed00000) (1024K)]
  0x0000017fd76d3d70 JavaThread "File lock request listener"        [_thread_in_native, id=19516, stack(0x000000740ed00000,0x000000740ee00000) (1024K)]
  0x0000017fd76d4540 JavaThread "Cache worker for file hash cache (C:\Users\MEIRE\.gradle\caches\9.7.1\fileHashes)"        [_thread_blocked, id=14080, stack(0x000000740ee00000,0x000000740ef00000) (1024K)]
  0x0000017fd76d9360 JavaThread "Cache worker for file hash cache (C:\Users\MEIRE\AndroidStudioProjects\RetroHardware\.gradle\9.7.1\fileHashes)"        [_thread_blocked, id=15484, stack(0x000000740de00000,0x000000740df00000) (1024K)]
  0x0000017fd76d6480 JavaThread "Cache worker for checksums cache (C:\Users\MEIRE\AndroidStudioProjects\RetroHardware\.gradle\9.7.1\checksums)"        [_thread_blocked, id=7868, stack(0x000000740ef00000,0x000000740f000000) (1024K)]
  0x0000017fd76d54e0 JavaThread "Cache worker for Build Output Cleanup Cache (C:\Users\MEIRE\AndroidStudioProjects\RetroHardware\.gradle\buildOutputCleanup)"        [_thread_blocked, id=5736, stack(0x000000740f100000,0x000000740f200000) (1024K)]
  0x0000017fd76d7420 JavaThread "Cache worker for file content cache (C:\Users\MEIRE\.gradle\caches\9.7.1\fileContent)"        [_thread_blocked, id=10172, stack(0x000000740f200000,0x000000740f300000) (1024K)]
  0x0000017fd76d35a0 JavaThread "File watcher server"        daemon [_thread_blocked, id=15280, stack(0x000000740f000000,0x000000740f100000) (1024K)]
  0x0000017fd5d42420 JavaThread "File watcher consumer"      daemon [_thread_blocked, id=18856, stack(0x000000740f300000,0x000000740f400000) (1024K)]
  0x0000017fd5d44b30 JavaThread "Cache worker for cache directory md-supplier (C:\Users\MEIRE\.gradle\caches\9.7.1\md-supplier)"        [_thread_blocked, id=1844, stack(0x000000740f500000,0x000000740f600000) (1024K)]
  0x0000017fd5d3fd10 JavaThread "Cache worker for cache directory md-rule (C:\Users\MEIRE\.gradle\caches\9.7.1\md-rule)"        [_thread_blocked, id=18644, stack(0x000000740f600000,0x000000740f700000) (1024K)]
  0x0000017fd5d433c0 JavaThread "jar transforms"                    [_thread_blocked, id=17088, stack(0x000000740f700000,0x000000740f800000) (1024K)]
  0x0000017fd5d3ddd0 JavaThread "jar transforms Thread 2"           [_thread_blocked, id=21420, stack(0x000000740f800000,0x000000740f900000) (1024K)]
  0x0000017fd8fbe830 JavaThread "jar transforms Thread 3"           [_thread_blocked, id=17768, stack(0x000000740f900000,0x000000740fa00000) (1024K)]
  0x0000017fd8fbe060 JavaThread "Build operations"                  [_thread_blocked, id=9640, stack(0x000000740fa00000,0x000000740fb00000) (1024K)]
  0x0000017fd5d42bf0 JavaThread "Build operations Thread 2"         [_thread_blocked, id=3076, stack(0x000000740fb00000,0x000000740fc00000) (1024K)]
  0x0000017fd700d880 JavaThread "Build operations Thread 3"         [_thread_blocked, id=7568, stack(0x000000740fc00000,0x000000740fd00000) (1024K)]
  0x0000017fd700a9a0 JavaThread "Build operations Thread 4"         [_thread_blocked, id=11140, stack(0x000000740fd00000,0x000000740fe00000) (1024K)]
  0x0000017fd700e820 JavaThread "jar transforms Thread 4"           [_thread_blocked, id=15804, stack(0x000000740fe00000,0x000000740ff00000) (1024K)]
  0x0000017fd700a1d0 JavaThread "Configuration cache report writer"        [_thread_blocked, id=21920, stack(0x000000740ff00000,0x0000007410000000) (1024K)]
  0x0000017fd9952ef0 JavaThread "build event listener"              [_thread_blocked, id=11836, stack(0x0000007410000000,0x0000007410100000) (1024K)]
  0x0000017fd9952720 JavaThread "Memory manager"                    [_thread_blocked, id=12036, stack(0x0000007410100000,0x0000007410200000) (1024K)]
  0x0000017fd9954e30 JavaThread "build event listener"              [_thread_blocked, id=5208, stack(0x0000007410200000,0x0000007410300000) (1024K)]
  0x0000017fdb2bb920 JavaThread "pool-3-thread-1"                   [_thread_blocked, id=2084, stack(0x0000007410300000,0x0000007410400000) (1024K)]
  0x0000017fdb2b6b00 JavaThread "build event listener"              [_thread_blocked, id=16904, stack(0x000000740f400000,0x000000740f500000) (1024K)]
  0x0000017fe0d53aa0 JavaThread "included builds"                   [_thread_blocked, id=16056, stack(0x0000007410500000,0x0000007410600000) (1024K)]
  0x0000017fe0d54a40 JavaThread "Execution worker"                  [_thread_blocked, id=12264, stack(0x0000007410600000,0x0000007410700000) (1024K)]
  0x0000017fe0d4d510 JavaThread "Execution worker Thread 2"         [_thread_blocked, id=8816, stack(0x0000007410700000,0x0000007410800000) (1024K)]
  0x0000017fe0d51b60 JavaThread "Execution worker Thread 3"         [_thread_blocked, id=12924, stack(0x0000007410800000,0x0000007410900000) (1024K)]
  0x0000017fe0d51390 JavaThread "Cache worker for execution history cache (C:\Users\MEIRE\AndroidStudioProjects\RetroHardware\.gradle\9.7.1\executionHistory)"        [_thread_blocked, id=9068, stack(0x0000007410900000,0x0000007410a00000) (1024K)]
  0x0000017fd87c1b40 JavaThread "WorkerExecutor Queue"              [_thread_in_native, id=5740, stack(0x0000007410a00000,0x0000007410b00000) (1024K)]
  0x0000017fd87c1370 JavaThread "WorkerExecutor Queue Thread 2"        [_thread_blocked, id=12424, stack(0x0000007410b00000,0x0000007410c00000) (1024K)]
  0x0000017fd87bfc00 JavaThread "RMI Scheduler(0)"           daemon [_thread_blocked, id=22408, stack(0x0000007410c00000,0x0000007410d00000) (1024K)]
  0x0000017fd87c0ba0 JavaThread "RMI RenewClean-[127.0.0.1:17640,org.jetbrains.kotlin.daemon.common.LoopbackNetworkInterface$ClientLoopbackSocketFactory@514505f]" daemon [_thread_blocked, id=1852, stack(0x0000007410d00000,0x0000007410e00000) (1024K)]
  0x0000017fdb2b6330 JavaThread "RMI GC Daemon"              daemon [_thread_blocked, id=16236, stack(0x0000007410e00000,0x0000007410f00000) (1024K)]
  0x0000017fe1fc37a0 JavaThread "RMI TCP Accept-0"           daemon [_thread_in_native, id=7592, stack(0x0000007410f00000,0x0000007411000000) (1024K)]
  0x0000017fe1fc6680 JavaThread "RMI Reaper"                        [_thread_blocked, id=21196, stack(0x0000007411000000,0x0000007411100000) (1024K)]
  0x0000017fe1fc6e50 JavaThread "RMI TCP Connection(idle)"   daemon [_thread_blocked, id=16776, stack(0x0000007411100000,0x0000007411200000) (1024K)]
  0x0000017fe0c658d0 JavaThread "WorkerExecutor Queue Thread 3"        [_thread_blocked, id=18588, stack(0x0000007410400000,0x0000007410500000) (1024K)]
  0x0000017fe0c687b0 JavaThread "pool-4-thread-1"                   [_thread_blocked, id=11092, stack(0x000000740ca00000,0x000000740cb00000) (1024K)]
  0x0000017fe0c69750 JavaThread "stderr"                            [_thread_in_native, id=22024, stack(0x0000007411200000,0x0000007411300000) (1024K)]
  0x0000017fe0c6aec0 JavaThread "stdout"                            [_thread_in_native, id=19340, stack(0x0000007411300000,0x0000007411400000) (1024K)]
Total: 63

Other Threads:
=>0x0000017fcfc66540 VMThread "VM Thread"                           [id=16460, stack(0x000000740d300000,0x000000740d400000) (1024K)]
  0x0000017fcfc2cc10 WatcherThread "VM Periodic Task Thread"        [id=18300, stack(0x000000740d200000,0x000000740d300000) (1024K)]
  0x0000017fb8a3cdb0 WorkerThread "GC Thread#0"                     [id=3156, stack(0x000000740cd00000,0x000000740ce00000) (1024K)]
  0x0000017fd51a1030 WorkerThread "GC Thread#1"                     [id=17076, stack(0x000000740df00000,0x000000740e000000) (1024K)]
  0x0000017fd51a1460 WorkerThread "GC Thread#2"                     [id=14072, stack(0x000000740e000000,0x000000740e100000) (1024K)]
  0x0000017fd533af00 WorkerThread "GC Thread#3"                     [id=8924, stack(0x000000740e100000,0x000000740e200000) (1024K)]
  0x0000017fb8a566b0 ConcurrentGCThread "G1 Main Marker"            [id=22280, stack(0x000000740ce00000,0x000000740cf00000) (1024K)]
  0x0000017fb8a588b0 WorkerThread "G1 Conc#0"                       [id=19908, stack(0x000000740cf00000,0x000000740d000000) (1024K)]
  0x0000017fb8a8acf0 ConcurrentGCThread "G1 Refine#0"               [id=17140, stack(0x000000740d000000,0x000000740d100000) (1024K)]
  0x0000017fb8a8d6c0 ConcurrentGCThread "G1 Service"                [id=21076, stack(0x000000740d100000,0x000000740d200000) (1024K)]
Total: 10

Threads with active compile tasks:
C2 CompilerThread0  101490 27004 %     4       com.android.tools.r8.internal.dv::a @ 1940 (4509 bytes)
Total: 1

VM state: at safepoint (normal execution)

VM Mutex/Monitor currently owned by a thread:  ([mutex/lock_event])
[0x00007ffbed8d4698] Threads_lock - owner thread: 0x0000017fcfc66540
[0x00007ffbed8d4818] Heap_lock - owner thread: 0x0000017fe0d53aa0

Heap address: 0x0000000080000000, size: 2048 MB, Compressed Oops mode: 32-bit

CDS archive(s) not mapped
Compressed class space mapped at: 0x000000001a000000-0x000000005a000000, reserved size: 1073741824
UseCompressedClassPointers 1, UseCompactObjectHeaders 0
Narrow klass pointer bits 32, Max shift 3
Narrow klass base: 0x0000000000000000, Narrow klass shift: 0
Encoding Range: [0x0000000000000000 - 0x0000000100000000), (4294967296 bytes)
Klass Range:    [0x000000001a000000 - 0x000000005a000000), (1073741824 bytes)
Klass ID Range:  [436207616 - 1509949433) (1073741817)
No protection zone.

GC Precious Log:
 CardTable entry size: 512
 Card Set container configuration: InlinePtr #cards 5 size 8 Array Of Cards #cards 10 size 36 Howl #buckets 4 coarsen threshold 1843 Howl Bitmap #cards 512 size 80 coarsen threshold 460 Card regions per heap region 1 cards per card region 2048
 CPUs: 4 total, 4 available
 Memory: 7959M
 Large Page Support: Disabled
 NUMA Support: Disabled
 Compressed Oops: Enabled (32-bit)
 Heap Region Size: 1M
 Heap Min Capacity: 8M
 Heap Initial Capacity: 126M
 Heap Max Capacity: 2G
 Pre-touch: Disabled
 Parallel Workers: 4
 Concurrent Workers: 1
 Concurrent Refinement Workers: 4
 Periodic GC: Disabled

Heap:
 garbage-first heap   total reserved 2097152K, committed 350208K, used 223149K [0x0000000080000000, 0x0000000100000000)
  region size 1024K, 13 young (13312K), 13 survivors (13312K)

Heap Regions: E=young(eden), S=young(survivor), O=old, HS=humongous(starts), HC=humongous(continues), CS=collection set, F=free, TAMS=top-at-mark-start, PB=parsable bottom
|   0|0x0000000080000000, 0x0000000080100000, 0x0000000080100000|100%|HS|  |TAMS 0x0000000080100000| PB 0x0000000080000000| Complete |  0
|   1|0x0000000080100000, 0x0000000080200000, 0x0000000080200000|100%|HC|  |TAMS 0x0000000080200000| PB 0x0000000080100000| Complete |  0
|   2|0x0000000080200000, 0x0000000080300000, 0x0000000080300000|100%|HC|  |TAMS 0x0000000080300000| PB 0x0000000080200000| Complete |  0
|   3|0x0000000080300000, 0x0000000080400000, 0x0000000080400000|100%|HC|  |TAMS 0x0000000080400000| PB 0x0000000080300000| Complete |  0
|   4|0x0000000080400000, 0x0000000080500000, 0x0000000080500000|100%| O|  |TAMS 0x0000000080500000| PB 0x0000000080400000| Untracked |  0
|   5|0x0000000080500000, 0x0000000080600000, 0x0000000080600000|100%| O|  |TAMS 0x0000000080600000| PB 0x0000000080500000| Untracked |  0
|   6|0x0000000080600000, 0x0000000080700000, 0x0000000080700000|100%| O|  |TAMS 0x0000000080700000| PB 0x0000000080600000| Untracked |  0
|   7|0x0000000080700000, 0x0000000080800000, 0x0000000080800000|100%|HS|  |TAMS 0x0000000080800000| PB 0x0000000080700000| Complete |  0
|   8|0x0000000080800000, 0x0000000080900000, 0x0000000080900000|100%| O|  |TAMS 0x0000000080900000| PB 0x0000000080800000| Untracked |  0
|   9|0x0000000080900000, 0x0000000080a00000, 0x0000000080a00000|100%| O|  |TAMS 0x0000000080a00000| PB 0x0000000080900000| Untracked |  0
|  10|0x0000000080a00000, 0x0000000080b00000, 0x0000000080b00000|100%| O|  |TAMS 0x0000000080b00000| PB 0x0000000080a00000| Untracked |  0
|  11|0x0000000080b00000, 0x0000000080c00000, 0x0000000080c00000|100%| O|  |TAMS 0x0000000080c00000| PB 0x0000000080b00000| Untracked |  0
|  12|0x0000000080c00000, 0x0000000080d00000, 0x0000000080d00000|100%| O|  |TAMS 0x0000000080d00000| PB 0x0000000080c00000| Untracked |  0
|  13|0x0000000080d00000, 0x0000000080e00000, 0x0000000080e00000|100%| O|  |TAMS 0x0000000080e00000| PB 0x0000000080d00000| Untracked |  0
|  14|0x0000000080e00000, 0x0000000080f00000, 0x0000000080f00000|100%| O|  |TAMS 0x0000000080f00000| PB 0x0000000080e00000| Untracked |  0
|  15|0x0000000080f00000, 0x0000000081000000, 0x0000000081000000|100%| O|  |TAMS 0x0000000081000000| PB 0x0000000080f00000| Untracked |  0
|  16|0x0000000081000000, 0x0000000081100000, 0x0000000081100000|100%| O|  |TAMS 0x0000000081100000| PB 0x0000000081000000| Untracked |  0
|  17|0x0000000081100000, 0x0000000081200000, 0x0000000081200000|100%| O|  |TAMS 0x0000000081200000| PB 0x0000000081100000| Untracked |  0
|  18|0x0000000081200000, 0x0000000081300000, 0x0000000081300000|100%| O|  |TAMS 0x0000000081300000| PB 0x0000000081200000| Untracked |  0
|  19|0x0000000081300000, 0x0000000081400000, 0x0000000081400000|100%| O|  |TAMS 0x0000000081400000| PB 0x0000000081300000| Untracked |  0
|  20|0x0000000081400000, 0x0000000081500000, 0x0000000081500000|100%| O|  |TAMS 0x0000000081500000| PB 0x0000000081400000| Untracked |  0
|  21|0x0000000081500000, 0x0000000081600000, 0x0000000081600000|100%| O|  |TAMS 0x0000000081600000| PB 0x0000000081500000| Untracked |  0
|  22|0x0000000081600000, 0x0000000081700000, 0x0000000081700000|100%| O|  |TAMS 0x0000000081700000| PB 0x0000000081600000| Untracked |  0
|  23|0x0000000081700000, 0x0000000081800000, 0x0000000081800000|100%| O|  |TAMS 0x0000000081800000| PB 0x0000000081700000| Untracked |  0
|  24|0x0000000081800000, 0x0000000081900000, 0x0000000081900000|100%| O|  |TAMS 0x0000000081900000| PB 0x0000000081800000| Untracked |  0
|  25|0x0000000081900000, 0x0000000081a00000, 0x0000000081a00000|100%| O|  |TAMS 0x0000000081a00000| PB 0x0000000081900000| Untracked |  0
|  26|0x0000000081a00000, 0x0000000081b00000, 0x0000000081b00000|100%| O|  |TAMS 0x0000000081b00000| PB 0x0000000081a00000| Untracked |  0
|  27|0x0000000081b00000, 0x0000000081c00000, 0x0000000081c00000|100%| O|  |TAMS 0x0000000081c00000| PB 0x0000000081b00000| Untracked |  0
|  28|0x0000000081c00000, 0x0000000081d00000, 0x0000000081d00000|100%| O|  |TAMS 0x0000000081d00000| PB 0x0000000081c00000| Untracked |  0
|  29|0x0000000081d00000, 0x0000000081e00000, 0x0000000081e00000|100%| O|  |TAMS 0x0000000081e00000| PB 0x0000000081d00000| Untracked |  0
|  30|0x0000000081e00000, 0x0000000081f00000, 0x0000000081f00000|100%| O|  |TAMS 0x0000000081f00000| PB 0x0000000081e00000| Untracked |  0
|  31|0x0000000081f00000, 0x0000000082000000, 0x0000000082000000|100%| O|  |TAMS 0x0000000082000000| PB 0x0000000081f00000| Untracked |  0
|  32|0x0000000082000000, 0x0000000082100000, 0x0000000082100000|100%| O|  |TAMS 0x0000000082100000| PB 0x0000000082000000| Untracked |  0
|  33|0x0000000082100000, 0x0000000082200000, 0x0000000082200000|100%| O|  |TAMS 0x0000000082200000| PB 0x0000000082100000| Untracked |  0
|  34|0x0000000082200000, 0x0000000082300000, 0x0000000082300000|100%| O|  |TAMS 0x0000000082300000| PB 0x0000000082200000| Untracked |  0
|  35|0x0000000082300000, 0x0000000082400000, 0x0000000082400000|100%| O|  |TAMS 0x0000000082400000| PB 0x0000000082300000| Untracked |  0
|  36|0x0000000082400000, 0x0000000082500000, 0x0000000082500000|100%| O|  |TAMS 0x0000000082500000| PB 0x0000000082400000| Untracked |  0
|  37|0x0000000082500000, 0x0000000082600000, 0x0000000082600000|100%| O|  |TAMS 0x0000000082600000| PB 0x0000000082500000| Untracked |  0
|  38|0x0000000082600000, 0x0000000082700000, 0x0000000082700000|100%| O|  |TAMS 0x0000000082700000| PB 0x0000000082600000| Untracked |  0
|  39|0x0000000082700000, 0x0000000082800000, 0x0000000082800000|100%| O|  |TAMS 0x0000000082800000| PB 0x0000000082700000| Untracked |  0
|  40|0x0000000082800000, 0x0000000082900000, 0x0000000082900000|100%| O|  |TAMS 0x0000000082900000| PB 0x0000000082800000| Untracked |  0
|  41|0x0000000082900000, 0x0000000082a00000, 0x0000000082a00000|100%| O|  |TAMS 0x0000000082a00000| PB 0x0000000082900000| Untracked |  0
|  42|0x0000000082a00000, 0x0000000082b00000, 0x0000000082b00000|100%| O|  |TAMS 0x0000000082b00000| PB 0x0000000082a00000| Untracked |  0
|  43|0x0000000082b00000, 0x0000000082c00000, 0x0000000082c00000|100%| O|  |TAMS 0x0000000082c00000| PB 0x0000000082b00000| Untracked |  0
|  44|0x0000000082c00000, 0x0000000082d00000, 0x0000000082d00000|100%| O|  |TAMS 0x0000000082d00000| PB 0x0000000082c00000| Untracked |  0
|  45|0x0000000082d00000, 0x0000000082e00000, 0x0000000082e00000|100%| O|  |TAMS 0x0000000082e00000| PB 0x0000000082d00000| Untracked |  0
|  46|0x0000000082e00000, 0x0000000082f00000, 0x0000000082f00000|100%| O|  |TAMS 0x0000000082f00000| PB 0x0000000082e00000| Untracked |  0
|  47|0x0000000082f00000, 0x0000000083000000, 0x0000000083000000|100%| O|  |TAMS 0x0000000083000000| PB 0x0000000082f00000| Untracked |  0
|  48|0x0000000083000000, 0x0000000083100000, 0x0000000083100000|100%|HS|  |TAMS 0x0000000083100000| PB 0x0000000083000000| Complete |  0
|  49|0x0000000083100000, 0x0000000083200000, 0x0000000083200000|100%| O|  |TAMS 0x0000000083200000| PB 0x0000000083100000| Untracked |  0
|  50|0x0000000083200000, 0x0000000083300000, 0x0000000083300000|100%| O|  |TAMS 0x0000000083300000| PB 0x0000000083200000| Untracked |  0
|  51|0x0000000083300000, 0x0000000083400000, 0x0000000083400000|100%| O|  |TAMS 0x0000000083400000| PB 0x0000000083300000| Untracked |  0
|  52|0x0000000083400000, 0x0000000083500000, 0x0000000083500000|100%| O|  |TAMS 0x0000000083500000| PB 0x0000000083400000| Untracked |  0
|  53|0x0000000083500000, 0x0000000083600000, 0x0000000083600000|100%| O|  |TAMS 0x0000000083600000| PB 0x0000000083500000| Untracked |  0
|  54|0x0000000083600000, 0x0000000083700000, 0x0000000083700000|100%|HS|  |TAMS 0x0000000083700000| PB 0x0000000083600000| Complete |  0
|  55|0x0000000083700000, 0x0000000083800000, 0x0000000083800000|100%|HS|  |TAMS 0x0000000083800000| PB 0x0000000083700000| Complete |  0
|  56|0x0000000083800000, 0x0000000083900000, 0x0000000083900000|100%|HC|  |TAMS 0x0000000083900000| PB 0x0000000083800000| Complete |  0
|  57|0x0000000083900000, 0x0000000083a00000, 0x0000000083a00000|100%|HS|  |TAMS 0x0000000083a00000| PB 0x0000000083900000| Complete |  0
|  58|0x0000000083a00000, 0x0000000083b00000, 0x0000000083b00000|100%|HS|  |TAMS 0x0000000083b00000| PB 0x0000000083a00000| Complete |  0
|  59|0x0000000083b00000, 0x0000000083c00000, 0x0000000083c00000|100%|HS|  |TAMS 0x0000000083c00000| PB 0x0000000083b00000| Complete |  0
|  60|0x0000000083c00000, 0x0000000083d00000, 0x0000000083d00000|100%| O|  |TAMS 0x0000000083d00000| PB 0x0000000083c00000| Untracked |  0
|  61|0x0000000083d00000, 0x0000000083e00000, 0x0000000083e00000|100%|HS|  |TAMS 0x0000000083e00000| PB 0x0000000083d00000| Complete |  0
|  62|0x0000000083e00000, 0x0000000083f00000, 0x0000000083f00000|100%|HS|  |TAMS 0x0000000083f00000| PB 0x0000000083e00000| Complete |  0
|  63|0x0000000083f00000, 0x0000000084000000, 0x0000000084000000|100%|HS|  |TAMS 0x0000000084000000| PB 0x0000000083f00000| Complete |  0
|  64|0x0000000084000000, 0x0000000084100000, 0x0000000084100000|100%|HS|  |TAMS 0x0000000084100000| PB 0x0000000084000000| Complete |  0
|  65|0x0000000084100000, 0x0000000084200000, 0x0000000084200000|100%|HC|  |TAMS 0x0000000084200000| PB 0x0000000084100000| Complete |  0
|  66|0x0000000084200000, 0x0000000084300000, 0x0000000084300000|100%| O|  |TAMS 0x0000000084300000| PB 0x0000000084200000| Untracked |  0
|  67|0x0000000084300000, 0x0000000084400000, 0x0000000084400000|100%| O|  |TAMS 0x0000000084400000| PB 0x0000000084300000| Untracked |  0
|  68|0x0000000084400000, 0x0000000084500000, 0x0000000084500000|100%| O|  |TAMS 0x0000000084500000| PB 0x0000000084400000| Untracked |  0
|  69|0x0000000084500000, 0x0000000084600000, 0x0000000084600000|100%| O|  |TAMS 0x0000000084600000| PB 0x0000000084500000| Untracked |  0
|  70|0x0000000084600000, 0x0000000084700000, 0x0000000084700000|100%| O|  |TAMS 0x0000000084700000| PB 0x0000000084600000| Untracked |  0
|  71|0x0000000084700000, 0x0000000084800000, 0x0000000084800000|100%| O|  |TAMS 0x0000000084800000| PB 0x0000000084700000| Untracked |  0
|  72|0x0000000084800000, 0x0000000084900000, 0x0000000084900000|100%| O|  |TAMS 0x0000000084900000| PB 0x0000000084800000| Untracked |  0
|  73|0x0000000084900000, 0x0000000084a00000, 0x0000000084a00000|100%|HS|  |TAMS 0x0000000084a00000| PB 0x0000000084900000| Complete |  0
|  74|0x0000000084a00000, 0x0000000084b00000, 0x0000000084b00000|100%| O|  |TAMS 0x0000000084b00000| PB 0x0000000084a00000| Untracked |  0
|  75|0x0000000084b00000, 0x0000000084c00000, 0x0000000084c00000|100%| O|  |TAMS 0x0000000084c00000| PB 0x0000000084b00000| Untracked |  0
|  76|0x0000000084c00000, 0x0000000084d00000, 0x0000000084d00000|100%| O|  |TAMS 0x0000000084d00000| PB 0x0000000084c00000| Untracked |  0
|  77|0x0000000084d00000, 0x0000000084e00000, 0x0000000084e00000|100%| O|  |TAMS 0x0000000084e00000| PB 0x0000000084d00000| Untracked |  0
|  78|0x0000000084e00000, 0x0000000084f00000, 0x0000000084f00000|100%| O|  |TAMS 0x0000000084f00000| PB 0x0000000084e00000| Untracked |  0
|  79|0x0000000084f00000, 0x0000000085000000, 0x0000000085000000|100%| O|  |TAMS 0x0000000085000000| PB 0x0000000084f00000| Untracked |  0
|  80|0x0000000085000000, 0x0000000085100000, 0x0000000085100000|100%| O|  |TAMS 0x0000000085100000| PB 0x0000000085000000| Untracked |  0
|  81|0x0000000085100000, 0x0000000085200000, 0x0000000085200000|100%| O|  |TAMS 0x0000000085200000| PB 0x0000000085100000| Untracked |  0
|  82|0x0000000085200000, 0x0000000085300000, 0x0000000085300000|100%| O|  |TAMS 0x0000000085300000| PB 0x0000000085200000| Untracked |  0
|  83|0x0000000085300000, 0x0000000085400000, 0x0000000085400000|100%| O|  |TAMS 0x0000000085400000| PB 0x0000000085300000| Untracked |  0
|  84|0x0000000085400000, 0x0000000085500000, 0x0000000085500000|100%| O|  |TAMS 0x0000000085500000| PB 0x0000000085400000| Untracked |  0
|  85|0x0000000085500000, 0x0000000085600000, 0x0000000085600000|100%| O|  |TAMS 0x0000000085600000| PB 0x0000000085500000| Untracked |  0
|  86|0x0000000085600000, 0x0000000085700000, 0x0000000085700000|100%| O|  |TAMS 0x0000000085700000| PB 0x0000000085600000| Untracked |  0
|  87|0x0000000085700000, 0x0000000085800000, 0x0000000085800000|100%| O|  |TAMS 0x0000000085800000| PB 0x0000000085700000| Untracked |  0
|  88|0x0000000085800000, 0x0000000085900000, 0x0000000085900000|100%| O|  |TAMS 0x0000000085900000| PB 0x0000000085900000| Untracked |  0
|  89|0x0000000085900000, 0x0000000085a00000, 0x0000000085a00000|100%| O|  |TAMS 0x0000000085a00000| PB 0x0000000085a00000| Untracked |  0
|  90|0x0000000085a00000, 0x0000000085b00000, 0x0000000085b00000|100%| O|  |TAMS 0x0000000085b00000| PB 0x0000000085b00000| Untracked |  0
|  91|0x0000000085b00000, 0x0000000085c00000, 0x0000000085c00000|100%| O|  |TAMS 0x0000000085c00000| PB 0x0000000085c00000| Untracked |  0
|  92|0x0000000085c00000, 0x0000000085d00000, 0x0000000085d00000|100%| O|  |TAMS 0x0000000085d00000| PB 0x0000000085d00000| Untracked |  0
|  93|0x0000000085d00000, 0x0000000085e00000, 0x0000000085e00000|100%| O|  |TAMS 0x0000000085e00000| PB 0x0000000085e00000| Untracked |  0
|  94|0x0000000085e00000, 0x0000000085f00000, 0x0000000085f00000|100%| O|  |TAMS 0x0000000085f00000| PB 0x0000000085f00000| Untracked |  0
|  95|0x0000000085f00000, 0x0000000086000000, 0x0000000086000000|100%| O|  |TAMS 0x0000000086000000| PB 0x0000000086000000| Untracked |  0
|  96|0x0000000086000000, 0x0000000086100000, 0x0000000086100000|100%| O|  |TAMS 0x0000000086100000| PB 0x0000000086100000| Untracked |  0
|  97|0x0000000086100000, 0x0000000086200000, 0x0000000086200000|100%| O|  |TAMS 0x0000000086200000| PB 0x0000000086200000| Untracked |  0
|  98|0x0000000086200000, 0x0000000086300000, 0x0000000086300000|100%| O|  |TAMS 0x0000000086300000| PB 0x0000000086300000| Untracked |  0
|  99|0x0000000086300000, 0x0000000086400000, 0x0000000086400000|100%| O|  |TAMS 0x0000000086400000| PB 0x0000000086400000| Untracked |  0
| 100|0x0000000086400000, 0x0000000086500000, 0x0000000086500000|100%| O|  |TAMS 0x0000000086500000| PB 0x0000000086500000| Untracked |  0
| 101|0x0000000086500000, 0x0000000086600000, 0x0000000086600000|100%| O|  |TAMS 0x0000000086600000| PB 0x0000000086600000| Untracked |  0
| 102|0x0000000086600000, 0x0000000086700000, 0x0000000086700000|100%| O|  |TAMS 0x0000000086700000| PB 0x0000000086700000| Untracked |  0
| 103|0x0000000086700000, 0x0000000086800000, 0x0000000086800000|100%| O|  |TAMS 0x0000000086800000| PB 0x0000000086800000| Untracked |  0
| 104|0x0000000086800000, 0x0000000086900000, 0x0000000086900000|100%| O|  |TAMS 0x0000000086900000| PB 0x0000000086900000| Untracked |  0
| 105|0x0000000086900000, 0x0000000086a00000, 0x0000000086a00000|100%| O|  |TAMS 0x0000000086a00000| PB 0x0000000086a00000| Untracked |  0
| 106|0x0000000086a00000, 0x0000000086b00000, 0x0000000086b00000|100%| O|  |TAMS 0x0000000086b00000| PB 0x0000000086b00000| Untracked |  0
| 107|0x0000000086b00000, 0x0000000086c00000, 0x0000000086c00000|100%| O|  |TAMS 0x0000000086c00000| PB 0x0000000086c00000| Untracked |  0
| 108|0x0000000086c00000, 0x0000000086d00000, 0x0000000086d00000|100%| O|  |TAMS 0x0000000086d00000| PB 0x0000000086d00000| Untracked |  0
| 109|0x0000000086d00000, 0x0000000086e00000, 0x0000000086e00000|100%| O|  |TAMS 0x0000000086e00000| PB 0x0000000086e00000| Untracked |  0
| 110|0x0000000086e00000, 0x0000000086f00000, 0x0000000086f00000|100%| O|  |TAMS 0x0000000086f00000| PB 0x0000000086f00000| Untracked |  0
| 111|0x0000000086f00000, 0x0000000087000000, 0x0000000087000000|100%| O|  |TAMS 0x0000000087000000| PB 0x0000000087000000| Untracked |  0
| 112|0x0000000087000000, 0x0000000087100000, 0x0000000087100000|100%| O|  |TAMS 0x0000000087100000| PB 0x0000000087100000| Untracked |  0
| 113|0x0000000087100000, 0x0000000087200000, 0x0000000087200000|100%| O|  |TAMS 0x0000000087200000| PB 0x0000000087200000| Untracked |  0
| 114|0x0000000087200000, 0x0000000087300000, 0x0000000087300000|100%| O|  |TAMS 0x0000000087300000| PB 0x0000000087300000| Untracked |  0
| 115|0x0000000087300000, 0x0000000087400000, 0x0000000087400000|100%| O|  |TAMS 0x0000000087400000| PB 0x0000000087400000| Untracked |  0
| 116|0x0000000087400000, 0x0000000087500000, 0x0000000087500000|100%| O|  |TAMS 0x0000000087500000| PB 0x0000000087500000| Untracked |  0
| 117|0x0000000087500000, 0x0000000087600000, 0x0000000087600000|100%| O|  |TAMS 0x0000000087600000| PB 0x0000000087600000| Untracked |  0
| 118|0x0000000087600000, 0x0000000087700000, 0x0000000087700000|100%| O|  |TAMS 0x0000000087700000| PB 0x0000000087700000| Untracked |  0
| 119|0x0000000087700000, 0x0000000087800000, 0x0000000087800000|100%| O|  |TAMS 0x0000000087800000| PB 0x0000000087800000| Untracked |  0
| 120|0x0000000087800000, 0x0000000087900000, 0x0000000087900000|100%| O|  |TAMS 0x0000000087900000| PB 0x0000000087900000| Untracked |  0
| 121|0x0000000087900000, 0x0000000087a00000, 0x0000000087a00000|100%| O|  |TAMS 0x0000000087a00000| PB 0x0000000087a00000| Untracked |  0
| 122|0x0000000087a00000, 0x0000000087b00000, 0x0000000087b00000|100%| O|  |TAMS 0x0000000087b00000| PB 0x0000000087b00000| Untracked |  0
| 123|0x0000000087b00000, 0x0000000087c00000, 0x0000000087c00000|100%| O|  |TAMS 0x0000000087c00000| PB 0x0000000087c00000| Untracked |  0
| 124|0x0000000087c00000, 0x0000000087d00000, 0x0000000087d00000|100%| O|  |TAMS 0x0000000087d00000| PB 0x0000000087d00000| Untracked |  0
| 125|0x0000000087d00000, 0x0000000087e00000, 0x0000000087e00000|100%| O|  |TAMS 0x0000000087e00000| PB 0x0000000087e00000| Untracked |  0
| 126|0x0000000087e00000, 0x0000000087f00000, 0x0000000087f00000|100%| O|  |TAMS 0x0000000087f00000| PB 0x0000000087f00000| Untracked |  0
| 127|0x0000000087f00000, 0x0000000088000000, 0x0000000088000000|100%| O|  |TAMS 0x0000000088000000| PB 0x0000000088000000| Untracked |  0
| 128|0x0000000088000000, 0x0000000088100000, 0x0000000088100000|100%| O|  |TAMS 0x0000000088100000| PB 0x0000000088100000| Untracked |  0
| 129|0x0000000088100000, 0x0000000088200000, 0x0000000088200000|100%| O|  |TAMS 0x0000000088200000| PB 0x0000000088200000| Untracked |  0
| 130|0x0000000088200000, 0x0000000088300000, 0x0000000088300000|100%| O|  |TAMS 0x0000000088300000| PB 0x0000000088300000| Untracked |  0
| 131|0x0000000088300000, 0x0000000088400000, 0x0000000088400000|100%| O|  |TAMS 0x0000000088400000| PB 0x0000000088400000| Untracked |  0
| 132|0x0000000088400000, 0x0000000088500000, 0x0000000088500000|100%| O|  |TAMS 0x0000000088500000| PB 0x0000000088500000| Untracked |  0
| 133|0x0000000088500000, 0x0000000088600000, 0x0000000088600000|100%| O|  |TAMS 0x0000000088500000| PB 0x0000000088500000| Untracked |  0
| 134|0x0000000088600000, 0x0000000088700000, 0x0000000088700000|100%| O|  |TAMS 0x0000000088700000| PB 0x0000000088700000| Untracked |  0
| 135|0x0000000088700000, 0x0000000088800000, 0x0000000088800000|100%| O|  |TAMS 0x0000000088700000| PB 0x0000000088700000| Untracked |  0
| 136|0x0000000088800000, 0x0000000088900000, 0x0000000088900000|100%| O|Cm|TAMS 0x0000000088900000| PB 0x0000000088900000| Updating |  0
| 137|0x0000000088900000, 0x0000000088a00000, 0x0000000088a00000|100%| O|  |TAMS 0x0000000088a00000| PB 0x0000000088a00000| Untracked |  0
| 138|0x0000000088a00000, 0x0000000088b00000, 0x0000000088b00000|100%| O|  |TAMS 0x0000000088b00000| PB 0x0000000088b00000| Untracked |  0
| 139|0x0000000088b00000, 0x0000000088c00000, 0x0000000088c00000|100%| O|  |TAMS 0x0000000088c00000| PB 0x0000000088c00000| Untracked |  0
| 140|0x0000000088c00000, 0x0000000088d00000, 0x0000000088d00000|100%| O|  |TAMS 0x0000000088d00000| PB 0x0000000088d00000| Untracked |  0
| 141|0x0000000088d00000, 0x0000000088e00000, 0x0000000088e00000|100%| O|  |TAMS 0x0000000088e00000| PB 0x0000000088e00000| Untracked |  0
| 142|0x0000000088e00000, 0x0000000088f00000, 0x0000000088f00000|100%| O|  |TAMS 0x0000000088f00000| PB 0x0000000088f00000| Untracked |  0
| 143|0x0000000088f00000, 0x0000000089000000, 0x0000000089000000|100%| O|  |TAMS 0x0000000089000000| PB 0x0000000089000000| Untracked |  0
| 144|0x0000000089000000, 0x0000000089100000, 0x0000000089100000|100%| O|  |TAMS 0x0000000089100000| PB 0x0000000089100000| Untracked |  0
| 145|0x0000000089100000, 0x0000000089200000, 0x0000000089200000|100%| O|  |TAMS 0x0000000089200000| PB 0x0000000089200000| Untracked |  0
| 146|0x0000000089200000, 0x0000000089300000, 0x0000000089300000|100%| O|  |TAMS 0x0000000089300000| PB 0x0000000089300000| Untracked |  0
| 147|0x0000000089300000, 0x0000000089400000, 0x0000000089400000|100%| O|  |TAMS 0x0000000089400000| PB 0x0000000089400000| Untracked |  0
| 148|0x0000000089400000, 0x0000000089500000, 0x0000000089500000|100%| O|  |TAMS 0x0000000089400000| PB 0x0000000089400000| Untracked |  0
| 149|0x0000000089500000, 0x0000000089600000, 0x0000000089600000|100%| O|  |TAMS 0x0000000089600000| PB 0x0000000089600000| Untracked |  0
| 150|0x0000000089600000, 0x0000000089700000, 0x0000000089700000|100%| O|  |TAMS 0x0000000089600000| PB 0x0000000089600000| Untracked |  0
| 151|0x0000000089700000, 0x0000000089800000, 0x0000000089800000|100%| O|  |TAMS 0x0000000089700000| PB 0x0000000089700000| Untracked |  0
| 152|0x0000000089800000, 0x0000000089900000, 0x0000000089900000|100%| O|  |TAMS 0x0000000089800000| PB 0x0000000089800000| Untracked |  0
| 153|0x0000000089900000, 0x0000000089a00000, 0x0000000089a00000|100%| O|  |TAMS 0x0000000089a00000| PB 0x0000000089a00000| Untracked |  0
| 154|0x0000000089a00000, 0x0000000089b00000, 0x0000000089b00000|100%| O|  |TAMS 0x0000000089a00000| PB 0x0000000089a00000| Untracked |  0
| 155|0x0000000089b00000, 0x0000000089c00000, 0x0000000089c00000|100%| O|  |TAMS 0x0000000089b00000| PB 0x0000000089b00000| Untracked |  0
| 156|0x0000000089c00000, 0x0000000089c00000, 0x0000000089d00000|  0%| F|  |TAMS 0x0000000089c00000| PB 0x0000000089c00000| Untracked |  0
| 157|0x0000000089d00000, 0x0000000089d00000, 0x0000000089e00000|  0%| F|  |TAMS 0x0000000089d00000| PB 0x0000000089d00000| Untracked |  0
| 158|0x0000000089e00000, 0x0000000089e00000, 0x0000000089f00000|  0%| F|  |TAMS 0x0000000089e00000| PB 0x0000000089e00000| Untracked |  0
| 159|0x0000000089f00000, 0x0000000089f00000, 0x000000008a000000|  0%| F|  |TAMS 0x0000000089f00000| PB 0x0000000089f00000| Untracked |  0
| 160|0x000000008a000000, 0x000000008a100000, 0x000000008a100000|100%| O|  |TAMS 0x000000008a100000| PB 0x000000008a100000| Untracked |  0
| 161|0x000000008a100000, 0x000000008a200000, 0x000000008a200000|100%| O|  |TAMS 0x000000008a200000| PB 0x000000008a200000| Untracked |  0
| 162|0x000000008a200000, 0x000000008a200000, 0x000000008a300000|  0%| F|  |TAMS 0x000000008a200000| PB 0x000000008a200000| Untracked |  0
| 163|0x000000008a300000, 0x000000008a300000, 0x000000008a400000|  0%| F|  |TAMS 0x000000008a300000| PB 0x000000008a300000| Untracked |  0
| 164|0x000000008a400000, 0x000000008a400000, 0x000000008a500000|  0%| F|  |TAMS 0x000000008a400000| PB 0x000000008a400000| Untracked |  0
| 165|0x000000008a500000, 0x000000008a500000, 0x000000008a600000|  0%| F|  |TAMS 0x000000008a500000| PB 0x000000008a500000| Untracked |  0
| 166|0x000000008a600000, 0x000000008a600000, 0x000000008a700000|  0%| F|  |TAMS 0x000000008a600000| PB 0x000000008a600000| Untracked |  0
| 167|0x000000008a700000, 0x000000008a800000, 0x000000008a800000|100%| O|Cm|TAMS 0x000000008a800000| PB 0x000000008a800000| Updating |  0
| 168|0x000000008a800000, 0x000000008a900000, 0x000000008a900000|100%| O|  |TAMS 0x000000008a900000| PB 0x000000008a900000| Untracked |  0
| 169|0x000000008a900000, 0x000000008aa00000, 0x000000008aa00000|100%| O|  |TAMS 0x000000008aa00000| PB 0x000000008aa00000| Untracked |  0
| 170|0x000000008aa00000, 0x000000008aa00000, 0x000000008ab00000|  0%| F|  |TAMS 0x000000008aa00000| PB 0x000000008aa00000| Untracked |  0
| 171|0x000000008ab00000, 0x000000008ac00000, 0x000000008ac00000|100%| O|  |TAMS 0x000000008ac00000| PB 0x000000008ac00000| Untracked |  0
| 172|0x000000008ac00000, 0x000000008ad00000, 0x000000008ad00000|100%| O|  |TAMS 0x000000008ad00000| PB 0x000000008ad00000| Untracked |  0
| 173|0x000000008ad00000, 0x000000008ad00000, 0x000000008ae00000|  0%| F|  |TAMS 0x000000008ad00000| PB 0x000000008ad00000| Untracked |  0
| 174|0x000000008ae00000, 0x000000008af00000, 0x000000008af00000|100%| O|Cm|TAMS 0x000000008af00000| PB 0x000000008af00000| Updating |  0
| 175|0x000000008af00000, 0x000000008b000000, 0x000000008b000000|100%| O|  |TAMS 0x000000008b000000| PB 0x000000008b000000| Untracked |  0
| 176|0x000000008b000000, 0x000000008b100000, 0x000000008b100000|100%| O|Cm|TAMS 0x000000008b100000| PB 0x000000008b100000| Updating |  0
| 177|0x000000008b100000, 0x000000008b200000, 0x000000008b200000|100%| O|Cm|TAMS 0x000000008b200000| PB 0x000000008b200000| Updating |  0
| 178|0x000000008b200000, 0x000000008b300000, 0x000000008b300000|100%| O|  |TAMS 0x000000008b300000| PB 0x000000008b300000| Untracked |  0
| 179|0x000000008b300000, 0x000000008b300000, 0x000000008b400000|  0%| F|  |TAMS 0x000000008b300000| PB 0x000000008b300000| Untracked |  0
| 180|0x000000008b400000, 0x000000008b500000, 0x000000008b500000|100%| O|  |TAMS 0x000000008b500000| PB 0x000000008b500000| Untracked |  0
| 181|0x000000008b500000, 0x000000008b600000, 0x000000008b600000|100%| O|  |TAMS 0x000000008b600000| PB 0x000000008b600000| Untracked |  0
| 182|0x000000008b600000, 0x000000008b700000, 0x000000008b700000|100%| O|  |TAMS 0x000000008b700000| PB 0x000000008b700000| Untracked |  0
| 183|0x000000008b700000, 0x000000008b800000, 0x000000008b800000|100%| O|  |TAMS 0x000000008b800000| PB 0x000000008b800000| Untracked |  0
| 184|0x000000008b800000, 0x000000008b900000, 0x000000008b900000|100%| O|  |TAMS 0x000000008b900000| PB 0x000000008b900000| Untracked |  0
| 185|0x000000008b900000, 0x000000008ba00000, 0x000000008ba00000|100%| O|  |TAMS 0x000000008ba00000| PB 0x000000008ba00000| Untracked |  0
| 186|0x000000008ba00000, 0x000000008bb00000, 0x000000008bb00000|100%| O|  |TAMS 0x000000008bb00000| PB 0x000000008bb00000| Untracked |  0
| 187|0x000000008bb00000, 0x000000008bc00000, 0x000000008bc00000|100%| O|  |TAMS 0x000000008bc00000| PB 0x000000008bc00000| Untracked |  0
| 188|0x000000008bc00000, 0x000000008bd00000, 0x000000008bd00000|100%| O|  |TAMS 0x000000008bc90e20| PB 0x000000008bc90e20| Untracked |  0
| 189|0x000000008bd00000, 0x000000008be00000, 0x000000008be00000|100%| O|  |TAMS 0x000000008bd00000| PB 0x000000008bd00000| Untracked |  0
| 190|0x000000008be00000, 0x000000008bf00000, 0x000000008bf00000|100%| O|  |TAMS 0x000000008be00000| PB 0x000000008be00000| Untracked |  0
| 191|0x000000008bf00000, 0x000000008c000000, 0x000000008c000000|100%| O|  |TAMS 0x000000008bf00000| PB 0x000000008bf00000| Untracked |  0
| 192|0x000000008c000000, 0x000000008c100000, 0x000000008c100000|100%| O|  |TAMS 0x000000008c000000| PB 0x000000008c000000| Untracked |  0
| 193|0x000000008c100000, 0x000000008c200000, 0x000000008c200000|100%| O|  |TAMS 0x000000008c100000| PB 0x000000008c100000| Untracked |  0
| 194|0x000000008c200000, 0x000000008c200000, 0x000000008c300000|  0%| F|  |TAMS 0x000000008c200000| PB 0x000000008c200000| Untracked |  0
| 195|0x000000008c300000, 0x000000008c300000, 0x000000008c400000|  0%| F|  |TAMS 0x000000008c300000| PB 0x000000008c300000| Untracked |  0
| 196|0x000000008c400000, 0x000000008c500000, 0x000000008c500000|100%| O|  |TAMS 0x000000008c400000| PB 0x000000008c400000| Untracked |  0
| 197|0x000000008c500000, 0x000000008c600000, 0x000000008c600000|100%| O|  |TAMS 0x000000008c500000| PB 0x000000008c500000| Untracked |  0
| 198|0x000000008c600000, 0x000000008c700000, 0x000000008c700000|100%| O|  |TAMS 0x000000008c600000| PB 0x000000008c600000| Untracked |  0
| 199|0x000000008c700000, 0x000000008c800000, 0x000000008c800000|100%| O|  |TAMS 0x000000008c700000| PB 0x000000008c700000| Untracked |  0
| 200|0x000000008c800000, 0x000000008c900000, 0x000000008c900000|100%| O|  |TAMS 0x000000008c800000| PB 0x000000008c800000| Untracked |  0
| 201|0x000000008c900000, 0x000000008ca00000, 0x000000008ca00000|100%| O|  |TAMS 0x000000008c900000| PB 0x000000008c900000| Untracked |  0
| 202|0x000000008ca00000, 0x000000008cb00000, 0x000000008cb00000|100%| O|  |TAMS 0x000000008ca00000| PB 0x000000008ca00000| Untracked |  0
| 203|0x000000008cb00000, 0x000000008cc00000, 0x000000008cc00000|100%| O|  |TAMS 0x000000008cb00000| PB 0x000000008cb00000| Untracked |  0
| 204|0x000000008cc00000, 0x000000008cceb448, 0x000000008cd00000| 91%| O|  |TAMS 0x000000008cc00000| PB 0x000000008cc00000| Untracked |  0
| 205|0x000000008cd00000, 0x000000008cd00000, 0x000000008ce00000|  0%| F|  |TAMS 0x000000008cd00000| PB 0x000000008cd00000| Untracked |  0
| 206|0x000000008ce00000, 0x000000008ce00000, 0x000000008cf00000|  0%| F|  |TAMS 0x000000008ce00000| PB 0x000000008ce00000| Untracked |  0
| 207|0x000000008cf00000, 0x000000008cf00000, 0x000000008d000000|  0%| F|  |TAMS 0x000000008cf00000| PB 0x000000008cf00000| Untracked |  0
| 208|0x000000008d000000, 0x000000008d000000, 0x000000008d100000|  0%| F|  |TAMS 0x000000008d000000| PB 0x000000008d000000| Untracked |  0
| 209|0x000000008d100000, 0x000000008d100000, 0x000000008d200000|  0%| F|  |TAMS 0x000000008d100000| PB 0x000000008d100000| Untracked |  0
| 210|0x000000008d200000, 0x000000008d200000, 0x000000008d300000|  0%| F|  |TAMS 0x000000008d200000| PB 0x000000008d200000| Untracked |  0
| 211|0x000000008d300000, 0x000000008d300000, 0x000000008d400000|  0%| F|  |TAMS 0x000000008d300000| PB 0x000000008d300000| Untracked |  0
| 212|0x000000008d400000, 0x000000008d400000, 0x000000008d500000|  0%| F|  |TAMS 0x000000008d400000| PB 0x000000008d400000| Untracked |  0
| 213|0x000000008d500000, 0x000000008d500000, 0x000000008d600000|  0%| F|  |TAMS 0x000000008d500000| PB 0x000000008d500000| Untracked |  0
| 214|0x000000008d600000, 0x000000008d600000, 0x000000008d700000|  0%| F|  |TAMS 0x000000008d600000| PB 0x000000008d600000| Untracked |  0
| 215|0x000000008d700000, 0x000000008d700000, 0x000000008d800000|  0%| F|  |TAMS 0x000000008d700000| PB 0x000000008d700000| Untracked |  0
| 216|0x000000008d800000, 0x000000008d800000, 0x000000008d900000|  0%| F|  |TAMS 0x000000008d800000| PB 0x000000008d800000| Untracked |  0
| 217|0x000000008d900000, 0x000000008d900000, 0x000000008da00000|  0%| F|  |TAMS 0x000000008d900000| PB 0x000000008d900000| Untracked |  0
| 218|0x000000008da00000, 0x000000008da00000, 0x000000008db00000|  0%| F|  |TAMS 0x000000008da00000| PB 0x000000008da00000| Untracked |  0
| 219|0x000000008db00000, 0x000000008db00000, 0x000000008dc00000|  0%| F|  |TAMS 0x000000008db00000| PB 0x000000008db00000| Untracked |  0
| 220|0x000000008dc00000, 0x000000008dc00000, 0x000000008dd00000|  0%| F|  |TAMS 0x000000008dc00000| PB 0x000000008dc00000| Untracked |  0
| 221|0x000000008dd00000, 0x000000008dd00000, 0x000000008de00000|  0%| F|  |TAMS 0x000000008dd00000| PB 0x000000008dd00000| Untracked |  0
| 222|0x000000008de00000, 0x000000008de00000, 0x000000008df00000|  0%| F|  |TAMS 0x000000008de00000| PB 0x000000008de00000| Untracked |  0
| 223|0x000000008df00000, 0x000000008df00000, 0x000000008e000000|  0%| F|  |TAMS 0x000000008df00000| PB 0x000000008df00000| Untracked |  0
| 224|0x000000008e000000, 0x000000008e000000, 0x000000008e100000|  0%| F|  |TAMS 0x000000008e000000| PB 0x000000008e000000| Untracked |  0
| 225|0x000000008e100000, 0x000000008e100000, 0x000000008e200000|  0%| F|  |TAMS 0x000000008e100000| PB 0x000000008e100000| Untracked |  0
| 226|0x000000008e200000, 0x000000008e200000, 0x000000008e300000|  0%| F|  |TAMS 0x000000008e200000| PB 0x000000008e200000| Untracked |  0
| 227|0x000000008e300000, 0x000000008e300000, 0x000000008e400000|  0%| F|  |TAMS 0x000000008e300000| PB 0x000000008e300000| Untracked |  0
| 228|0x000000008e400000, 0x000000008e400000, 0x000000008e500000|  0%| F|  |TAMS 0x000000008e400000| PB 0x000000008e400000| Untracked |  0
| 229|0x000000008e500000, 0x000000008e500000, 0x000000008e600000|  0%| F|  |TAMS 0x000000008e500000| PB 0x000000008e500000| Untracked |  0
| 230|0x000000008e600000, 0x000000008e600000, 0x000000008e700000|  0%| F|  |TAMS 0x000000008e600000| PB 0x000000008e600000| Untracked |  0
| 231|0x000000008e700000, 0x000000008e700000, 0x000000008e800000|  0%| F|  |TAMS 0x000000008e700000| PB 0x000000008e700000| Untracked |  0
| 232|0x000000008e800000, 0x000000008e800000, 0x000000008e900000|  0%| F|  |TAMS 0x000000008e800000| PB 0x000000008e800000| Untracked |  0
| 233|0x000000008e900000, 0x000000008e900000, 0x000000008ea00000|  0%| F|  |TAMS 0x000000008e900000| PB 0x000000008e900000| Untracked |  0
| 234|0x000000008ea00000, 0x000000008ea00000, 0x000000008eb00000|  0%| F|  |TAMS 0x000000008ea00000| PB 0x000000008ea00000| Untracked |  0
| 235|0x000000008eb00000, 0x000000008eb00000, 0x000000008ec00000|  0%| F|  |TAMS 0x000000008eb00000| PB 0x000000008eb00000| Untracked |  0
| 236|0x000000008ec00000, 0x000000008ec00000, 0x000000008ed00000|  0%| F|  |TAMS 0x000000008ec00000| PB 0x000000008ec00000| Untracked |  0
| 237|0x000000008ed00000, 0x000000008ed00000, 0x000000008ee00000|  0%| F|  |TAMS 0x000000008ed00000| PB 0x000000008ed00000| Untracked |  0
| 238|0x000000008ee00000, 0x000000008ee00000, 0x000000008ef00000|  0%| F|  |TAMS 0x000000008ee00000| PB 0x000000008ee00000| Untracked |  0
| 239|0x000000008ef00000, 0x000000008ef00000, 0x000000008f000000|  0%| F|  |TAMS 0x000000008ef00000| PB 0x000000008ef00000| Untracked |  0
| 240|0x000000008f000000, 0x000000008f000000, 0x000000008f100000|  0%| F|  |TAMS 0x000000008f000000| PB 0x000000008f000000| Untracked |  0
| 241|0x000000008f100000, 0x000000008f100000, 0x000000008f200000|  0%| F|  |TAMS 0x000000008f100000| PB 0x000000008f100000| Untracked |  0
| 242|0x000000008f200000, 0x000000008f200000, 0x000000008f300000|  0%| F|  |TAMS 0x000000008f200000| PB 0x000000008f200000| Untracked |  0
| 243|0x000000008f300000, 0x000000008f300000, 0x000000008f400000|  0%| F|  |TAMS 0x000000008f300000| PB 0x000000008f300000| Untracked |  0
| 244|0x000000008f400000, 0x000000008f400000, 0x000000008f500000|  0%| F|  |TAMS 0x000000008f400000| PB 0x000000008f400000| Untracked |  0
| 245|0x000000008f500000, 0x000000008f500000, 0x000000008f600000|  0%| F|  |TAMS 0x000000008f500000| PB 0x000000008f500000| Untracked |  0
| 246|0x000000008f600000, 0x000000008f600000, 0x000000008f700000|  0%| F|  |TAMS 0x000000008f600000| PB 0x000000008f600000| Untracked |  0
| 247|0x000000008f700000, 0x000000008f700000, 0x000000008f800000|  0%| F|  |TAMS 0x000000008f700000| PB 0x000000008f700000| Untracked |  0
| 248|0x000000008f800000, 0x000000008f800000, 0x000000008f900000|  0%| F|  |TAMS 0x000000008f800000| PB 0x000000008f800000| Untracked |  0
| 249|0x000000008f900000, 0x000000008f900000, 0x000000008fa00000|  0%| F|  |TAMS 0x000000008f900000| PB 0x000000008f900000| Untracked |  0
| 250|0x000000008fa00000, 0x000000008fa00000, 0x000000008fb00000|  0%| F|  |TAMS 0x000000008fa00000| PB 0x000000008fa00000| Untracked |  0
| 251|0x000000008fb00000, 0x000000008fb00000, 0x000000008fc00000|  0%| F|  |TAMS 0x000000008fb00000| PB 0x000000008fb00000| Untracked |  0
| 252|0x000000008fc00000, 0x000000008fc00000, 0x000000008fd00000|  0%| F|  |TAMS 0x000000008fc00000| PB 0x000000008fc00000| Untracked |  0
| 253|0x000000008fd00000, 0x000000008fd00000, 0x000000008fe00000|  0%| F|  |TAMS 0x000000008fd00000| PB 0x000000008fd00000| Untracked |  0
| 254|0x000000008fe00000, 0x000000008fe00000, 0x000000008ff00000|  0%| F|  |TAMS 0x000000008fe00000| PB 0x000000008fe00000| Untracked |  0
| 255|0x000000008ff00000, 0x000000008ff00000, 0x0000000090000000|  0%| F|  |TAMS 0x000000008ff00000| PB 0x000000008ff00000| Untracked |  0
| 256|0x0000000090000000, 0x0000000090000000, 0x0000000090100000|  0%| F|  |TAMS 0x0000000090000000| PB 0x0000000090000000| Untracked |  0
| 257|0x0000000090100000, 0x0000000090100000, 0x0000000090200000|  0%| F|  |TAMS 0x0000000090100000| PB 0x0000000090100000| Untracked |  0
| 258|0x0000000090200000, 0x0000000090200000, 0x0000000090300000|  0%| F|  |TAMS 0x0000000090200000| PB 0x0000000090200000| Untracked |  0
| 259|0x0000000090300000, 0x0000000090300000, 0x0000000090400000|  0%| F|  |TAMS 0x0000000090300000| PB 0x0000000090300000| Untracked |  0
| 260|0x0000000090400000, 0x0000000090400000, 0x0000000090500000|  0%| F|  |TAMS 0x0000000090400000| PB 0x0000000090400000| Untracked |  0
| 261|0x0000000090500000, 0x0000000090500000, 0x0000000090600000|  0%| F|  |TAMS 0x0000000090500000| PB 0x0000000090500000| Untracked |  0
| 262|0x0000000090600000, 0x0000000090600000, 0x0000000090700000|  0%| F|  |TAMS 0x0000000090600000| PB 0x0000000090600000| Untracked |  0
| 263|0x0000000090700000, 0x0000000090700000, 0x0000000090800000|  0%| F|  |TAMS 0x0000000090700000| PB 0x0000000090700000| Untracked |  0
| 264|0x0000000090800000, 0x0000000090800000, 0x0000000090900000|  0%| F|  |TAMS 0x0000000090800000| PB 0x0000000090800000| Untracked |  0
| 265|0x0000000090900000, 0x0000000090900000, 0x0000000090a00000|  0%| F|  |TAMS 0x0000000090900000| PB 0x0000000090900000| Untracked |  0
| 266|0x0000000090a00000, 0x0000000090a00000, 0x0000000090b00000|  0%| F|  |TAMS 0x0000000090a00000| PB 0x0000000090a00000| Untracked |  0
| 267|0x0000000090b00000, 0x0000000090b00000, 0x0000000090c00000|  0%| F|  |TAMS 0x0000000090b00000| PB 0x0000000090b00000| Untracked |  0
| 268|0x0000000090c00000, 0x0000000090c00000, 0x0000000090d00000|  0%| F|  |TAMS 0x0000000090c00000| PB 0x0000000090c00000| Untracked |  0
| 269|0x0000000090d00000, 0x0000000090d00000, 0x0000000090e00000|  0%| F|  |TAMS 0x0000000090d00000| PB 0x0000000090d00000| Untracked |  0
| 270|0x0000000090e00000, 0x0000000090e00000, 0x0000000090f00000|  0%| F|  |TAMS 0x0000000090e00000| PB 0x0000000090e00000| Untracked |  0
| 271|0x0000000090f00000, 0x0000000090f00000, 0x0000000091000000|  0%| F|  |TAMS 0x0000000090f00000| PB 0x0000000090f00000| Untracked |  0
| 272|0x0000000091000000, 0x0000000091000000, 0x0000000091100000|  0%| F|  |TAMS 0x0000000091000000| PB 0x0000000091000000| Untracked |  0
| 273|0x0000000091100000, 0x0000000091100000, 0x0000000091200000|  0%| F|  |TAMS 0x0000000091100000| PB 0x0000000091100000| Untracked |  0
| 274|0x0000000091200000, 0x0000000091200000, 0x0000000091300000|  0%| F|  |TAMS 0x0000000091200000| PB 0x0000000091200000| Untracked |  0
| 275|0x0000000091300000, 0x0000000091300000, 0x0000000091400000|  0%| F|  |TAMS 0x0000000091300000| PB 0x0000000091300000| Untracked |  0
| 276|0x0000000091400000, 0x0000000091400000, 0x0000000091500000|  0%| F|  |TAMS 0x0000000091400000| PB 0x0000000091400000| Untracked |  0
| 277|0x0000000091500000, 0x0000000091500000, 0x0000000091600000|  0%| F|  |TAMS 0x0000000091500000| PB 0x0000000091500000| Untracked |  0
| 278|0x0000000091600000, 0x0000000091600000, 0x0000000091700000|  0%| F|  |TAMS 0x0000000091600000| PB 0x0000000091600000| Untracked |  0
| 279|0x0000000091700000, 0x0000000091700000, 0x0000000091800000|  0%| F|  |TAMS 0x0000000091700000| PB 0x0000000091700000| Untracked |  0
| 280|0x0000000091800000, 0x0000000091800000, 0x0000000091900000|  0%| F|  |TAMS 0x0000000091800000| PB 0x0000000091800000| Untracked |  0
| 281|0x0000000091900000, 0x0000000091900000, 0x0000000091a00000|  0%| F|  |TAMS 0x0000000091900000| PB 0x0000000091900000| Untracked |  0
| 282|0x0000000091a00000, 0x0000000091a00000, 0x0000000091b00000|  0%| F|  |TAMS 0x0000000091a00000| PB 0x0000000091a00000| Untracked |  0
| 283|0x0000000091b00000, 0x0000000091b00000, 0x0000000091c00000|  0%| F|  |TAMS 0x0000000091b00000| PB 0x0000000091b00000| Untracked |  0
| 284|0x0000000091c00000, 0x0000000091c00000, 0x0000000091d00000|  0%| F|  |TAMS 0x0000000091c00000| PB 0x0000000091c00000| Untracked |  0
| 285|0x0000000091d00000, 0x0000000091d00000, 0x0000000091e00000|  0%| F|  |TAMS 0x0000000091d00000| PB 0x0000000091d00000| Untracked |  0
| 286|0x0000000091e00000, 0x0000000091e00000, 0x0000000091f00000|  0%| F|  |TAMS 0x0000000091e00000| PB 0x0000000091e00000| Untracked |  0
| 287|0x0000000091f00000, 0x0000000091f00000, 0x0000000092000000|  0%| F|  |TAMS 0x0000000091f00000| PB 0x0000000091f00000| Untracked |  0
| 288|0x0000000092000000, 0x0000000092000000, 0x0000000092100000|  0%| F|  |TAMS 0x0000000092000000| PB 0x0000000092000000| Untracked |  0
| 289|0x0000000092100000, 0x0000000092100000, 0x0000000092200000|  0%| F|  |TAMS 0x0000000092100000| PB 0x0000000092100000| Untracked |  0
| 290|0x0000000092200000, 0x0000000092200000, 0x0000000092300000|  0%| F|  |TAMS 0x0000000092200000| PB 0x0000000092200000| Untracked |  0
| 291|0x0000000092300000, 0x0000000092300000, 0x0000000092400000|  0%| F|  |TAMS 0x0000000092300000| PB 0x0000000092300000| Untracked |  0
| 292|0x0000000092400000, 0x0000000092400000, 0x0000000092500000|  0%| F|  |TAMS 0x0000000092400000| PB 0x0000000092400000| Untracked |  0
| 293|0x0000000092500000, 0x0000000092500000, 0x0000000092600000|  0%| F|  |TAMS 0x0000000092500000| PB 0x0000000092500000| Untracked |  0
| 294|0x0000000092600000, 0x0000000092600000, 0x0000000092700000|  0%| F|  |TAMS 0x0000000092600000| PB 0x0000000092600000| Untracked |  0
| 295|0x0000000092700000, 0x0000000092700000, 0x0000000092800000|  0%| F|  |TAMS 0x0000000092700000| PB 0x0000000092700000| Untracked |  0
| 296|0x0000000092800000, 0x0000000092800000, 0x0000000092900000|  0%| F|  |TAMS 0x0000000092800000| PB 0x0000000092800000| Untracked |  0
| 297|0x0000000092900000, 0x0000000092900000, 0x0000000092a00000|  0%| F|  |TAMS 0x0000000092900000| PB 0x0000000092900000| Untracked |  0
| 298|0x0000000092a00000, 0x0000000092a00000, 0x0000000092b00000|  0%| F|  |TAMS 0x0000000092a00000| PB 0x0000000092a00000| Untracked |  0
| 299|0x0000000092b00000, 0x0000000092b00000, 0x0000000092c00000|  0%| F|  |TAMS 0x0000000092b00000| PB 0x0000000092b00000| Untracked |  0
| 300|0x0000000092c00000, 0x0000000092c00000, 0x0000000092d00000|  0%| F|  |TAMS 0x0000000092c00000| PB 0x0000000092c00000| Untracked |  0
| 301|0x0000000092d00000, 0x0000000092d00000, 0x0000000092e00000|  0%| F|  |TAMS 0x0000000092d00000| PB 0x0000000092d00000| Untracked |  0
| 302|0x0000000092e00000, 0x0000000092e00000, 0x0000000092f00000|  0%| F|  |TAMS 0x0000000092e00000| PB 0x0000000092e00000| Untracked |  0
| 303|0x0000000092f00000, 0x0000000092f00000, 0x0000000093000000|  0%| F|  |TAMS 0x0000000092f00000| PB 0x0000000092f00000| Untracked |  0
| 304|0x0000000093000000, 0x0000000093000000, 0x0000000093100000|  0%| F|  |TAMS 0x0000000093000000| PB 0x0000000093000000| Untracked |  0
| 305|0x0000000093100000, 0x0000000093100000, 0x0000000093200000|  0%| F|  |TAMS 0x0000000093100000| PB 0x0000000093100000| Untracked |  0
| 306|0x0000000093200000, 0x0000000093200000, 0x0000000093300000|  0%| F|  |TAMS 0x0000000093200000| PB 0x0000000093200000| Untracked |  0
| 307|0x0000000093300000, 0x0000000093400000, 0x0000000093400000|100%| S|CS|TAMS 0x0000000093300000| PB 0x0000000093300000| Complete |  0
| 308|0x0000000093400000, 0x0000000093500000, 0x0000000093500000|100%| S|CS|TAMS 0x0000000093400000| PB 0x0000000093400000| Complete |  0
| 309|0x0000000093500000, 0x0000000093600000, 0x0000000093600000|100%| S|CS|TAMS 0x0000000093500000| PB 0x0000000093500000| Complete |  0
| 310|0x0000000093600000, 0x0000000093700000, 0x0000000093700000|100%| S|CS|TAMS 0x0000000093600000| PB 0x0000000093600000| Complete |  0
| 311|0x0000000093700000, 0x0000000093800000, 0x0000000093800000|100%| S|CS|TAMS 0x0000000093700000| PB 0x0000000093700000| Complete |  0
| 312|0x0000000093800000, 0x0000000093900000, 0x0000000093900000|100%| S|CS|TAMS 0x0000000093800000| PB 0x0000000093800000| Complete |  0
| 313|0x0000000093900000, 0x0000000093a00000, 0x0000000093a00000|100%| S|CS|TAMS 0x0000000093900000| PB 0x0000000093900000| Complete |  0
| 314|0x0000000093a00000, 0x0000000093b00000, 0x0000000093b00000|100%| S|CS|TAMS 0x0000000093a00000| PB 0x0000000093a00000| Complete |  0
| 315|0x0000000093b00000, 0x0000000093c00000, 0x0000000093c00000|100%| S|CS|TAMS 0x0000000093b00000| PB 0x0000000093b00000| Complete |  0
| 316|0x0000000093c00000, 0x0000000093d00000, 0x0000000093d00000|100%| S|CS|TAMS 0x0000000093c00000| PB 0x0000000093c00000| Complete |  0
| 317|0x0000000093d00000, 0x0000000093e00000, 0x0000000093e00000|100%| S|CS|TAMS 0x0000000093d00000| PB 0x0000000093d00000| Complete |  0
| 318|0x0000000093e00000, 0x0000000093f00000, 0x0000000093f00000|100%| S|CS|TAMS 0x0000000093e00000| PB 0x0000000093e00000| Complete |  0
| 319|0x0000000093f00000, 0x0000000094000000, 0x0000000094000000|100%| S|CS|TAMS 0x0000000093f00000| PB 0x0000000093f00000| Complete |  0
| 320|0x0000000094000000, 0x0000000094000000, 0x0000000094100000|  0%| F|  |TAMS 0x0000000094000000| PB 0x0000000094000000| Untracked |  0
| 321|0x0000000094100000, 0x0000000094100000, 0x0000000094200000|  0%| F|  |TAMS 0x0000000094100000| PB 0x0000000094100000| Untracked |  0
| 322|0x0000000094200000, 0x0000000094200000, 0x0000000094300000|  0%| F|  |TAMS 0x0000000094200000| PB 0x0000000094200000| Untracked |  0
| 323|0x0000000094300000, 0x0000000094300000, 0x0000000094400000|  0%| F|  |TAMS 0x0000000094300000| PB 0x0000000094300000| Untracked |  0
| 324|0x0000000094400000, 0x0000000094400000, 0x0000000094500000|  0%| F|  |TAMS 0x0000000094400000| PB 0x0000000094400000| Untracked |  0
|2031|0x00000000fef00000, 0x00000000ff000000, 0x00000000ff000000|100%| O|  |TAMS 0x00000000ff000000| PB 0x00000000ff000000| Untracked |  0
|2032|0x00000000ff000000, 0x00000000ff100000, 0x00000000ff100000|100%| O|  |TAMS 0x00000000ff100000| PB 0x00000000ff100000| Untracked |  0
|2033|0x00000000ff100000, 0x00000000ff200000, 0x00000000ff200000|100%| O|  |TAMS 0x00000000ff200000| PB 0x00000000ff200000| Untracked |  0
|2034|0x00000000ff200000, 0x00000000ff300000, 0x00000000ff300000|100%| O|  |TAMS 0x00000000ff300000| PB 0x00000000ff300000| Untracked |  0
|2035|0x00000000ff300000, 0x00000000ff300000, 0x00000000ff400000|  0%| F|  |TAMS 0x00000000ff300000| PB 0x00000000ff300000| Untracked |  0
|2036|0x00000000ff400000, 0x00000000ff400000, 0x00000000ff500000|  0%| F|  |TAMS 0x00000000ff400000| PB 0x00000000ff400000| Untracked |  0
|2037|0x00000000ff500000, 0x00000000ff600000, 0x00000000ff600000|100%| O|  |TAMS 0x00000000ff600000| PB 0x00000000ff600000| Untracked |  0
|2038|0x00000000ff600000, 0x00000000ff700000, 0x00000000ff700000|100%| O|  |TAMS 0x00000000ff700000| PB 0x00000000ff700000| Untracked |  0
|2039|0x00000000ff700000, 0x00000000ff800000, 0x00000000ff800000|100%| O|  |TAMS 0x00000000ff800000| PB 0x00000000ff800000| Untracked |  0
|2040|0x00000000ff800000, 0x00000000ff900000, 0x00000000ff900000|100%| O|  |TAMS 0x00000000ff900000| PB 0x00000000ff900000| Untracked |  0
|2041|0x00000000ff900000, 0x00000000ffa00000, 0x00000000ffa00000|100%| O|  |TAMS 0x00000000ffa00000| PB 0x00000000ffa00000| Untracked |  0
|2042|0x00000000ffa00000, 0x00000000ffb00000, 0x00000000ffb00000|100%| O|  |TAMS 0x00000000ffb00000| PB 0x00000000ffb00000| Untracked |  0
|2043|0x00000000ffb00000, 0x00000000ffb00000, 0x00000000ffc00000|  0%| F|  |TAMS 0x00000000ffb00000| PB 0x00000000ffb00000| Untracked |  0
|2044|0x00000000ffc00000, 0x00000000ffd00000, 0x00000000ffd00000|100%| O|  |TAMS 0x00000000ffd00000| PB 0x00000000ffd00000| Untracked |  0
|2045|0x00000000ffd00000, 0x00000000ffe00000, 0x00000000ffe00000|100%| O|  |TAMS 0x00000000ffe00000| PB 0x00000000ffe00000| Untracked |  0
|2046|0x00000000ffe00000, 0x00000000fff00000, 0x00000000fff00000|100%| O|  |TAMS 0x00000000fff00000| PB 0x00000000fff00000| Untracked |  0
|2047|0x00000000fff00000, 0x0000000100000000, 0x0000000100000000|100%| O|  |TAMS 0x0000000100000000| PB 0x0000000100000000| Untracked |  0

Card table byte_map: [0x0000017fcb2d0000,0x0000017fcb6d0000] _byte_map_base: 0x0000017fcaed0000

Marking Bits: (CMBitMap*) 0x0000017fb8a3dc00
 Bits: [0x0000017fcb6d0000, 0x0000017fcd6d0000)

Polling page: 0x0000017fb68b0000

Metaspace:
Metaspace        used 153962K, committed 156480K, reserved 1245184K
 class space     used 22239K, committed 23424K, reserved 1048576K

Usage:
  Non-class:    128.64 MB used.
      Class:     21.72 MB used.
       Both:    150.35 MB used.

Virtual space:
  Non-class space:      192.00 MB reserved,     129.94 MB ( 68%) committed,  3 nodes.
      Class space:        1.00 GB reserved,      22.88 MB (  2%) committed,  1 nodes.
             Both:        1.19 GB reserved,     152.81 MB ( 13%) committed. 

Chunk freelists:
   Non-Class:  13.30 MB
       Class:  8.97 MB
        Both:  22.27 MB

MaxMetaspaceSize: unlimited
CompressedClassSpaceSize: 1.00 GB
Initial GC threshold: 21.00 MB
Current GC threshold: 254.62 MB
CDS: off
 - commit_granule_bytes: 65536.
 - commit_granule_words: 8192.
 - virtual_space_node_default_size: 8388608.
 - enlarge_chunks_in_place: 1.
UseCompressedClassPointers 1, UseCompactObjectHeaders 0
Narrow klass pointer bits 32, Max shift 3
Narrow klass base: 0x0000000000000000, Narrow klass shift: 0
Encoding Range: [0x0000000000000000 - 0x0000000100000000), (4294967296 bytes)
Klass Range:    [0x000000001a000000 - 0x000000005a000000), (1073741824 bytes)
Klass ID Range:  [436207616 - 1509949433) (1073741817)
No protection zone.


Internal statistics:

num_allocs_failed_limit: 9.
num_arena_births: 4930.
num_arena_deaths: 2.
num_vsnodes_births: 4.
num_vsnodes_deaths: 0.
num_space_committed: 2443.
num_space_uncommitted: 0.
num_chunks_returned_to_freelist: 12.
num_chunks_taken_from_freelist: 11349.
num_chunk_merges: 9.
num_chunk_splits: 7592.
num_chunks_enlarged: 4961.
num_inconsistent_stats: 0.

CodeHeap 'non-profiled nmethods': size=120064Kb used=14431Kb max_used=14755Kb free=105632Kb
 bounds [0x0000017fc3990000, 0x0000017fc4800000, 0x0000017fcaed0000]
CodeHeap 'profiled nmethods': size=120000Kb used=27770Kb max_used=30065Kb free=92229Kb
 bounds [0x0000017fbbed0000, 0x0000017fbdc90000, 0x0000017fc3400000]
CodeHeap 'non-nmethods': size=5696Kb used=2387Kb max_used=2581Kb free=3308Kb
 bounds [0x0000017fc3400000, 0x0000017fc36a0000, 0x0000017fc3990000]
CodeCache: size=245760Kb, used=44588Kb, max_used=47401Kb, free=201169Kb
 total_blobs=21264, nmethods=20267, adapters=898, full_count=0
Compilation: enabled, stopped_count=0, restarted_count=0

Compilation events (20 events):
Event: 100.900 Thread 0x0000017fcfcc7fb0 27035       2       java.util.concurrent.ScheduledThreadPoolExecutor$DelayedWorkQueue::setIndex (16 bytes)
Event: 100.900 Thread 0x0000017fcfcc7fb0 nmethod 27035 0x0000017fbc8e8008 code [0x0000017fbc8e8100, 0x0000017fbc8e8258]
Event: 101.016 Thread 0x0000017fcfcc7fb0 27036       3       com.android.tools.r8.internal.nx3::f (6 bytes)
Event: 101.016 Thread 0x0000017fcfcc7fb0 nmethod 27036 0x0000017fbbed1c88 code [0x0000017fbbed1d80, 0x0000017fbbed22d8]
Event: 101.087 Thread 0x0000017fcfcc7fb0 27037       3       com.android.tools.r8.internal.gf0::hashCode (31 bytes)
Event: 101.087 Thread 0x0000017fcfcc7fb0 nmethod 27037 0x0000017fbc3bc708 code [0x0000017fbc3bc800, 0x0000017fbc3bcb40]
Event: 101.098 Thread 0x0000017fcfcc7fb0 27038       2       com.android.tools.r8.internal.l04::a (186 bytes)
Event: 101.099 Thread 0x0000017fcfcc7fb0 nmethod 27038 0x0000017fbc7ad708 code [0x0000017fbc7ad800, 0x0000017fbc7adf88]
Event: 101.165 Thread 0x0000017fcfcc7fb0 27039       2       com.android.tools.r8.internal.nx3::d (11 bytes)
Event: 101.165 Thread 0x0000017fcfcc7fb0 nmethod 27039 0x0000017fbc921f88 code [0x0000017fbc922080, 0x0000017fbc922200]
Event: 101.165 Thread 0x0000017fcfcc7fb0 27040       2       com.android.tools.r8.internal.gl0::<init> (8 bytes)
Event: 101.165 Thread 0x0000017fcfcc7fb0 nmethod 27040 0x0000017fbc9b1488 code [0x0000017fbc9b1580, 0x0000017fbc9b1698]
Event: 101.167 Thread 0x0000017fcfc9fe50 nmethod 27032 0x0000017fc4136a08 code [0x0000017fc4136b00, 0x0000017fc413b1f8]
Event: 101.167 Thread 0x0000017fcfc9fe50 26990       4       com.android.tools.r8.internal.so::c (284 bytes)
Event: 101.170 Thread 0x0000017fcfcc7fb0 27041       2       com.android.tools.r8.graph.w9::a (111 bytes)
Event: 101.171 Thread 0x0000017fcfcc7fb0 nmethod 27041 0x0000017fbc7b5d88 code [0x0000017fbc7b5e80, 0x0000017fbc7b65d0]
Event: 101.178 Thread 0x0000017fcfcc7fb0 27042       3       com.android.tools.r8.internal.bi1::b (79 bytes)
Event: 101.178 Thread 0x0000017fcfcc7fb0 nmethod 27042 0x0000017fbc610a88 code [0x0000017fbc610b80, 0x0000017fbc6113c8]
Event: 101.257 Thread 0x0000017fcfc9fe50 nmethod 26990 0x0000017fc4754208 code [0x0000017fc4754300, 0x0000017fc4756938]
Event: 101.257 Thread 0x0000017fcfc9fe50 27004 %     4       com.android.tools.r8.internal.dv::a @ 1940 (4509 bytes)

GC Heap Usage History (20 events):
Event: 93.146 {heap After GC invocations=90 (full 0):
 garbage-first heap   total reserved 2097152K, committed 299008K, used 175216K [0x0000000080000000, 0x0000000100000000)
  region size 1024K, 8 young (8192K), 8 survivors (8192K)
}
Event: 94.667 {heap Before GC invocations=91 (full 0):
 garbage-first heap   total reserved 2097152K, committed 299008K, used 282736K [0x0000000080000000, 0x0000000100000000)
  region size 1024K, 112 young (114688K), 8 survivors (8192K)
}
Event: 94.674 {heap After GC invocations=92 (full 0):
 garbage-first heap   total reserved 2097152K, committed 299008K, used 171980K [0x0000000080000000, 0x0000000100000000)
  region size 1024K, 3 young (3072K), 3 survivors (3072K)
}
Event: 96.438 {heap Before GC invocations=92 (full 0):
 garbage-first heap   total reserved 2097152K, committed 299008K, used 283596K [0x0000000080000000, 0x0000000100000000)
  region size 1024K, 111 young (113664K), 3 survivors (3072K)
}
Event: 96.462 {heap After GC invocations=93 (full 0):
 garbage-first heap   total reserved 2097152K, committed 304128K, used 184547K [0x0000000080000000, 0x0000000100000000)
  region size 1024K, 14 young (14336K), 14 survivors (14336K)
}
Event: 97.345 {heap Before GC invocations=93 (full 0):
 garbage-first heap   total reserved 2097152K, committed 304128K, used 281827K [0x0000000080000000, 0x0000000100000000)
  region size 1024K, 109 young (111616K), 14 survivors (14336K)
}
Event: 97.368 {heap After GC invocations=94 (full 0):
 garbage-first heap   total reserved 2097152K, committed 304128K, used 188034K [0x0000000080000000, 0x0000000100000000)
  region size 1024K, 4 young (4096K), 4 survivors (4096K)
}
Event: 97.946 {heap Before GC invocations=95 (full 0):
 garbage-first heap   total reserved 2097152K, committed 314368K, used 284290K [0x0000000080000000, 0x0000000100000000)
  region size 1024K, 98 young (100352K), 4 survivors (4096K)
}
Event: 97.951 {heap After GC invocations=96 (full 0):
 garbage-first heap   total reserved 2097152K, committed 314368K, used 187754K [0x0000000080000000, 0x0000000100000000)
  region size 1024K, 4 young (4096K), 4 survivors (4096K)
}
Event: 98.415 {heap Before GC invocations=96 (full 0):
 garbage-first heap   total reserved 2097152K, committed 314368K, used 297322K [0x0000000080000000, 0x0000000100000000)
  region size 1024K, 111 young (113664K), 4 survivors (4096K)
}
Event: 98.420 {heap After GC invocations=97 (full 0):
 garbage-first heap   total reserved 2097152K, committed 314368K, used 183296K [0x0000000080000000, 0x0000000100000000)
  region size 1024K, 3 young (3072K), 3 survivors (3072K)
}
Event: 99.256 {heap Before GC invocations=97 (full 0):
 garbage-first heap   total reserved 2097152K, committed 314368K, used 297984K [0x0000000080000000, 0x0000000100000000)
  region size 1024K, 115 young (117760K), 3 survivors (3072K)
}
Event: 99.261 {heap After GC invocations=98 (full 0):
 garbage-first heap   total reserved 2097152K, committed 314368K, used 181678K [0x0000000080000000, 0x0000000100000000)
  region size 1024K, 2 young (2048K), 2 survivors (2048K)
}
Event: 99.983 {heap Before GC invocations=99 (full 0):
 garbage-first heap   total reserved 2097152K, committed 314368K, used 296366K [0x0000000080000000, 0x0000000100000000)
  region size 1024K, 115 young (117760K), 2 survivors (2048K)
}
Event: 99.988 {heap After GC invocations=100 (full 0):
 garbage-first heap   total reserved 2097152K, committed 314368K, used 193051K [0x0000000080000000, 0x0000000100000000)
  region size 1024K, 14 young (14336K), 14 survivors (14336K)
}
Event: 100.316 {heap Before GC invocations=100 (full 0):
 garbage-first heap   total reserved 2097152K, committed 314368K, used 294427K [0x0000000080000000, 0x0000000100000000)
  region size 1024K, 113 young (115712K), 14 survivors (14336K)
}
Event: 100.337 {heap After GC invocations=101 (full 0):
 garbage-first heap   total reserved 2097152K, committed 319488K, used 197158K [0x0000000080000000, 0x0000000100000000)
  region size 1024K, 10 young (10240K), 10 survivors (10240K)
}
Event: 100.637 {heap Before GC invocations=101 (full 0):
 garbage-first heap   total reserved 2097152K, committed 319488K, used 296486K [0x0000000080000000, 0x0000000100000000)
  region size 1024K, 107 young (109568K), 10 survivors (10240K)
}
Event: 100.660 {heap After GC invocations=102 (full 0):
 garbage-first heap   total reserved 2097152K, committed 319488K, used 209809K [0x0000000080000000, 0x0000000100000000)
  region size 1024K, 14 young (14336K), 14 survivors (14336K)
}
Event: 101.281 {heap Before GC invocations=103 (full 0):
 garbage-first heap   total reserved 2097152K, committed 350208K, used 294801K [0x0000000080000000, 0x0000000100000000)
  region size 1024K, 97 young (99328K), 14 survivors (14336K)
}

Metaspace Usage History (20 events):
Event: 93.146 {metaspace After GC invocations=90 (full 0):
 Metaspace       used 152766K, committed 155264K, reserved 1245184K
  class space    used 22106K, committed 23296K, reserved 1048576K
}
Event: 94.667 {metaspace Before GC invocations=91 (full 0):
 Metaspace       used 152956K, committed 155456K, reserved 1245184K
  class space    used 22121K, committed 23296K, reserved 1048576K
}
Event: 94.674 {metaspace After GC invocations=92 (full 0):
 Metaspace       used 152956K, committed 155456K, reserved 1245184K
  class space    used 22121K, committed 23296K, reserved 1048576K
}
Event: 96.438 {metaspace Before GC invocations=92 (full 0):
 Metaspace       used 153760K, committed 156288K, reserved 1245184K
  class space    used 22223K, committed 23424K, reserved 1048576K
}
Event: 96.462 {metaspace After GC invocations=93 (full 0):
 Metaspace       used 153760K, committed 156288K, reserved 1245184K
  class space    used 22223K, committed 23424K, reserved 1048576K
}
Event: 97.345 {metaspace Before GC invocations=93 (full 0):
 Metaspace       used 153914K, committed 156416K, reserved 1245184K
  class space    used 22235K, committed 23424K, reserved 1048576K
}
Event: 97.368 {metaspace After GC invocations=94 (full 0):
 Metaspace       used 153914K, committed 156416K, reserved 1245184K
  class space    used 22235K, committed 23424K, reserved 1048576K
}
Event: 97.946 {metaspace Before GC invocations=95 (full 0):
 Metaspace       used 153921K, committed 156416K, reserved 1245184K
  class space    used 22235K, committed 23424K, reserved 1048576K
}
Event: 97.951 {metaspace After GC invocations=96 (full 0):
 Metaspace       used 153921K, committed 156416K, reserved 1245184K
  class space    used 22235K, committed 23424K, reserved 1048576K
}
Event: 98.415 {metaspace Before GC invocations=96 (full 0):
 Metaspace       used 153928K, committed 156416K, reserved 1245184K
  class space    used 22237K, committed 23424K, reserved 1048576K
}
Event: 98.420 {metaspace After GC invocations=97 (full 0):
 Metaspace       used 153928K, committed 156416K, reserved 1245184K
  class space    used 22237K, committed 23424K, reserved 1048576K
}
Event: 99.256 {metaspace Before GC invocations=97 (full 0):
 Metaspace       used 153950K, committed 156416K, reserved 1245184K
  class space    used 22237K, committed 23424K, reserved 1048576K
}
Event: 99.261 {metaspace After GC invocations=98 (full 0):
 Metaspace       used 153950K, committed 156416K, reserved 1245184K
  class space    used 22237K, committed 23424K, reserved 1048576K
}
Event: 99.983 {metaspace Before GC invocations=99 (full 0):
 Metaspace       used 153952K, committed 156480K, reserved 1245184K
  class space    used 22237K, committed 23424K, reserved 1048576K
}
Event: 99.988 {metaspace After GC invocations=100 (full 0):
 Metaspace       used 153952K, committed 156480K, reserved 1245184K
  class space    used 22237K, committed 23424K, reserved 1048576K
}
Event: 100.316 {metaspace Before GC invocations=100 (full 0):
 Metaspace       used 153960K, committed 156480K, reserved 1245184K
  class space    used 22239K, committed 23424K, reserved 1048576K
}
Event: 100.337 {metaspace After GC invocations=101 (full 0):
 Metaspace       used 153960K, committed 156480K, reserved 1245184K
  class space    used 22239K, committed 23424K, reserved 1048576K
}
Event: 100.637 {metaspace Before GC invocations=101 (full 0):
 Metaspace       used 153960K, committed 156480K, reserved 1245184K
  class space    used 22239K, committed 23424K, reserved 1048576K
}
Event: 100.660 {metaspace After GC invocations=102 (full 0):
 Metaspace       used 153960K, committed 156480K, reserved 1245184K
  class space    used 22239K, committed 23424K, reserved 1048576K
}
Event: 101.281 {metaspace Before GC invocations=103 (full 0):
 Metaspace       used 153962K, committed 156480K, reserved 1245184K
  class space    used 22239K, committed 23424K, reserved 1048576K
}

Dll operation events (3 events):
Event: 0.017 Loaded shared library C:\Program Files\Android\Android Studio\jbr\bin\java.dll
Event: 0.024 Loaded shared library C:\Program Files\Android\Android Studio\jbr\bin\zip.dll
Event: 0.879 Loaded shared library C:\Program Files\Android\Android Studio\jbr\bin\verify.dll

Deoptimization events (20 events):
Event: 101.167 Thread 0x0000017fe0d53aa0 DEOPT PACKING pc=0x0000017fbd4cdd27 sp=0x00000074105f5c90
Event: 101.167 Thread 0x0000017fe0d53aa0 DEOPT UNPACKING pc=0x0000017fc34512a2 sp=0x00000074105f53a0 mode 0
Event: 101.168 Thread 0x0000017fe0d53aa0 DEOPT PACKING pc=0x0000017fbd4cce44 sp=0x00000074105f5c90
Event: 101.168 Thread 0x0000017fe0d53aa0 DEOPT UNPACKING pc=0x0000017fc34512a2 sp=0x00000074105f53a8 mode 0
Event: 101.184 Thread 0x0000017fe0d53aa0 DEOPT PACKING pc=0x0000017fbd4cc9e2 sp=0x00000074105f5c90
Event: 101.184 Thread 0x0000017fe0d53aa0 DEOPT UNPACKING pc=0x0000017fc34512a2 sp=0x00000074105f53a8 mode 0
Event: 101.189 Thread 0x0000017fe0d53aa0 DEOPT PACKING pc=0x0000017fbd4cb764 sp=0x00000074105f5c90
Event: 101.189 Thread 0x0000017fe0d53aa0 DEOPT UNPACKING pc=0x0000017fc34512a2 sp=0x00000074105f53a8 mode 0
Event: 101.229 Thread 0x0000017fe0d53aa0 DEOPT PACKING pc=0x0000017fbd4ccf94 sp=0x00000074105f5c90
Event: 101.229 Thread 0x0000017fe0d53aa0 DEOPT UNPACKING pc=0x0000017fc34512a2 sp=0x00000074105f53a8 mode 0
Event: 101.233 Thread 0x0000017fe0d53aa0 DEOPT PACKING pc=0x0000017fbd4cbe2b sp=0x00000074105f5c90
Event: 101.233 Thread 0x0000017fe0d53aa0 DEOPT UNPACKING pc=0x0000017fc34512a2 sp=0x00000074105f53a8 mode 0
Event: 101.236 Thread 0x0000017fe0d53aa0 DEOPT PACKING pc=0x0000017fbd4cdd27 sp=0x00000074105f5c90
Event: 101.236 Thread 0x0000017fe0d53aa0 DEOPT UNPACKING pc=0x0000017fc34512a2 sp=0x00000074105f53a0 mode 0
Event: 101.253 Thread 0x0000017fe0d53aa0 DEOPT PACKING pc=0x0000017fbd4cdd27 sp=0x00000074105f5c90
Event: 101.253 Thread 0x0000017fe0d53aa0 DEOPT UNPACKING pc=0x0000017fc34512a2 sp=0x00000074105f53a0 mode 0
Event: 101.256 Thread 0x0000017fe0d53aa0 DEOPT PACKING pc=0x0000017fbd4cc9e2 sp=0x00000074105f5c90
Event: 101.256 Thread 0x0000017fe0d53aa0 DEOPT UNPACKING pc=0x0000017fc34512a2 sp=0x00000074105f53a8 mode 0
Event: 101.275 Thread 0x0000017fe0d53aa0 DEOPT PACKING pc=0x0000017fbd4cce44 sp=0x00000074105f5c90
Event: 101.275 Thread 0x0000017fe0d53aa0 DEOPT UNPACKING pc=0x0000017fc34512a2 sp=0x00000074105f53a8 mode 0

Classes loaded (20 events):
Event: 55.720 Loading class java/util/zip/ZipOutputStream$XEntry
Event: 55.720 Loading class java/util/zip/ZipOutputStream$XEntry done
Event: 60.410 Loading class java/nio/file/FileChannelLinesSpliterator
Event: 60.410 Loading class java/nio/file/FileChannelLinesSpliterator done
Event: 60.411 Loading class java/io/BufferedReader$1
Event: 60.411 Loading class java/io/BufferedReader$1 done
Event: 61.019 Loading class java/util/concurrent/ConcurrentHashMap$TreeNode
Event: 61.019 Loading class java/util/concurrent/ConcurrentHashMap$TreeNode done
Event: 61.019 Loading class java/util/concurrent/ConcurrentHashMap$TreeBin
Event: 61.020 Loading class java/util/concurrent/ConcurrentHashMap$TreeBin done
Event: 63.278 Loading class java/util/stream/Streams$1
Event: 63.279 Loading class java/util/stream/Streams$1 done
Event: 63.279 Loading class java/nio/file/FileChannelLinesSpliterator$1
Event: 63.279 Loading class java/nio/file/FileChannelLinesSpliterator$1 done
Event: 94.502 Loading class java/nio/file/DirectoryNotEmptyException
Event: 94.502 Loading class java/nio/file/DirectoryNotEmptyException done
Event: 96.215 Loading class java/util/concurrent/Executors$DelegatedScheduledExecutorService
Event: 96.216 Loading class java/util/concurrent/Executors$DelegatedExecutorService
Event: 96.216 Loading class java/util/concurrent/Executors$DelegatedExecutorService done
Event: 96.216 Loading class java/util/concurrent/Executors$DelegatedScheduledExecutorService done

Classes unloaded (1 events):
Event: 64.855 Thread 0x0000017fcfc66540 Unloading class 0x000000001b480c00 'java/lang/invoke/LambdaForm$DMH+0x000000001b480c00'

Classes redefined (0 events):
No events

Internal exceptions (20 events):
Event: 98.957 Thread 0x0000017fe0d53aa0 Exception <a 'sun/nio/fs/WindowsException'{0x000000008e7199c8}> (0x000000008e7199c8) 
thrown [s\src\hotspot\share\prims\jni.cpp, line 535]
Event: 99.099 Thread 0x0000017fe0d53aa0 Exception <a 'sun/nio/fs/WindowsException'{0x000000008e7355e0}> (0x000000008e7355e0) 
thrown [s\src\hotspot\share\prims\jni.cpp, line 535]
Event: 99.303 Thread 0x0000017fe0d53aa0 Exception <a 'sun/nio/fs/WindowsException'{0x00000000ffb89c88}> (0x00000000ffb89c88) 
thrown [s\src\hotspot\share\prims\jni.cpp, line 535]
Event: 99.321 Thread 0x0000017fe0d53aa0 Exception <a 'sun/nio/fs/WindowsException'{0x00000000ffb93e08}> (0x00000000ffb93e08) 
thrown [s\src\hotspot\share\prims\jni.cpp, line 535]
Event: 99.322 Thread 0x0000017fe0d53aa0 Exception <a 'sun/nio/fs/WindowsException'{0x00000000ffb9b2f0}> (0x00000000ffb9b2f0) 
thrown [s\src\hotspot\share\prims\jni.cpp, line 535]
Event: 99.325 Thread 0x0000017fe0d53aa0 Exception <a 'sun/nio/fs/WindowsException'{0x00000000ffba4878}> (0x00000000ffba4878) 
thrown [s\src\hotspot\share\prims\jni.cpp, line 535]
Event: 99.325 Thread 0x0000017fe0d53aa0 Exception <a 'sun/nio/fs/WindowsException'{0x00000000ffba5cb0}> (0x00000000ffba5cb0) 
thrown [s\src\hotspot\share\prims\jni.cpp, line 535]
Event: 99.325 Thread 0x0000017fe0d53aa0 Exception <a 'sun/nio/fs/WindowsException'{0x00000000ffba89f8}> (0x00000000ffba89f8) 
thrown [s\src\hotspot\share\prims\jni.cpp, line 535]
Event: 99.326 Thread 0x0000017fe0d53aa0 Exception <a 'sun/nio/fs/WindowsException'{0x00000000ffbaa028}> (0x00000000ffbaa028) 
thrown [s\src\hotspot\share\prims\jni.cpp, line 535]
Event: 99.355 Thread 0x0000017fe0d53aa0 Exception <a 'sun/nio/fs/WindowsException'{0x00000000ffbb18a0}> (0x00000000ffbb18a0) 
thrown [s\src\hotspot\share\prims\jni.cpp, line 535]
Event: 99.355 Thread 0x0000017fe0d53aa0 Exception <a 'sun/nio/fs/WindowsException'{0x00000000ffbb31c0}> (0x00000000ffbb31c0) 
thrown [s\src\hotspot\share\prims\jni.cpp, line 535]
Event: 99.386 Thread 0x0000017fe0d53aa0 Exception <a 'sun/nio/fs/WindowsException'{0x00000000ffbb9fc8}> (0x00000000ffbb9fc8) 
thrown [s\src\hotspot\share\prims\jni.cpp, line 535]
Event: 99.387 Thread 0x0000017fe0d53aa0 Exception <a 'sun/nio/fs/WindowsException'{0x00000000ffbbbbf8}> (0x00000000ffbbbbf8) 
thrown [s\src\hotspot\share\prims\jni.cpp, line 535]
Event: 99.556 Thread 0x0000017fe0d53aa0 Exception <a 'sun/nio/fs/WindowsException'{0x00000000ffbbef30}> (0x00000000ffbbef30) 
thrown [s\src\hotspot\share\prims\jni.cpp, line 535]
Event: 99.556 Thread 0x0000017fe0d53aa0 Exception <a 'sun/nio/fs/WindowsException'{0x00000000ffbc0bc8}> (0x00000000ffbc0bc8) 
thrown [s\src\hotspot\share\prims\jni.cpp, line 535]
Event: 99.560 Thread 0x0000017fe0d53aa0 Exception <a 'sun/nio/fs/WindowsException'{0x00000000ffbc2860}> (0x00000000ffbc2860) 
thrown [s\src\hotspot\share\prims\jni.cpp, line 535]
Event: 99.561 Thread 0x0000017fe0d53aa0 Exception <a 'sun/nio/fs/WindowsException'{0x00000000ffbc4b00}> (0x00000000ffbc4b00) 
thrown [s\src\hotspot\share\prims\jni.cpp, line 535]
Event: 99.561 Thread 0x0000017fe0d53aa0 Exception <a 'sun/nio/fs/WindowsException'{0x00000000ffbc67e8}> (0x00000000ffbc67e8) 
thrown [s\src\hotspot\share\prims\jni.cpp, line 535]
Event: 99.562 Thread 0x0000017fe0d53aa0 Exception <a 'sun/nio/fs/WindowsException'{0x00000000ffbc84d0}> (0x00000000ffbc84d0) 
thrown [s\src\hotspot\share\prims\jni.cpp, line 535]
Event: 100.370 Thread 0x0000017fe0d54a40 Implicit null exception at 0x0000017fc43ad1c0 to 0x0000017fc43ae6b8

VM Operations (20 events):
Event: 97.924 Executing safepoint VM operation: G1PauseCleanup done
Event: 97.946 Executing safepoint VM operation: G1CollectForAllocation (G1 Evacuation Pause)
Event: 97.951 Executing safepoint VM operation: G1CollectForAllocation (G1 Evacuation Pause) done
Event: 98.415 Executing safepoint VM operation: G1CollectForAllocation (G1 Evacuation Pause)
Event: 98.420 Executing safepoint VM operation: G1CollectForAllocation (G1 Evacuation Pause) done
Event: 99.256 Executing safepoint VM operation: G1CollectForAllocation (G1 Evacuation Pause)
Event: 99.261 Executing safepoint VM operation: G1CollectForAllocation (G1 Evacuation Pause) done
Event: 99.647 Executing safepoint VM operation: G1PauseRemark
Event: 99.661 Executing safepoint VM operation: G1PauseRemark done
Event: 99.793 Executing safepoint VM operation: G1PauseCleanup
Event: 99.799 Executing safepoint VM operation: G1PauseCleanup done
Event: 99.983 Executing safepoint VM operation: G1CollectForAllocation (G1 Evacuation Pause)
Event: 99.988 Executing safepoint VM operation: G1CollectForAllocation (G1 Evacuation Pause) done
Event: 100.316 Executing safepoint VM operation: G1CollectForAllocation (G1 Evacuation Pause)
Event: 100.337 Executing safepoint VM operation: G1CollectForAllocation (G1 Evacuation Pause) done
Event: 100.637 Executing safepoint VM operation: G1CollectForAllocation (G1 Evacuation Pause)
Event: 100.660 Executing safepoint VM operation: G1CollectForAllocation (G1 Evacuation Pause) done
Event: 101.193 Executing safepoint VM operation: G1PauseRemark
Event: 101.218 Executing safepoint VM operation: G1PauseRemark done
Event: 101.281 Executing safepoint VM operation: G1CollectForAllocation (G1 Evacuation Pause)

Memory protections (0 events):
No events

Nmethod flushes (20 events):
Event: 101.216 Thread 0x0000017fcfc66540 flushing  nmethod 0x0000017fbc151008
Event: 101.216 Thread 0x0000017fcfc66540 flushing  nmethod 0x0000017fbc611408
Event: 101.216 Thread 0x0000017fcfc66540 flushing  nmethod 0x0000017fbc699a08
Event: 101.216 Thread 0x0000017fcfc66540 flushing  nmethod 0x0000017fbc6c1b88
Event: 101.216 Thread 0x0000017fcfc66540 flushing  nmethod 0x0000017fbc6d9a88
Event: 101.216 Thread 0x0000017fcfc66540 flushing  nmethod 0x0000017fbc6f4b08
Event: 101.216 Thread 0x0000017fcfc66540 flushing  nmethod 0x0000017fbc82af88
Event: 101.216 Thread 0x0000017fcfc66540 flushing  nmethod 0x0000017fbc8f1688
Event: 101.216 Thread 0x0000017fcfc66540 flushing  nmethod 0x0000017fbc9ed608
Event: 101.216 Thread 0x0000017fcfc66540 flushing  nmethod 0x0000017fbd18e288
Event: 101.216 Thread 0x0000017fcfc66540 flushing  nmethod 0x0000017fbd18e588
Event: 101.216 Thread 0x0000017fcfc66540 flushing  nmethod 0x0000017fbd18e888
Event: 101.216 Thread 0x0000017fcfc66540 flushing  nmethod 0x0000017fbd18eb88
Event: 101.216 Thread 0x0000017fcfc66540 flushing  nmethod 0x0000017fbd1bb188
Event: 101.216 Thread 0x0000017fcfc66540 flushing  nmethod 0x0000017fbd258088
Event: 101.216 Thread 0x0000017fcfc66540 flushing  nmethod 0x0000017fbd36f188
Event: 101.216 Thread 0x0000017fcfc66540 flushing  nmethod 0x0000017fbd80ba08
Event: 101.216 Thread 0x0000017fcfc66540 flushing  nmethod 0x0000017fbd80be08
Event: 101.216 Thread 0x0000017fcfc66540 flushing  nmethod 0x0000017fbd955788
Event: 101.216 Thread 0x0000017fcfc66540 flushing  nmethod 0x0000017fbdbd4988

Events (20 events):
Event: 52.288 Thread 0x0000017fd87c1b40 Thread added: 0x0000017fd87bfc00
Event: 52.632 Thread 0x0000017fd9e7ac50 Thread exited: 0x0000017fd9e7ac50
Event: 53.473 Thread 0x0000017fd87bfc00 Thread exited: 0x0000017fd87bfc00
Event: 53.679 Thread 0x0000017fcfcc7fb0 Thread added: 0x0000017fd87cad40
Event: 53.682 Thread 0x0000017fd87c1b40 Thread added: 0x0000017fd87bfc00
Event: 53.686 Thread 0x0000017fd87c1b40 Thread added: 0x0000017fd87c0ba0
Event: 53.687 Loaded shared library C:\Program Files\Android\Android Studio\jbr\bin\rmi.dll
Event: 53.688 Thread 0x0000017fd87c1b40 Thread added: 0x0000017fdb2b6330
Event: 53.814 Thread 0x0000017fd87c1b40 Thread added: 0x0000017fe1fc37a0
Event: 53.814 Thread 0x0000017fd87c1b40 Thread added: 0x0000017fe1fc6680
Event: 53.922 Thread 0x0000017fe1fc37a0 Thread added: 0x0000017fe1fc6e50
Event: 54.232 Thread 0x0000017fd87cad40 Thread exited: 0x0000017fd87cad40
Event: 54.649 Thread 0x0000017fcfc9fe50 Thread added: 0x0000017fd87cad40
Event: 93.462 Thread 0x0000017fd87cad40 Thread exited: 0x0000017fd87cad40
Event: 93.549 Thread 0x0000017fcfcc7fb0 Thread added: 0x0000017fd87cad40
Event: 94.644 Thread 0x0000017fe0d51b60 Thread added: 0x0000017fe0c658d0
Event: 95.655 Thread 0x0000017fd87cad40 Thread exited: 0x0000017fd87cad40
Event: 96.217 Thread 0x0000017fd87c1370 Thread added: 0x0000017fe0c687b0
Event: 96.290 Thread 0x0000017fd87c1370 Thread added: 0x0000017fe0c69750
Event: 96.290 Thread 0x0000017fd87c1370 Thread added: 0x0000017fe0c6aec0


Dynamic libraries:
0x00007ff7a4480000 - 0x00007ff7a448a000 	C:\Program Files\Android\Android Studio\jbr\bin\java.exe
0x00007ffc47150000 - 0x00007ffc47348000 	C:\WINDOWS\SYSTEM32\ntdll.dll
0x00007ffc46960000 - 0x00007ffc46a22000 	C:\WINDOWS\System32\KERNEL32.DLL
0x00007ffc44d90000 - 0x00007ffc45086000 	C:\WINDOWS\System32\KERNELBASE.dll
0x00007ffc40ca0000 - 0x00007ffc40d34000 	C:\WINDOWS\SYSTEM32\apphelp.dll
0x00007ffc447e0000 - 0x00007ffc448e0000 	C:\WINDOWS\System32\ucrtbase.dll
0x00007ffc39750000 - 0x00007ffc3976b000 	C:\Program Files\Android\Android Studio\jbr\bin\VCRUNTIME140.dll
0x00007ffc3e690000 - 0x00007ffc3e6a6000 	C:\Program Files\Android\Android Studio\jbr\bin\jli.dll
0x00007ffc45e20000 - 0x00007ffc45fc1000 	C:\WINDOWS\System32\USER32.dll
0x00007ffc450c0000 - 0x00007ffc450e2000 	C:\WINDOWS\System32\win32u.dll
0x00007ffc32c40000 - 0x00007ffc32edb000 	C:\WINDOWS\WinSxS\amd64_microsoft.windows.common-controls_6595b64144ccf1df_6.0.19041.6456_none_60b8a6cb71f64256\COMCTL32.dll
0x00007ffc46f30000 - 0x00007ffc46f5b000 	C:\WINDOWS\System32\GDI32.dll
0x00007ffc47070000 - 0x00007ffc4710e000 	C:\WINDOWS\System32\msvcrt.dll
0x00007ffc44c70000 - 0x00007ffc44d89000 	C:\WINDOWS\System32\gdi32full.dll
0x00007ffc44ad0000 - 0x00007ffc44b6d000 	C:\WINDOWS\System32\msvcp_win.dll
0x00007ffc461e0000 - 0x00007ffc4620f000 	C:\WINDOWS\System32\IMM32.DLL
0x00007ffc40b10000 - 0x00007ffc40b1c000 	C:\Program Files\Android\Android Studio\jbr\bin\vcruntime140_1.dll
0x00007ffc17e20000 - 0x00007ffc17ead000 	C:\Program Files\Android\Android Studio\jbr\bin\msvcp140.dll
0x00007ffbecaf0000 - 0x00007ffbed9ca000 	C:\Program Files\Android\Android Studio\jbr\bin\server\jvm.dll
0x00007ffc46340000 - 0x00007ffc463f1000 	C:\WINDOWS\System32\ADVAPI32.dll
0x00007ffc46a30000 - 0x00007ffc46acf000 	C:\WINDOWS\System32\sechost.dll
0x00007ffc45170000 - 0x00007ffc45290000 	C:\WINDOWS\System32\RPCRT4.dll
0x00007ffc45090000 - 0x00007ffc450b7000 	C:\WINDOWS\System32\bcrypt.dll
0x00007ffc46210000 - 0x00007ffc4627b000 	C:\WINDOWS\System32\WS2_32.dll
0x00007ffc44640000 - 0x00007ffc4468b000 	C:\WINDOWS\SYSTEM32\POWRPROF.dll
0x00007ffc2cea0000 - 0x00007ffc2cec7000 	C:\WINDOWS\SYSTEM32\WINMM.dll
0x00007ffc3c1b0000 - 0x00007ffc3c1ba000 	C:\WINDOWS\SYSTEM32\VERSION.dll
0x00007ffc44620000 - 0x00007ffc44632000 	C:\WINDOWS\SYSTEM32\UMPDC.dll
0x00007ffc43020000 - 0x00007ffc43032000 	C:\WINDOWS\SYSTEM32\kernel.appcore.dll
0x00007ffc3ea20000 - 0x00007ffc3ea2a000 	C:\Program Files\Android\Android Studio\jbr\bin\jimage.dll
0x00007ffc42b20000 - 0x00007ffc42d21000 	C:\WINDOWS\SYSTEM32\DBGHELP.DLL
0x00007ffc2c9d0000 - 0x00007ffc2ca04000 	C:\WINDOWS\SYSTEM32\dbgcore.DLL
0x00007ffc44a40000 - 0x00007ffc44ac2000 	C:\WINDOWS\System32\bcryptPrimitives.dll
0x00007ffc3e660000 - 0x00007ffc3e66e000 	C:\Program Files\Android\Android Studio\jbr\bin\instrument.dll
0x00007ffc39730000 - 0x00007ffc3974f000 	C:\Program Files\Android\Android Studio\jbr\bin\java.dll
0x00007ffc460b0000 - 0x00007ffc461db000 	C:\WINDOWS\System32\ole32.dll
0x00007ffc45350000 - 0x00007ffc456a4000 	C:\WINDOWS\System32\combase.dll
0x00007ffc456b0000 - 0x00007ffc45e20000 	C:\WINDOWS\System32\SHELL32.dll
0x00007ffc39710000 - 0x00007ffc39727000 	C:\Program Files\Android\Android Studio\jbr\bin\zip.dll
0x00007ffc422a0000 - 0x00007ffc42a45000 	C:\WINDOWS\SYSTEM32\windows.storage.dll
0x00007ffc441a0000 - 0x00007ffc441cb000 	C:\WINDOWS\SYSTEM32\Wldp.dll
0x00007ffc46af0000 - 0x00007ffc46bbd000 	C:\WINDOWS\System32\OLEAUT32.dll
0x00007ffc46280000 - 0x00007ffc4632d000 	C:\WINDOWS\System32\SHCORE.dll
0x00007ffc46900000 - 0x00007ffc4695b000 	C:\WINDOWS\System32\shlwapi.dll
0x00007ffc44710000 - 0x00007ffc44734000 	C:\WINDOWS\SYSTEM32\profapi.dll
0x00007ffc3d310000 - 0x00007ffc3d320000 	C:\Program Files\Android\Android Studio\jbr\bin\net.dll
0x00007ffc43e90000 - 0x00007ffc43efa000 	C:\WINDOWS\system32\mswsock.dll
0x00007ffc38fd0000 - 0x00007ffc38fe6000 	C:\Program Files\Android\Android Studio\jbr\bin\nio.dll
0x00007ffc39170000 - 0x00007ffc39180000 	C:\Program Files\Android\Android Studio\jbr\bin\verify.dll
0x00007ffc2c1f0000 - 0x00007ffc2c217000 	C:\Users\MEIRE\.gradle\native\660c5614fbf4a5f2a75b1949f50a0caf5cd603558e7d8a26e50b933a0cfb79d1\windows-amd64\native-platform.dll
0x00007ffc293e0000 - 0x00007ffc29457000 	C:\Users\MEIRE\.gradle\native\0.2.8\x86_64-windows-gnu\gradle-fileevents.dll
0x00007ffc39c00000 - 0x00007ffc39c09000 	C:\Program Files\Android\Android Studio\jbr\bin\management.dll
0x00007ffc39ba0000 - 0x00007ffc39bab000 	C:\Program Files\Android\Android Studio\jbr\bin\management_ext.dll
0x00007ffc468f0000 - 0x00007ffc468f8000 	C:\WINDOWS\System32\PSAPI.DLL
0x00007ffc43b70000 - 0x00007ffc43bab000 	C:\WINDOWS\SYSTEM32\IPHLPAPI.DLL
0x00007ffc46d70000 - 0x00007ffc46d78000 	C:\WINDOWS\System32\NSI.dll
0x00007ffc3b350000 - 0x00007ffc3b359000 	C:\Program Files\Android\Android Studio\jbr\bin\extnet.dll
0x00007ffc440f0000 - 0x00007ffc44108000 	C:\WINDOWS\SYSTEM32\CRYPTSP.dll
0x00007ffc437b0000 - 0x00007ffc437e8000 	C:\WINDOWS\system32\rsaenh.dll
0x00007ffc446d0000 - 0x00007ffc446fe000 	C:\WINDOWS\SYSTEM32\USERENV.dll
0x00007ffc44110000 - 0x00007ffc4411c000 	C:\WINDOWS\SYSTEM32\CRYPTBASE.dll
0x00007ffbe5f30000 - 0x00007ffbe5f37000 	C:\WINDOWS\system32\wshunix.dll
0x00007ffc1e2d0000 - 0x00007ffc1e2e7000 	C:\WINDOWS\system32\napinsp.dll
0x00007ffc1e2b0000 - 0x00007ffc1e2cb000 	C:\WINDOWS\system32\pnrpnsp.dll
0x00007ffc1e290000 - 0x00007ffc1e2ad000 	C:\WINDOWS\system32\wshbth.dll
0x00007ffc3e8b0000 - 0x00007ffc3e8cd000 	C:\WINDOWS\system32\NLAapi.dll
0x00007ffc43bb0000 - 0x00007ffc43c7a000 	C:\WINDOWS\SYSTEM32\DNSAPI.dll
0x00007ffc1e270000 - 0x00007ffc1e282000 	C:\WINDOWS\System32\winrnr.dll
0x00007ffc33f90000 - 0x00007ffc33f9a000 	C:\Windows\System32\rasadhlp.dll
0x00007ffc33610000 - 0x00007ffc33690000 	C:\WINDOWS\System32\fwpuclnt.dll
0x00007ffc40f30000 - 0x00007ffc40f37000 	C:\Program Files\Android\Android Studio\jbr\bin\rmi.dll

JVMTI agents:
C:\Users\MEIRE\.gradle\wrapper\dists\gradle-9.7.1-bin\1w1c7tv4s851m17nbqdsro2tv\gradle-9.7.1\lib\agents\gradle-instrumentation-agent-9.7.1.jar path:C:\Program Files\Android\Android Studio\jbr\bin\instrument.dll, loaded, initialized, instrumentlib options:none

dbghelp: loaded successfully - version: 4.0.5 - missing functions: none
symbol engine: initialized successfully - sym options: 0x614 - pdb path: .;C:\Program Files\Android\Android Studio\jbr\bin;C:\WINDOWS\SYSTEM32;C:\WINDOWS\WinSxS\amd64_microsoft.windows.common-controls_6595b64144ccf1df_6.0.19041.6456_none_60b8a6cb71f64256;C:\Program Files\Android\Android Studio\jbr\bin\server;C:\Users\MEIRE\.gradle\native\660c5614fbf4a5f2a75b1949f50a0caf5cd603558e7d8a26e50b933a0cfb79d1\windows-amd64;C:\Users\MEIRE\.gradle\native\0.2.8\x86_64-windows-gnu

VM Arguments:
jvm_args: --add-opens=java.base/java.lang=ALL-UNNAMED --add-opens=java.base/java.lang.invoke=ALL-UNNAMED --add-opens=java.base/java.util=ALL-UNNAMED --add-opens=java.prefs/java.util.prefs=ALL-UNNAMED --add-exports=jdk.compiler/com.sun.tools.javac.api=ALL-UNNAMED --add-exports=jdk.compiler/com.sun.tools.javac.util=ALL-UNNAMED --add-opens=java.base/java.nio.charset=ALL-UNNAMED --add-opens=java.base/java.net=ALL-UNNAMED --add-opens=java.base/java.util.concurrent=ALL-UNNAMED --add-opens=java.base/java.util.concurrent.atomic=ALL-UNNAMED --add-opens=java.xml/javax.xml.namespace=ALL-UNNAMED --add-opens=java.base/java.time=ALL-UNNAMED --enable-native-access=ALL-UNNAMED -Xmx2048m -Dfile.encoding=UTF-8 -Duser.country=BR -Duser.language=pt -Duser.variant -javaagent:C:\Users\MEIRE\.gradle\wrapper\dists\gradle-9.7.1-bin\1w1c7tv4s851m17nbqdsro2tv\gradle-9.7.1\lib\agents\gradle-instrumentation-agent-9.7.1.jar 
java_command: org.gradle.launcher.daemon.bootstrap.GradleDaemon 9.7.1
java_class_path (initial): C:\Users\MEIRE\.gradle\wrapper\dists\gradle-9.7.1-bin\1w1c7tv4s851m17nbqdsro2tv\gradle-9.7.1\lib\gradle-daemon-main-9.7.1.jar
Launcher Type: SUN_STANDARD

[Global flags]
     intx CICompilerCount                          = 3                                         {product} {ergonomic}
     uint ConcGCThreads                            = 1                                         {product} {ergonomic}
     uint G1ConcRefinementThreads                  = 4                                         {product} {ergonomic}
   size_t G1HeapRegionSize                         = 1048576                                   {product} {ergonomic}
   size_t InitialHeapSize                          = 132120576                                 {product} {ergonomic}
   size_t MarkStackSize                            = 4194304                                   {product} {ergonomic}
   size_t MarkStackSizeMax                         = 536870912                                 {product} {ergonomic}
   size_t MaxHeapSize                              = 2147483648                                {product} {command line}
   size_t MaxNewSize                               = 1287651328                                {product} {ergonomic}
   size_t MinHeapDeltaBytes                        = 1048576                                   {product} {ergonomic}
   size_t MinHeapSize                              = 8388608                                   {product} {ergonomic}
    uintx NonNMethodCodeHeapSize                   = 5832704                                {pd product} {ergonomic}
    uintx NonProfiledCodeHeapSize                  = 122945536                              {pd product} {ergonomic}
    uintx ProfiledCodeHeapSize                     = 122880000                              {pd product} {ergonomic}
    uintx ReservedCodeCacheSize                    = 251658240                              {pd product} {ergonomic}
     bool SegmentedCodeCache                       = true                                      {product} {ergonomic}
   size_t SoftMaxHeapSize                          = 2147483648                             {manageable} {ergonomic}
     bool UseCompressedOops                        = true                           {product lp64_product} {ergonomic}
     bool UseG1GC                                  = true                                      {product} {ergonomic}
     bool UseLargePagesIndividualAllocation        = false                                  {pd product} {ergonomic}

Logging:
Log output configuration:
 #0: stdout all=warning uptime,level,tags foldmultilines=false
 #1: stderr all=off uptime,level,tags foldmultilines=false

Release file:
JAVA_VERSION="25.0.2" 
MODULES="java.base java.compiler java.datatransfer java.xml java.prefs java.desktop java.instrument java.logging java.management java.security.sasl java.naming java.rmi java.management.rmi java.net.http java.scripting java.security.jgss java.transaction.xa java.sql java.sql.rowset java.xml.crypto java.se java.smartcardio jdk.accessibility jdk.internal.jvmstat jdk.attach jdk.charsets jdk.internal.opt jdk.zipfs jdk.compiler jdk.crypto.cryptoki jdk.crypto.ec jdk.dynalink jdk.hotspot.agent jdk.httpserver jdk.internal.ed jdk.internal.le jdk.internal.md jdk.internal.vm.ci jdk.jartool jdk.javadoc jdk.jcmd jdk.jdeps jdk.jdwp.agent jdk.jdi jdk.jfr jdk.jlink jdk.localedata jdk.management jdk.management.agent jdk.management.jfr jdk.naming.dns jdk.naming.rmi jdk.net jdk.sctp jdk.security.auth jdk.security.jgss jdk.unsupported jdk.unsupported.desktop jdk.xml.dom" 
IMPLEMENTOR="JetBrains s.r.o." 
JAVA_RUNTIME_VERSION="25.0.2+-15348964-b329.117" 
LIBC="default" 
OS_ARCH="x86_64" 
OS_NAME="Windows" 
SOURCE=".:git:3cf398e84a39" 

Environment Variables:
JAVA_HOME=C:\Program Files\Java\jdk-23
PATH=C:\Python314\Scripts\;C:\Python314\;C:\Program Files\Common Files\Oracle\Java\javapath;C:\WINDOWS\system32;C:\WINDOWS;C:\WINDOWS\System32\Wbem;C:\WINDOWS\System32\WindowsPowerShell\v1.0\;C:\WINDOWS\System32\OpenSSH\;C:\Program Files\dotnet\;C:\Program Files (x86)\dotnet\;C:\Program Files\Microsoft VS Code\bin;C:\Program Files\SafeNet\Authentication\SAC\x64;C:\Program Files\SafeNet\Authentication\SAC\x32;C:\Program Files\Java\jdk-23\bin;C:\Program Files\nodejs\;C:\ProgramData\chocolatey\bin;C:\Program Files\Git\cmd;C:\Users\MEIRE\.config\herd-lite\bin;C:\Users\MEIRE\AppData\Local\Microsoft\WindowsApps;C:\Users\MEIRE\AppData\Roaming\npm
USERNAME=MEIRE
OS=Windows_NT
PROCESSOR_IDENTIFIER=Intel64 Family 6 Model 126 Stepping 5, GenuineIntel
TMP=C:\Users\MEIRE\AppData\Local\Temp
TEMP=C:\Users\MEIRE\AppData\Local\Temp




Compilation memory statistics disabled.

Periodic native trim disabled

JNI global refs:
JNI global refs: 22, weak refs: 15

JNI global refs memory usage: 835, weak refs: 833

Process memory usage:
Resident Set Size: 637280K (7% of 8150356K total physical memory with 331496K free physical memory)

OOME stack traces (most recent first):
Classloader memory used:
Loader org.gradle.internal.classloader.VisitableURLClassLoader$InstrumentingVisitableURLClassLoader: 54615 K
Loader org.gradle.internal.classloader.VisitableURLClassLoader                         : 50381 K
Loader bootstrap                                                                       : 31855 K
Loader org.gradle.initialization.MixInLegacyTypesClassLoader                           : 16403 K
Loader org.gradle.internal.classloader.VisitableURLClassLoader                         : 236 K
Loader jdk.internal.loader.ClassLoaders$AppClassLoader                                 : 190 K
Loader jdk.internal.loader.ClassLoaders$PlatformClassLoader                            : 156 K
Loader org.gradle.groovy.scripts.internal.DefaultScriptCompilationHandler$ScriptClassLoader: 123 K

Classes loaded by more than one classloader:
Class Program                                                                         : loaded 5 times (x 74B)
Class Build_gradle                                                                    : loaded 3 times (x 128B)
Class com.google.common.collect.RegularImmutableMap$KeySet                            : loaded 2 times (x 154B)
Class org.gradle.internal.classloader.FilteringClassLoader                            : loaded 2 times (x 106B)
Class [Lcom.google.common.base.AbstractIterator$State;                                : loaded 2 times (x 71B)
Class com.google.common.base.CharMatcher$IsEither                                     : loaded 2 times (x 113B)
Class org.gradle.internal.classloader.ClassLoaderHierarchy                            : loaded 2 times (x 72B)
Class com.google.common.collect.AbstractMapBasedMultimap$WrappedCollection            : loaded 2 times (x 126B)
Class com.google.common.collect.ImmutableEnumSet                                      : loaded 2 times (x 148B)
Class com.google.common.collect.ImmutableList$1                                       : loaded 2 times (x 99B)
Class com.google.common.util.concurrent.ExecutionError                                : loaded 2 times (x 84B)
Class com.google.common.io.ByteArrayDataOutput                                        : loaded 2 times (x 72B)
Class com.google.common.collect.RegularImmutableMap                                   : loaded 2 times (x 122B)
Class com.google.common.collect.ImmutableMap$MapViewOfValuesAsSingletonSets           : loaded 2 times (x 128B)
Class [Lorg.objectweb.asm.Symbol;                                                     : loaded 2 times (x 71B)
Class org.objectweb.asm.ClassVisitor                                                  : loaded 2 times (x 90B)
Class com.google.common.collect.UnmodifiableListIterator                              : loaded 2 times (x 97B)
Class com.google.common.base.Platform$JdkPatternCompiler                              : loaded 2 times (x 77B)
Class org.objectweb.asm.MethodTooLargeException                                       : loaded 2 times (x 84B)
Class [Lcom.google.common.cache.CacheBuilder$OneWeigher;                              : loaded 2 times (x 71B)
Class com.google.common.base.Suppliers                                                : loaded 2 times (x 73B)
Class org.gradle.internal.classloader.DefaultClassLoaderFactory                       : loaded 2 times (x 84B)
Class [Lcom.google.common.collect.AbstractIterator$State;                             : loaded 2 times (x 71B)
Class com.google.common.base.CharMatcher$None                                         : loaded 2 times (x 114B)
Class [Lcom.google.common.collect.ImmutableMapEntry;                                  : loaded 2 times (x 71B)
Class com.google.common.collect.ListMultimap                                          : loaded 2 times (x 72B)
Class com.google.common.collect.ImmutableEnumMap                                      : loaded 2 times (x 128B)
Class com.google.common.base.Splitter                                                 : loaded 2 times (x 74B)
Class com.google.common.collect.ImmutableSet$SerializedForm                           : loaded 2 times (x 75B)
Class com.google.common.collect.Sets$1                                                : loaded 2 times (x 143B)
Class org.objectweb.asm.AnnotationVisitor                                             : loaded 2 times (x 80B)
Class org.gradle.api.internal.DefaultClassPathProvider                                : loaded 2 times (x 78B)
Class com.google.common.collect.Maps$ViewCachingAbstractMap                           : loaded 2 times (x 127B)
Class com.google.common.collect.Sets$2                                                : loaded 2 times (x 143B)
Class [Lorg.gradle.api.internal.ClassPathProvider;                                    : loaded 2 times (x 71B)
Class org.gradle.api.internal.ClassPathProvider                                       : loaded 2 times (x 72B)
Class com.google.common.base.AbstractIterator$State                                   : loaded 2 times (x 81B)
Class [Lorg.objectweb.asm.AnnotationVisitor;                                          : loaded 2 times (x 71B)
Class com.google.common.collect.Sets$3                                                : loaded 2 times (x 143B)
Class com.google.common.cache.LocalCache$LocalLoadingCache                            : loaded 2 times (x 136B)
Class org.gradle.internal.service.UnknownServiceException                             : loaded 2 times (x 85B)
Class com.google.common.io.ByteArrayDataInput                                         : loaded 2 times (x 72B)
Class com.google.common.collect.Sets$4                                                : loaded 2 times (x 143B)
Class org.objectweb.asm.ModuleVisitor                                                 : loaded 2 times (x 83B)
Class com.google.common.cache.LocalCache$Strength$1                                   : loaded 2 times (x 83B)
Class com.google.common.util.concurrent.SettableFuture                                : loaded 2 times (x 116B)
Class com.google.common.cache.LocalCache$Strength$2                                   : loaded 2 times (x 83B)
Class ijKotlinCoroutineJvmDebugInit1_cjdb6cxcjpqnp8s3tn8o7p1my                        : loaded 2 times (x 173B)
Class com.google.common.collect.Interner                                              : loaded 2 times (x 72B)
Class com.google.common.io.ByteStreams                                                : loaded 2 times (x 73B)
Class com.google.common.base.Splitter$1                                               : loaded 2 times (x 79B)
Class com.google.common.cache.LocalCache$Strength$3                                   : loaded 2 times (x 83B)
Class com.google.common.collect.MapDifference                                         : loaded 2 times (x 72B)
Class org.objectweb.asm.FieldWriter                                                   : loaded 2 times (x 79B)
Class com.google.common.cache.CacheBuilder$NullListener                               : loaded 2 times (x 84B)
Class org.gradle.internal.classpath.TransformedClassPath                              : loaded 2 times (x 101B)
Class org.gradle.internal.classloader.InstrumentingClassLoader                        : loaded 2 times (x 72B)
Class com.google.common.collect.Iterators$ArrayItr                                    : loaded 2 times (x 99B)
Class com.google.common.cache.CacheLoader$FunctionToCacheLoader                       : loaded 2 times (x 77B)
Class com.google.common.collect.ImmutableCollection$Builder                           : loaded 2 times (x 78B)
Class com.google.common.base.Joiner                                                   : loaded 2 times (x 82B)
Class com.google.common.base.Equivalence$Identity                                     : loaded 2 times (x 84B)
Class com.google.common.collect.Platform                                              : loaded 2 times (x 73B)
Class [Lorg.objectweb.asm.Type;                                                       : loaded 2 times (x 71B)
Class com.google.common.collect.UnmodifiableIterator                                  : loaded 2 times (x 82B)
Class org.gradle.internal.service.ServiceLocator                                      : loaded 2 times (x 72B)
Class com.google.common.base.Ascii                                                    : loaded 2 times (x 73B)
Class com.google.common.collect.SingletonImmutableBiMap                               : loaded 2 times (x 145B)
Class com.google.common.collect.Iterators$SingletonIterator                           : loaded 2 times (x 83B)
Class com.google.common.cache.LocalCache$1                                            : loaded 2 times (x 91B)
Class com.google.common.collect.AbstractMapEntry                                      : loaded 2 times (x 83B)
Class com.google.common.collect.Sets$ImprovedAbstractSet                              : loaded 2 times (x 137B)
Class com.google.common.collect.ImmutableList$Builder                                 : loaded 2 times (x 79B)
Class com.google.common.collect.AbstractMultimap                                      : loaded 2 times (x 125B)
Class com.google.common.cache.LocalCache$2                                            : loaded 2 times (x 144B)
Class com.google.common.collect.RegularImmutableAsList                                : loaded 2 times (x 219B)
Class com.google.common.base.Optional                                                 : loaded 2 times (x 82B)
Class com.google.common.collect.Iterators                                             : loaded 2 times (x 73B)
Class com.google.common.util.concurrent.AbstractFuture$Trusted                        : loaded 2 times (x 72B)
Class com.google.common.collect.Lists$StringAsImmutableList                           : loaded 2 times (x 209B)
Class com.google.common.util.concurrent.UncheckedExecutionException                   : loaded 2 times (x 84B)
Class org.gradle.kotlin.dsl.VersionCatalogAccessorsKt                                 : loaded 2 times (x 73B)
Class ijJvmDebugger1_95hwieokuuz1vb0rj14yl3328                                        : loaded 2 times (x 173B)
Class com.google.common.collect.AbstractMapBasedMultimap$KeySet$1                     : loaded 2 times (x 84B)
Class org.objectweb.asm.ClassWriter                                                   : loaded 2 times (x 107B)
Class com.google.common.base.CharMatcher$And                                          : loaded 2 times (x 114B)
Class com.google.common.cache.CacheLoader$UnsupportedLoadingOperationException        : loaded 2 times (x 84B)
Class com.google.common.collect.FluentIterable$1                                      : loaded 2 times (x 83B)
Class com.google.common.base.Objects                                                  : loaded 2 times (x 73B)
Class org.objectweb.asm.FieldVisitor                                                  : loaded 2 times (x 79B)
Class com.google.common.collect.IndexedImmutableSet                                   : loaded 2 times (x 154B)
Class com.google.common.collect.ImmutableMap$1                                        : loaded 2 times (x 83B)
Class com.google.common.collect.BiMap                                                 : loaded 2 times (x 72B)
Class org.gradle.api.internal.classpath.DefaultModuleRegistry$DefaultModule           : loaded 2 times (x 84B)
Class com.google.common.base.Absent                                                   : loaded 2 times (x 82B)
Class com.google.common.collect.FluentIterable$2                                      : loaded 2 times (x 83B)
Class com.google.common.primitives.Ints                                               : loaded 2 times (x 73B)
Class com.google.common.collect.AbstractIterator                                      : loaded 2 times (x 84B)
Class com.google.common.collect.FluentIterable$3                                      : loaded 2 times (x 83B)
Class com.google.common.collect.ObjectArrays                                          : loaded 2 times (x 73B)
Class com.google.common.math.MathPreconditions                                        : loaded 2 times (x 73B)
Class com.google.common.collect.Multiset                                              : loaded 2 times (x 72B)
Class com.google.common.collect.ArrayListMultimapGwtSerializationDependencies         : loaded 2 times (x 173B)
Class com.google.common.collect.AbstractIndexedListIterator                           : loaded 2 times (x 98B)
Class com.google.common.collect.ImmutableMapEntrySet                                  : loaded 2 times (x 154B)
Class org.gradle.api.internal.classpath.Module                                        : loaded 2 times (x 72B)
Class com.google.common.cache.Weigher                                                 : loaded 2 times (x 72B)
Class org.gradle.api.internal.classpath.UnknownModuleException                        : loaded 2 times (x 84B)
Class com.google.common.base.Stopwatch                                                : loaded 2 times (x 74B)
Class com.google.common.cache.LocalCache$Strength                                     : loaded 2 times (x 83B)
Class com.google.common.cache.Cache                                                   : loaded 2 times (x 72B)
Class com.google.common.base.NullnessCasts                                            : loaded 2 times (x 73B)
Class com.google.common.util.concurrent.AbstractFuture$Cancellation                   : loaded 2 times (x 74B)
Class com.google.common.collect.ImmutableMap$Builder                                  : loaded 2 times (x 84B)
Class com.google.common.base.Present                                                  : loaded 2 times (x 83B)
Class com.google.common.cache.RemovalListener                                         : loaded 2 times (x 72B)
Class org.gradle.api.internal.DefaultClassPathRegistry                                : loaded 2 times (x 78B)
Class com.google.common.primitives.IntsMethodsForWeb                                  : loaded 2 times (x 73B)
Class com.google.common.collect.Multimap                                              : loaded 2 times (x 72B)
Class org.gradle.internal.classpath.DefaultClassPath$ImmutableUniqueList              : loaded 2 times (x 201B)
Class org.gradle.api.internal.ClassPathRegistry                                       : loaded 2 times (x 72B)
Class com.google.common.base.ExtraObjectsMethodsForWeb                                : loaded 2 times (x 73B)
Class com.google.common.base.MoreObjects                                              : loaded 2 times (x 73B)
Class com.google.common.collect.SingletonImmutableList                                : loaded 2 times (x 209B)
Class com.google.common.cache.CacheBuilder                                            : loaded 2 times (x 74B)
Class Settings_gradle$1                                                               : loaded 2 times (x 76B)
Class org.gradle.internal.classpath.ClassPath                                         : loaded 2 times (x 72B)
Class com.google.common.base.JdkPattern                                               : loaded 2 times (x 77B)
Class com.google.common.collect.ImmutableList$ReverseImmutableList                    : loaded 2 times (x 211B)
Class com.google.errorprone.annotations.DoNotMock                                     : loaded 2 times (x 72B)
Class org.objectweb.asm.SymbolTable$Entry                                             : loaded 2 times (x 75B)
Class org.gradle.api.internal.classpath.DefaultModuleRegistry$DefaultModuleAlias      : loaded 2 times (x 82B)
Class org.objectweb.asm.Edge                                                          : loaded 2 times (x 74B)
Class com.google.common.collect.Iterators$1                                           : loaded 2 times (x 83B)
Class com.google.common.base.Suppliers$SupplierOfInstance                             : loaded 2 times (x 81B)
Class com.google.common.collect.SingletonImmutableSet                                 : loaded 2 times (x 148B)
Class com.google.common.cache.LocalCache$ComputingValueReference                      : loaded 2 times (x 98B)
Class com.google.common.collect.ImmutableMap$IteratorBasedImmutableMap                : loaded 2 times (x 128B)
Class com.google.common.cache.LocalCache$Segment                                      : loaded 2 times (x 155B)
Class com.google.common.collect.AbstractListMultimap                                  : loaded 2 times (x 173B)
Class [Lorg.objectweb.asm.SymbolTable$Entry;                                          : loaded 2 times (x 71B)
Class com.google.common.collect.Iterators$4                                           : loaded 2 times (x 84B)
Class com.google.common.cache.CacheLoader                                             : loaded 2 times (x 76B)
Class com.google.common.collect.ImmutableBiMap                                        : loaded 2 times (x 145B)
Class org.gradle.api.internal.classpath.ModuleRegistry                                : loaded 2 times (x 72B)
Class org.gradle.internal.installation.GradleInstallation$1                           : loaded 2 times (x 77B)
Class com.google.common.base.Splitter$SplittingIterator                               : loaded 2 times (x 85B)
Class com.google.common.collect.ImmutableSet$JdkBackedSetBuilderImpl                  : loaded 2 times (x 78B)
Class com.google.common.collect.Iterators$5                                           : loaded 2 times (x 84B)
Class com.google.common.util.concurrent.internal.InternalFutureFailureAccess          : loaded 2 times (x 74B)
Class com.google.common.base.CharMatcher$ForPredicate                                 : loaded 2 times (x 114B)
Class com.google.common.cache.LocalCache$LocalManualCache$1                           : loaded 2 times (x 77B)
Class com.google.common.base.CharMatcher$AnyOf                                        : loaded 2 times (x 114B)
Class com.google.common.collect.ImmutableCollection                                   : loaded 2 times (x 127B)
Class org.gradle.api.internal.classpath.DefaultModuleRegistry                         : loaded 2 times (x 86B)
Class com.google.common.collect.Lists                                                 : loaded 2 times (x 73B)
Class com.google.common.util.concurrent.ListenableFuture                              : loaded 2 times (x 72B)
Class com.google.common.cache.ReferenceEntry                                          : loaded 2 times (x 72B)
Class com.google.common.base.Converter                                                : loaded 2 times (x 92B)
Class com.google.common.collect.ImmutableSet$CachingAsList                            : loaded 2 times (x 150B)
Class com.google.common.collect.AbstractMapBasedMultimap                              : loaded 2 times (x 140B)
Class com.google.common.collect.Iterators$9                                           : loaded 2 times (x 83B)
Class com.google.common.collect.ImmutableAsList                                       : loaded 2 times (x 211B)
Class com.google.common.util.concurrent.AbstractFuture                                : loaded 2 times (x 108B)
Class com.google.common.base.FunctionalEquivalence                                    : loaded 2 times (x 85B)
Class org.objectweb.asm.RecordComponentVisitor                                        : loaded 2 times (x 79B)
Class com.google.common.cache.CacheLoader$SupplierToCacheLoader                       : loaded 2 times (x 77B)
Class com.google.common.collect.Maps$EntryTransformer                                 : loaded 2 times (x 72B)
Class org.gradle.internal.service.ServiceLookupException                              : loaded 2 times (x 84B)
Class [Lcom.google.common.cache.LocalCache$EntryFactory;                              : loaded 2 times (x 71B)
Class org.gradle.internal.classloader.ClassLoaderFactory                              : loaded 2 times (x 72B)
Class com.google.common.base.CommonPattern                                            : loaded 2 times (x 76B)
Class com.google.common.base.CharMatcher$IsNot                                        : loaded 2 times (x 113B)
Class com.google.common.cache.LocalCache$LocalManualCache                             : loaded 2 times (x 101B)
Class org.gradle.internal.service.CachingServiceLocator                               : loaded 2 times (x 84B)
Class com.google.common.collect.AbstractMapBasedMultimap$KeySet                       : loaded 2 times (x 139B)
Class com.google.common.math.IntMath                                                  : loaded 2 times (x 73B)
Class com.google.common.collect.ImmutableMapEntry                                     : loaded 2 times (x 87B)
Class com.google.common.base.Equivalence                                              : loaded 2 times (x 84B)
Class com.google.common.base.Function                                                 : loaded 2 times (x 72B)
Class com.google.common.collect.ImmutableMapEntry$NonTerminalImmutableMapEntry        : loaded 2 times (x 87B)
Class com.google.common.collect.RegularImmutableList                                  : loaded 2 times (x 215B)
Class com.google.common.cache.CacheBuilder$OneWeigher                                 : loaded 2 times (x 84B)
Class org.gradle.internal.classloader.ClasspathUtil                                   : loaded 2 times (x 73B)
Class com.google.common.util.concurrent.Uninterruptibles                              : loaded 2 times (x 73B)
Class com.google.common.util.concurrent.LazyLogger                                    : loaded 2 times (x 74B)
Class com.google.common.collect.Maps                                                  : loaded 2 times (x 73B)
Class org.gradle.api.specs.Spec                                                       : loaded 2 times (x 72B)
Class [Lcom.google.common.collect.ImmutableEntry;                                     : loaded 2 times (x 71B)
Class com.google.common.cache.LocalCache$LoadingValueReference                        : loaded 2 times (x 98B)
Class com.google.common.collect.AbstractMapBasedMultimap$AsMap                        : loaded 2 times (x 130B)
Class com.google.common.base.Platform                                                 : loaded 2 times (x 73B)
Class [Lorg.objectweb.asm.AnnotationWriter;                                           : loaded 2 times (x 71B)
Class com.google.common.collect.Maps$8                                                : loaded 2 times (x 84B)
Class com.google.common.collect.Sets$SetView                                          : loaded 2 times (x 141B)
Class com.google.common.cache.LocalCache$StrongValueReference                         : loaded 2 times (x 92B)
Class org.objectweb.asm.Type                                                          : loaded 2 times (x 74B)
Class org.gradle.internal.classloader.VisitableURLClassLoader$InstrumentingVisitableURLClassLoader: loaded 2 times (x 124B)
Class com.google.common.math.IntMath$1                                                : loaded 2 times (x 73B)
Class org.objectweb.asm.ByteVector                                                    : loaded 2 times (x 81B)
Class [Lcom.google.common.cache.CacheBuilder$NullListener;                            : loaded 2 times (x 71B)
Class org.gradle.internal.classloader.VisitableURLClassLoader$Spec                    : loaded 2 times (x 76B)
Class org.gradle.internal.classpath.DefaultClassPath                                  : loaded 2 times (x 92B)
Class com.google.common.base.AbstractIterator                                         : loaded 2 times (x 82B)
Class org.objectweb.asm.Symbol                                                        : loaded 2 times (x 75B)
Class ijJvmDebugger1_95hwieokuuz1vb0rj14yl3328$_run_closure1$_closure2                : loaded 2 times (x 141B)
Class com.google.common.io.Closer                                                     : loaded 2 times (x 80B)
Class com.google.common.base.CharMatcher$BitSetMatcher                                : loaded 2 times (x 114B)
Class com.google.common.collect.ImmutableSet                                          : loaded 2 times (x 147B)
Class com.google.common.collect.RegularImmutableMap$Values                            : loaded 2 times (x 209B)
Class org.gradle.internal.classloader.ClassLoaderSpec                                 : loaded 2 times (x 73B)
Class org.objectweb.asm.AnnotationWriter                                              : loaded 2 times (x 80B)
Class com.google.common.cache.CacheStats                                              : loaded 2 times (x 73B)
Class ijKotlinCoroutineJvmDebugInit1_cjdb6cxcjpqnp8s3tn8o7p1my$_run_closure1$_closure2: loaded 2 times (x 140B)
Class com.google.common.io.Closer$Suppressor                                          : loaded 2 times (x 72B)
Class org.objectweb.asm.RecordComponentWriter                                         : loaded 2 times (x 79B)
Class com.google.common.util.concurrent.AbstractFuture$Listener                       : loaded 2 times (x 74B)
Class com.google.common.base.CharMatcher$Or                                           : loaded 2 times (x 114B)
Class Settings_gradle$1$1                                                             : loaded 2 times (x 76B)
Class org.gradle.api.internal.classpath.Module$ModuleAlias                            : loaded 2 times (x 72B)
Class org.objectweb.asm.Attribute                                                     : loaded 2 times (x 79B)
Class com.google.common.base.Supplier                                                 : loaded 2 times (x 72B)
Class org.gradle.internal.classloader.VisitableURLClassLoader                         : loaded 2 times (x 118B)
Class com.google.common.collect.ImmutableList$SerializedForm                          : loaded 2 times (x 75B)
Class Settings_gradle                                                                 : loaded 2 times (x 126B)
Class org.gradle.internal.Cast                                                        : loaded 2 times (x 73B)
Class org.gradle.api.Action                                                           : loaded 2 times (x 72B)
Class com.google.common.base.Strings                                                  : loaded 2 times (x 73B)
Class com.google.common.collect.Sets                                                  : loaded 2 times (x 73B)
Class org.objectweb.asm.Handler                                                       : loaded 2 times (x 74B)
Class com.google.common.base.CharMatcher$FastMatcher                                  : loaded 2 times (x 113B)
Class com.google.common.base.Ticker                                                   : loaded 2 times (x 74B)
Class [Lcom.google.common.cache.LocalCache$Segment;                                   : loaded 2 times (x 71B)
Class com.google.common.base.Predicate                                                : loaded 2 times (x 72B)
Class [Lcom.google.common.cache.LocalCache$Strength;                                  : loaded 2 times (x 71B)
Class com.google.common.cache.CacheBuilder$1                                          : loaded 2 times (x 87B)
Class com.google.common.collect.ImmutableMap                                          : loaded 2 times (x 122B)
Class org.gradle.internal.classpath.DefaultClassPath$ImmutableUniqueList$Builder      : loaded 2 times (x 77B)
Class com.google.common.base.CharMatcher$NegatedFastMatcher                           : loaded 2 times (x 115B)
Class com.google.common.cache.LocalCache                                              : loaded 2 times (x 188B)
Class com.google.common.cache.CacheBuilder$2                                          : loaded 2 times (x 81B)
Class com.google.common.collect.ArrayListMultimap                                     : loaded 2 times (x 173B)
Class com.google.common.cache.CacheBuilder$3                                          : loaded 2 times (x 74B)
Class [Lcom.google.common.collect.AbstractMapEntry;                                   : loaded 2 times (x 71B)
Class com.google.common.collect.ImmutableEntry                                        : loaded 2 times (x 84B)
Class org.gradle.api.GradleException                                                  : loaded 2 times (x 84B)
Class com.google.common.base.Suppliers$MemoizingSupplier                              : loaded 2 times (x 81B)
Class com.google.common.collect.CollectPreconditions                                  : loaded 2 times (x 73B)
Class com.google.common.collect.SortedMapDifference                                   : loaded 2 times (x 72B)
Class com.google.common.collect.Iterables$4                                           : loaded 2 times (x 83B)
Class com.google.common.cache.LocalCache$WriteThroughEntry                            : loaded 2 times (x 81B)
Class com.google.common.cache.LocalCache$HashIterator                                 : loaded 2 times (x 88B)
Class com.google.common.cache.LocalCache$EntryFactory                                 : loaded 2 times (x 85B)
Class com.google.common.base.CharMatcher$Whitespace                                   : loaded 2 times (x 114B)
Class com.google.common.cache.LocalCache$AbstractReferenceEntry                       : loaded 2 times (x 109B)
Class org.gradle.internal.IoActions                                                   : loaded 2 times (x 73B)
Class org.objectweb.asm.SymbolTable                                                   : loaded 2 times (x 74B)
Class com.google.common.collect.ImmutableSet$RegularSetBuilderImpl                    : loaded 2 times (x 78B)
Class com.google.common.cache.CacheLoader$InvalidCacheLoadException                   : loaded 2 times (x 84B)
Class com.google.common.collect.FluentIterable                                        : loaded 2 times (x 83B)
Class com.google.common.cache.LocalCache$StrongEntry                                  : loaded 2 times (x 110B)
Class com.google.common.util.concurrent.AbstractFuture$TrustedFuture                  : loaded 2 times (x 116B)
Class com.google.common.cache.LoadingCache                                            : loaded 2 times (x 72B)
Class com.google.common.io.ByteStreams$LimitedInputStream                             : loaded 2 times (x 94B)
Class com.google.common.base.Suppliers$NonSerializableMemoizingSupplier               : loaded 2 times (x 81B)
Class org.objectweb.asm.MethodWriter                                                  : loaded 2 times (x 107B)
Class [Lcom.google.common.cache.Weigher;                                              : loaded 2 times (x 71B)
Class com.google.common.collect.RegularImmutableMap$BucketOverflowException           : loaded 2 times (x 84B)
Class com.google.common.collect.AbstractIterator$State                                : loaded 2 times (x 81B)
Class com.google.common.collect.RegularImmutableBiMap                                 : loaded 2 times (x 150B)
Class com.google.common.base.CharMatcher$Negated                                      : loaded 2 times (x 115B)
Class com.google.common.base.CharMatcher$Is                                           : loaded 2 times (x 113B)
Class com.google.common.cache.LocalCache$ValueReference                               : loaded 2 times (x 72B)
Class com.google.common.base.PatternCompiler                                          : loaded 2 times (x 72B)
Class com.google.common.util.concurrent.AbstractFuture$Failure                        : loaded 2 times (x 74B)
Class com.google.common.base.Equivalence$Equals                                       : loaded 2 times (x 84B)
Class com.google.common.collect.Hashing                                               : loaded 2 times (x 73B)
Class com.google.common.base.Preconditions                                            : loaded 2 times (x 73B)
Class com.google.common.base.Joiner$1                                                 : loaded 2 times (x 83B)
Class org.objectweb.asm.Label                                                         : loaded 2 times (x 75B)
Class org.objectweb.asm.CurrentFrame                                                  : loaded 2 times (x 75B)
Class org.objectweb.asm.ClassTooLargeException                                        : loaded 2 times (x 84B)
Class com.google.common.collect.PeekingIterator                                       : loaded 2 times (x 72B)
Class com.google.common.base.CharMatcher                                              : loaded 2 times (x 113B)
Class com.google.common.collect.Maps$IteratorBasedAbstractMap                         : loaded 2 times (x 127B)
Class com.google.common.base.Joiner$2                                                 : loaded 2 times (x 82B)
Class org.objectweb.asm.Frame                                                         : loaded 2 times (x 75B)
Class org.objectweb.asm.MethodVisitor                                                 : loaded 2 times (x 107B)
Class com.google.common.base.CharMatcher$1                                            : loaded 2 times (x 115B)
Class com.google.common.base.CharMatcher$NamedFastMatcher                             : loaded 2 times (x 114B)
Class com.google.common.cache.LocalCache$EntryFactory$1                               : loaded 2 times (x 85B)
Class [Lcom.google.common.cache.RemovalListener;                                      : loaded 2 times (x 71B)
Class com.google.common.cache.LocalCache$EntryFactory$2                               : loaded 2 times (x 85B)
Class ijJvmDebugger1_95hwieokuuz1vb0rj14yl3328$_run_closure1                          : loaded 2 times (x 140B)
Class org.objectweb.asm.ModuleWriter                                                  : loaded 2 times (x 83B)
Class com.google.common.cache.LocalCache$EntryFactory$3                               : loaded 2 times (x 85B)
Class com.google.common.base.Ticker$1                                                 : loaded 2 times (x 74B)
Class com.google.common.collect.Maps$BiMapConverter                                   : loaded 2 times (x 92B)
Class com.google.common.collect.ImmutableMapEntrySet$RegularEntrySet                  : loaded 2 times (x 154B)
Class com.google.common.collect.ImmutableSet$Builder                                  : loaded 2 times (x 87B)
Class com.google.common.base.CharMatcher$InRange                                      : loaded 2 times (x 113B)
Class com.google.common.cache.LocalCache$EntryFactory$4                               : loaded 2 times (x 85B)
Class ijKotlinCoroutineJvmDebugInit1_cjdb6cxcjpqnp8s3tn8o7p1my$_run_closure1          : loaded 2 times (x 140B)
Class com.google.common.io.ByteStreams$1                                              : loaded 2 times (x 87B)
Class com.google.common.cache.LocalCache$EntryFactory$5                               : loaded 2 times (x 85B)
Class com.google.common.base.PairwiseEquivalence                                      : loaded 2 times (x 85B)
Class com.google.common.cache.LocalCache$EntryFactory$6                               : loaded 2 times (x 85B)
Class org.gradle.internal.installation.CurrentGradleInstallationLocator               : loaded 2 times (x 73B)
Class com.google.common.collect.Maps$KeySet                                           : loaded 2 times (x 139B)
Class com.google.common.collect.ImmutableSet$EmptySetBuilderImpl                      : loaded 2 times (x 78B)
Class com.google.common.cache.LocalCache$EntryFactory$7                               : loaded 2 times (x 85B)
Class com.google.common.collect.ImmutableList                                         : loaded 2 times (x 208B)
Class org.gradle.internal.service.DefaultServiceLocator                               : loaded 2 times (x 85B)
Class com.google.common.collect.Maps$EntrySet                                         : loaded 2 times (x 138B)
Class com.google.common.collect.ImmutableSet$SetBuilderImpl                           : loaded 2 times (x 78B)
Class com.google.common.cache.LocalCache$EntryFactory$8                               : loaded 2 times (x 85B)
Class org.gradle.internal.installation.CurrentGradleInstallation                      : loaded 2 times (x 75B)
Class com.google.common.collect.ImmutableList$SubList                                 : loaded 2 times (x 211B)
Class com.google.common.cache.CacheLoader$1                                           : loaded 2 times (x 77B)
Class com.google.common.collect.ForwardingObject                                      : loaded 2 times (x 74B)
Class org.gradle.util.internal.GUtil                                                  : loaded 2 times (x 73B)
Class com.google.common.cache.AbstractCache$StatsCounter                              : loaded 2 times (x 72B)
Class com.google.common.collect.Iterators$MergingIterator                             : loaded 2 times (x 83B)
Class com.google.common.collect.RegularImmutableSet                                   : loaded 2 times (x 150B)
Class org.gradle.internal.installation.GradleInstallation                             : loaded 2 times (x 77B)
Class com.google.common.base.Splitter$Strategy                                        : loaded 2 times (x 72B)
Class com.google.common.collect.Iterables                                             : loaded 2 times (x 73B)

---------------  S Y S T E M  ---------------

OS:
 Windows 10 , 64 bit Build 19041 (10.0.19041.5915)
OS uptime: 40 days 19:25 hours

CPU: total 4 (initial active 4) (2 cores per cpu, 2 threads per core) family 6 model 126 stepping 5 microcode 0xcc, cx8, cmov, fxsr, ht, mmx, 3dnowpref, sse, sse2, sse3, ssse3, sse4.1, sse4.2, popcnt, lzcnt, tsc, tscinvbit, avx, avx2, aes, erms, clmul, bmi1, bmi2, adx, avx512f, avx512dq, avx512cd, avx512bw, avx512vl, sha, fma, vzeroupper, avx512_vpopcntdq, avx512_vpclmulqdq, avx512_vaes, avx512_vnni, clflush, clflushopt, avx512_vbmi2, avx512_vbmi, rdtscp, rdpid, fsrm, gfni, avx512_bitalg, f16c, pku, avx512_ifma
Processor Information for the first 4 processors :
  Max Mhz: 1190, Current Mhz: 1190, Mhz Limit: 1190

Memory: 4k page, system-wide physical 7959M (313M free)
TotalPageFile size 16151M (AvailPageFile size 169M)
current process WorkingSet (physical memory assigned to process): 623M, peak: 693M
current process commit charge ("private bytes"): 757M, peak: 976M

vm_info: OpenJDK 64-Bit Server VM (25.0.2+-15348964-b329.117) for windows-amd64 JRE (25.0.2+-15348964-b329.117), built on 2026-05-05T18:25:19Z with MS VC++ 16.10 / 16.11 (VS2019)

END.
