#
# There is insufficient memory for the Java Runtime Environment to continue.
# Native memory allocation (mmap) failed to map 202375168 bytes. Error detail: G1 virtual space
# Possible reasons:
#   The system is out of physical RAM or swap space
#   This process is running with CompressedOops enabled, and the Java Heap may be blocking the growth of the native heap
# Possible solutions:
#   Reduce memory load on the system
#   Increase physical memory or swap space
#   Check if swap backing store is full
#   Decrease Java heap size (-Xmx/-Xms)
#   Decrease number of Java threads
#   Decrease Java thread stack sizes (-Xss)
#   Set larger code cache with -XX:ReservedCodeCacheSize=
#   JVM is running with Unscaled Compressed Oops mode in which the Java heap is
#     placed in the first 4GB address space. The Java Heap base address is the
#     maximum limit for the native heap growth. Please use -XX:HeapBaseMinAddress
#     to set the Java Heap base and to place the Java Heap above 4GB virtual address.
# This output file may be truncated or incomplete.
#
#  Out of Memory Error (os_windows.cpp:3554), pid=7300, tid=21004
#
# JRE version: OpenJDK Runtime Environment Temurin-25.0.3+9 (25.0.3+9) (build 25.0.3+9-LTS)
# Java VM: OpenJDK 64-Bit Server VM Temurin-25.0.3+9 (25.0.3+9-LTS, mixed mode, sharing, tiered, compressed oops, compressed class ptrs, g1 gc, windows-amd64)
# No core dump will be written. Minidumps are not enabled by default on client versions of Windows
#

---------------  S U M M A R Y ------------

Command Line: --add-opens=java.base/java.lang=ALL-UNNAMED --add-opens=java.base/java.lang.invoke=ALL-UNNAMED --add-opens=java.base/java.util=ALL-UNNAMED --add-opens=java.prefs/java.util.prefs=ALL-UNNAMED --add-exports=jdk.compiler/com.sun.tools.javac.api=ALL-UNNAMED --add-exports=jdk.compiler/com.sun.tools.javac.util=ALL-UNNAMED --add-opens=java.base/java.nio.charset=ALL-UNNAMED --add-opens=java.base/java.net=ALL-UNNAMED --add-opens=java.base/java.util.concurrent=ALL-UNNAMED --add-opens=java.base/java.util.concurrent.atomic=ALL-UNNAMED --add-opens=java.xml/javax.xml.namespace=ALL-UNNAMED --add-opens=java.base/java.time=ALL-UNNAMED --enable-native-access=ALL-UNNAMED -Xmx2048m -Dfile.encoding=UTF-8 -Duser.country=BR -Duser.language=pt -Duser.variant -javaagent:C:\Users\MEIRE\.gradle\wrapper\dists\gradle-9.7.1-bin\1w1c7tv4s851m17nbqdsro2tv\gradle-9.7.1\lib\agents\gradle-instrumentation-agent-9.7.1.jar org.gradle.launcher.daemon.bootstrap.GradleDaemon 9.7.1

Host: Intel(R) Core(TM) i3-1005G1 CPU @ 1.20GHz, 4 cores, 7G,  Windows 10 , 64 bit Build 19041 (10.0.19041.5915)
Time: Wed Aug 26 06:18:29 2026 Hora oficial do Brasil elapsed time: 61.129017 seconds (0d 0h 1m 1s)

---------------  T H R E A D  ---------------

Current thread (0x0000019663ad05e0):  VMThread "VM Thread"          [id=21004, stack(0x0000006d7ad00000,0x0000006d7ae00000) (1024K)]

Stack: [0x0000006d7ad00000,0x0000006d7ae00000]
Native frames: (J=compiled Java code, j=interpreted, Vv=VM code, C=native code)
V  [jvm.dll+0x7aa709]  (no source info available)
V  [jvm.dll+0x7749ed]  (no source info available)
V  [jvm.dll+0x9f7433]  (no source info available)
V  [jvm.dll+0x9f9a21]  (no source info available)
V  [jvm.dll+0x9fa133]  (no source info available)
V  [jvm.dll+0x2fd266]  (no source info available)
V  [jvm.dll+0x7a6935]  (no source info available)
V  [jvm.dll+0x799d87]  (no source info available)
V  [jvm.dll+0x3f5d88]  (no source info available)
V  [jvm.dll+0x3fdcf6]  (no source info available)
V  [jvm.dll+0x3ea45e]  (no source info available)
V  [jvm.dll+0x3ea718]  (no source info available)
V  [jvm.dll+0x3c1575]  (no source info available)
V  [jvm.dll+0x3c160a]  (no source info available)
V  [jvm.dll+0x40ead6]  (no source info available)
V  [jvm.dll+0x40d3e8]  (no source info available)
V  [jvm.dll+0x3c0ca7]  (no source info available)
V  [jvm.dll+0x40c7cf]  (no source info available)
V  [jvm.dll+0xa00382]  (no source info available)
V  [jvm.dll+0xa016a1]  (no source info available)
V  [jvm.dll+0xa01c18]  (no source info available)
V  [jvm.dll+0xa01eb3]  (no source info available)
V  [jvm.dll+0x99894d]  (no source info available)
V  [jvm.dll+0x7a8ce5]  (no source info available)
C  [ucrtbase.dll+0x21bb2]  (no source info available)
C  [KERNEL32.DLL+0x17374]  (no source info available)
C  [ntdll.dll+0x4cc91]  (no source info available)

VM_Operation (0x0000006d7d1f9678): G1CollectForAllocation, mode: safepoint, requested by thread 0x0000019663af0aa0


---------------  P R O C E S S  ---------------

Threads class SMR info:
_java_thread_list=0x0000019675f40830, length=55, elements={
0x00000196471fbec0, 0x0000019663ae41c0, 0x0000019663ae5020, 0x0000019663ae7860,
0x0000019663ae9430, 0x0000019663aec7e0, 0x0000019663af13b0, 0x0000019663b122b0,
0x0000019663b14920, 0x0000019663d03480, 0x0000019663d7f340, 0x000001966a1074c0,
0x0000019669f84e70, 0x000001966a01bde0, 0x0000019669fa4370, 0x0000019669fa4b30,
0x0000019668d5d490, 0x0000019668d5ec00, 0x0000019668d5b550, 0x0000019668d5e430,
0x0000019668d5fba0, 0x000001966a270430, 0x000001966a26b610, 0x000001966a269ea0,
0x000001966a26c5b0, 0x000001966a26dd20, 0x000001966a268f00, 0x000001966a26cd80,
0x000001966ccfd490, 0x000001966ccfb550, 0x000001966ccfa5b0, 0x000001966ccfc4f0,
0x0000019663af0aa0, 0x000001966d5e06e0, 0x000001966d5e2df0, 0x000001966d5e4d30,
0x000001966d5e0eb0, 0x000001966ccf9610, 0x000001966d94b630, 0x000001966d948750,
0x000001966d9496f0, 0x000001966c62b030, 0x000001966c626210, 0x000001966c62b800,
0x000001966c46e550, 0x000001966c46f4f0, 0x000001966c4723d0, 0x000001966c46d5b0,
0x000001966c46b670, 0x000001966c470490, 0x000001966a6c50e0, 0x000001966b4f7b40,
0x000001966b4fb1f0, 0x000001966b4fc190, 0x000001966b4f8ae0
}

Java Threads: ( => current thread )
  0x00000196471fbec0 JavaThread "main"                              [_thread_blocked, id=8256, stack(0x0000006d7a600000,0x0000006d7a700000) (1024K)]
  0x0000019663ae41c0 JavaThread "Reference Handler"          daemon [_thread_blocked, id=8416, stack(0x0000006d7ae00000,0x0000006d7af00000) (1024K)]
  0x0000019663ae5020 JavaThread "Finalizer"                  daemon [_thread_blocked, id=18836, stack(0x0000006d7af00000,0x0000006d7b000000) (1024K)]
  0x0000019663ae7860 JavaThread "Signal Dispatcher"          daemon [_thread_blocked, id=21804, stack(0x0000006d7b000000,0x0000006d7b100000) (1024K)]
  0x0000019663ae9430 JavaThread "Attach Listener"            daemon [_thread_blocked, id=19848, stack(0x0000006d7b100000,0x0000006d7b200000) (1024K)]
  0x0000019663aec7e0 JavaThread "Service Thread"             daemon [_thread_blocked, id=17084, stack(0x0000006d7b200000,0x0000006d7b300000) (1024K)]
  0x0000019663af13b0 JavaThread "Monitor Deflation Thread"   daemon [_thread_blocked, id=10284, stack(0x0000006d7b300000,0x0000006d7b400000) (1024K)]
  0x0000019663b122b0 JavaThread "C2 CompilerThread0"         daemon [_thread_in_native, id=10576, stack(0x0000006d7b400000,0x0000006d7b500000) (1024K)]
  0x0000019663b14920 JavaThread "C1 CompilerThread0"         daemon [_thread_blocked, id=10748, stack(0x0000006d7b500000,0x0000006d7b600000) (1024K)]
  0x0000019663d03480 JavaThread "Common-Cleaner"             daemon [_thread_blocked, id=14156, stack(0x0000006d7b600000,0x0000006d7b700000) (1024K)]
  0x0000019663d7f340 JavaThread "Notification Thread"        daemon [_thread_blocked, id=6972, stack(0x0000006d7b700000,0x0000006d7b800000) (1024K)]
  0x000001966a1074c0 JavaThread "Daemon health stats"               [_thread_blocked, id=13628, stack(0x0000006d7bb00000,0x0000006d7bc00000) (1024K)]
  0x0000019669f84e70 JavaThread "Incoming local TCP Connector on port 55388"        [_thread_in_native, id=17828, stack(0x0000006d7bc00000,0x0000006d7bd00000) (1024K)]
  0x000001966a01bde0 JavaThread "Daemon periodic checks"            [_thread_blocked, id=10764, stack(0x0000006d7bd00000,0x0000006d7be00000) (1024K)]
  0x0000019669fa4370 JavaThread "Daemon"                            [_thread_blocked, id=22032, stack(0x0000006d7be00000,0x0000006d7bf00000) (1024K)]
  0x0000019669fa4b30 JavaThread "Handler for socket connection from /127.0.0.1:55388 to /127.0.0.1:55389"        [_thread_in_native, id=18336, stack(0x0000006d7bf00000,0x0000006d7c000000) (1024K)]
  0x0000019668d5d490 JavaThread "Cancel handler"                    [_thread_blocked, id=14756, stack(0x0000006d7c000000,0x0000006d7c100000) (1024K)]
  0x0000019668d5ec00 JavaThread "Daemon worker"                     [_thread_blocked, id=22492, stack(0x0000006d7c100000,0x0000006d7c200000) (1024K)]
  0x0000019668d5b550 JavaThread "Asynchronous log dispatcher for DefaultDaemonConnection: socket connection from /127.0.0.1:55388 to /127.0.0.1:55389"        [_thread_blocked, id=15068, stack(0x0000006d7c200000,0x0000006d7c300000) (1024K)]
  0x0000019668d5e430 JavaThread "Stdin handler"                     [_thread_blocked, id=19608, stack(0x0000006d7c300000,0x0000006d7c400000) (1024K)]
  0x0000019668d5fba0 JavaThread "Daemon client event forwarder"        [_thread_blocked, id=17916, stack(0x0000006d7c400000,0x0000006d7c500000) (1024K)]
  0x000001966a270430 JavaThread "Cache worker for journal cache (C:\Users\MEIRE\.gradle\caches\journal-1)"        [_thread_blocked, id=22092, stack(0x0000006d7c500000,0x0000006d7c600000) (1024K)]
  0x000001966a26b610 JavaThread "File lock request listener"        [_thread_in_native, id=5596, stack(0x0000006d7c600000,0x0000006d7c700000) (1024K)]
  0x000001966a269ea0 JavaThread "Cache worker for file hash cache (C:\Users\MEIRE\.gradle\caches\9.7.1\fileHashes)"        [_thread_blocked, id=17760, stack(0x0000006d7c700000,0x0000006d7c800000) (1024K)]
  0x000001966a26c5b0 JavaThread "Cache worker for file hash cache (C:\Users\MEIRE\AndroidStudioProjects\RetroHardware\.gradle\9.7.1\fileHashes)"        [_thread_blocked, id=20948, stack(0x0000006d7c900000,0x0000006d7ca00000) (1024K)]
  0x000001966a26dd20 JavaThread "Cache worker for checksums cache (C:\Users\MEIRE\AndroidStudioProjects\RetroHardware\.gradle\9.7.1\checksums)"        [_thread_blocked, id=18300, stack(0x0000006d7ca00000,0x0000006d7cb00000) (1024K)]
  0x000001966a268f00 JavaThread "Cache worker for Build Output Cleanup Cache (C:\Users\MEIRE\AndroidStudioProjects\RetroHardware\.gradle\buildOutputCleanup)"        [_thread_blocked, id=9892, stack(0x0000006d7cb00000,0x0000006d7cc00000) (1024K)]
  0x000001966a26cd80 JavaThread "Cache worker for file content cache (C:\Users\MEIRE\.gradle\caches\9.7.1\fileContent)"        [_thread_blocked, id=7056, stack(0x0000006d7cc00000,0x0000006d7cd00000) (1024K)]
  0x000001966ccfd490 JavaThread "File watcher server"        daemon [_thread_blocked, id=17108, stack(0x0000006d7b800000,0x0000006d7b900000) (1024K)]
  0x000001966ccfb550 JavaThread "File watcher consumer"      daemon [_thread_blocked, id=16228, stack(0x0000006d7cd00000,0x0000006d7ce00000) (1024K)]
  0x000001966ccfa5b0 JavaThread "Cache worker for cache directory md-supplier (C:\Users\MEIRE\.gradle\caches\9.7.1\md-supplier)"        [_thread_blocked, id=18596, stack(0x0000006d7cf00000,0x0000006d7d000000) (1024K)]
  0x000001966ccfc4f0 JavaThread "Cache worker for cache directory md-rule (C:\Users\MEIRE\.gradle\caches\9.7.1\md-rule)"        [_thread_blocked, id=17420, stack(0x0000006d7d000000,0x0000006d7d100000) (1024K)]
  0x0000019663af0aa0 JavaThread "Build operations"                  [_thread_blocked, id=9756, stack(0x0000006d7d100000,0x0000006d7d200000) (1024K)]
  0x000001966d5e06e0 JavaThread "Build operations Thread 2"         [_thread_blocked, id=21588, stack(0x0000006d7d200000,0x0000006d7d300000) (1024K)]
  0x000001966d5e2df0 JavaThread "Build operations Thread 3"         [_thread_blocked, id=8400, stack(0x0000006d7d300000,0x0000006d7d400000) (1024K)]
  0x000001966d5e4d30 JavaThread "Configuration cache report writer"        [_thread_blocked, id=6384, stack(0x0000006d7d400000,0x0000006d7d500000) (1024K)]
  0x000001966d5e0eb0 JavaThread "Build operations Thread 4"         [_thread_blocked, id=13468, stack(0x0000006d7d500000,0x0000006d7d600000) (1024K)]
  0x000001966ccf9610 JavaThread "Memory manager"                    [_thread_blocked, id=10848, stack(0x0000006d7ce00000,0x0000006d7cf00000) (1024K)]
  0x000001966d94b630 JavaThread "build event listener"              [_thread_blocked, id=13364, stack(0x0000006d7d700000,0x0000006d7d800000) (1024K)]
  0x000001966d948750 JavaThread "pool-3-thread-1"                   [_thread_blocked, id=15792, stack(0x0000006d7d800000,0x0000006d7d900000) (1024K)]
  0x000001966d9496f0 JavaThread "build event listener"              [_thread_blocked, id=20436, stack(0x0000006d7d900000,0x0000006d7da00000) (1024K)]
  0x000001966c62b030 JavaThread "Exec process"                      [_thread_blocked, id=4928, stack(0x0000006d7da00000,0x0000006d7db00000) (1024K)]
  0x000001966c626210 JavaThread "Exec process Thread 2"             [_thread_blocked, id=22380, stack(0x0000006d7db00000,0x0000006d7dc00000) (1024K)]
  0x000001966c62b800 JavaThread "Exec process Thread 3"             [_thread_blocked, id=14196, stack(0x0000006d7dc00000,0x0000006d7dd00000) (1024K)]
  0x000001966c46e550 JavaThread "included builds"                   [_thread_blocked, id=18656, stack(0x0000006d7dd00000,0x0000006d7de00000) (1024K)]
  0x000001966c46f4f0 JavaThread "Execution worker"                  [_thread_blocked, id=19740, stack(0x0000006d7de00000,0x0000006d7df00000) (1024K)]
  0x000001966c4723d0 JavaThread "Execution worker Thread 2"         [_thread_blocked, id=16800, stack(0x0000006d7df00000,0x0000006d7e000000) (1024K)]
  0x000001966c46d5b0 JavaThread "Execution worker Thread 3"         [_thread_blocked, id=17508, stack(0x0000006d7e000000,0x0000006d7e100000) (1024K)]
  0x000001966c46b670 JavaThread "Cache worker for execution history cache (C:\Users\MEIRE\AndroidStudioProjects\RetroHardware\.gradle\9.7.1\executionHistory)"        [_thread_blocked, id=11208, stack(0x0000006d7e100000,0x0000006d7e200000) (1024K)]
  0x000001966c470490 JavaThread "WorkerExecutor Queue"              [_thread_blocked, id=19580, stack(0x0000006d7d600000,0x0000006d7d700000) (1024K)]
  0x000001966a6c50e0 JavaThread "C2 CompilerThread1"         daemon [_thread_blocked, id=15172, stack(0x0000006d7e200000,0x0000006d7e300000) (1024K)]
  0x000001966b4f7b40 JavaThread "WorkerExecutor Queue Thread 2"        [_thread_blocked, id=11756, stack(0x0000006d7e300000,0x0000006d7e400000) (1024K)]
  0x000001966b4fb1f0 JavaThread "pool-4-thread-1"                   [_thread_blocked, id=11912, stack(0x0000006d7e400000,0x0000006d7e500000) (1024K)]
  0x000001966b4fc190 JavaThread "stderr"                            [_thread_in_native, id=22360, stack(0x0000006d7e500000,0x0000006d7e600000) (1024K)]
  0x000001966b4f8ae0 JavaThread "stdout"                            [_thread_in_native, id=15484, stack(0x0000006d7e600000,0x0000006d7e700000) (1024K)]
Total: 55

Other Threads:
=>0x0000019663ad05e0 VMThread "VM Thread"                           [id=21004, stack(0x0000006d7ad00000,0x0000006d7ae00000) (1024K)]
  0x0000019663acd240 WatcherThread "VM Periodic Task Thread"        [id=1528, stack(0x0000006d7ac00000,0x0000006d7ad00000) (1024K)]
  0x000001964725acf0 WorkerThread "GC Thread#0"                     [id=10184, stack(0x0000006d7a700000,0x0000006d7a800000) (1024K)]
  0x0000019668d55520 WorkerThread "GC Thread#1"                     [id=5056, stack(0x0000006d7b900000,0x0000006d7ba00000) (1024K)]
  0x0000019668d59960 WorkerThread "GC Thread#2"                     [id=16476, stack(0x0000006d7ba00000,0x0000006d7bb00000) (1024K)]
  0x0000019669fa8ef0 WorkerThread "GC Thread#3"                     [id=3096, stack(0x0000006d7c800000,0x0000006d7c900000) (1024K)]
  0x000001964508df80 ConcurrentGCThread "G1 Main Marker"            [id=5808, stack(0x0000006d7a800000,0x0000006d7a900000) (1024K)]
  0x000001964508eb20 WorkerThread "G1 Conc#0"                       [id=18236, stack(0x0000006d7a900000,0x0000006d7aa00000) (1024K)]
  0x000001964729fe80 ConcurrentGCThread "G1 Refine#0"               [id=16740, stack(0x0000006d7aa00000,0x0000006d7ab00000) (1024K)]
  0x00000196472a0a90 ConcurrentGCThread "G1 Service"                [id=18184, stack(0x0000006d7ab00000,0x0000006d7ac00000) (1024K)]
Total: 10

Threads with active compile tasks:
C2 CompilerThread0  61272 19753       4       com.android.tools.r8.internal.f52::a (2041 bytes)
C2 CompilerThread1  61272 19925       4       com.android.tools.r8.graph.v2::a (410 bytes)
Total: 2

VM state: at safepoint (normal execution)

VM Mutex/Monitor currently owned by a thread:  ([mutex/lock_event])
[0x00007ffbbe4896a8] Threads_lock - owner thread: 0x0000019663ad05e0
[0x00007ffbbe489828] Heap_lock - owner thread: 0x0000019663af0aa0

Heap address: 0x0000000080000000, size: 2048 MB, Compressed Oops mode: 32-bit

CDS archive(s) mapped at: [0x0000000037000000-0x0000000037dd0000-0x0000000037dd0000), size 14483456, SharedBaseAddress: 0x0000000037000000, ArchiveRelocationMode: 1.
Compressed class space mapped at: 0x0000000038000000-0x0000000078000000, reserved size: 1073741824
UseCompressedClassPointers 1, UseCompactObjectHeaders 0
Narrow klass pointer bits 32, Max shift 3
Narrow klass base: 0x0000000037000000, Narrow klass shift: 0
Encoding Range: [0x0000000037000000 - 0x0000000137000000), (4294967296 bytes)
Klass Range:    [0x0000000037010000 - 0x0000000078000000), (1090453504 bytes)
Klass ID Range:  [65536 - 1090519033) (1090453497)
Protection zone: [0x0000000037000000 - 0x0000000037010000), (65536 bytes)

GC Precious Log:
 CardTable entry size: 512
 Card Set container configuration: InlinePtr #cards 5 size 8 Array Of Cards #cards 10 size 36 Howl #buckets 4 coarsen threshold 1843 Howl Bitmap #cards 512 size 80 coarsen threshold 460 Card regions per heap region 1 cards per card region 2048
 CPUs: 4 total, 4 available
 Memory: 7959M
 Large Page Support: Disabled
 NUMA Support: Disabled
 Compressed Oops: Enabled (32-bit)
 Heap Region Size: 1M
 Heap Min Capacity: 8M
 Heap Initial Capacity: 126M
 Heap Max Capacity: 2G
 Pre-touch: Disabled
 Parallel Workers: 4
 Concurrent Workers: 1
 Concurrent Refinement Workers: 4
 Periodic GC: Disabled

Heap:
 garbage-first heap   total reserved 2097152K, committed 601088K, used 432128K [0x0000000080000000, 0x0000000100000000)
  region size 1024K, 17 young (17408K), 17 survivors (17408K)

Heap Regions: E=young(eden), S=young(survivor), O=old, HS=humongous(starts), HC=humongous(continues), CS=collection set, F=free, TAMS=top-at-mark-start, PB=parsable bottom
|   0|0x0000000080000000, 0x0000000080100000, 0x0000000080100000|100%|HS|  |TAMS 0x0000000080100000| PB 0x0000000080000000| Complete |  0
|   1|0x0000000080100000, 0x0000000080200000, 0x0000000080200000|100%|HC|  |TAMS 0x0000000080200000| PB 0x0000000080100000| Complete |  0
|   2|0x0000000080200000, 0x0000000080300000, 0x0000000080300000|100%|HC|  |TAMS 0x0000000080300000| PB 0x0000000080200000| Complete |  0
|   3|0x0000000080300000, 0x0000000080400000, 0x0000000080400000|100%|HC|  |TAMS 0x0000000080400000| PB 0x0000000080300000| Complete |  0
|   4|0x0000000080400000, 0x0000000080500000, 0x0000000080500000|100%| O|  |TAMS 0x0000000080500000| PB 0x0000000080400000| Untracked |  0
|   5|0x0000000080500000, 0x0000000080600000, 0x0000000080600000|100%| O|  |TAMS 0x0000000080600000| PB 0x0000000080500000| Untracked |  0
|   6|0x0000000080600000, 0x0000000080700000, 0x0000000080700000|100%| O|  |TAMS 0x0000000080700000| PB 0x0000000080600000| Untracked |  0
|   7|0x0000000080700000, 0x0000000080800000, 0x0000000080800000|100%|HS|  |TAMS 0x0000000080800000| PB 0x0000000080700000| Complete |  0
|   8|0x0000000080800000, 0x0000000080900000, 0x0000000080900000|100%| O|  |TAMS 0x0000000080900000| PB 0x0000000080800000| Untracked |  0
|   9|0x0000000080900000, 0x0000000080a00000, 0x0000000080a00000|100%| O|  |TAMS 0x0000000080a00000| PB 0x0000000080900000| Untracked |  0
|  10|0x0000000080a00000, 0x0000000080b00000, 0x0000000080b00000|100%| O|  |TAMS 0x0000000080b00000| PB 0x0000000080a00000| Untracked |  0
|  11|0x0000000080b00000, 0x0000000080c00000, 0x0000000080c00000|100%| O|  |TAMS 0x0000000080c00000| PB 0x0000000080b00000| Untracked |  0
|  12|0x0000000080c00000, 0x0000000080d00000, 0x0000000080d00000|100%| O|  |TAMS 0x0000000080d00000| PB 0x0000000080c00000| Untracked |  0
|  13|0x0000000080d00000, 0x0000000080e00000, 0x0000000080e00000|100%| O|  |TAMS 0x0000000080e00000| PB 0x0000000080d00000| Untracked |  0
|  14|0x0000000080e00000, 0x0000000080f00000, 0x0000000080f00000|100%| O|  |TAMS 0x0000000080f00000| PB 0x0000000080e00000| Untracked |  0
|  15|0x0000000080f00000, 0x0000000081000000, 0x0000000081000000|100%| O|  |TAMS 0x0000000081000000| PB 0x0000000080f00000| Untracked |  0
|  16|0x0000000081000000, 0x0000000081100000, 0x0000000081100000|100%| O|  |TAMS 0x0000000081100000| PB 0x0000000081000000| Untracked |  0
|  17|0x0000000081100000, 0x0000000081200000, 0x0000000081200000|100%| O|  |TAMS 0x0000000081200000| PB 0x0000000081100000| Untracked |  0
|  18|0x0000000081200000, 0x0000000081300000, 0x0000000081300000|100%| O|  |TAMS 0x0000000081300000| PB 0x0000000081200000| Untracked |  0
|  19|0x0000000081300000, 0x0000000081400000, 0x0000000081400000|100%| O|  |TAMS 0x0000000081400000| PB 0x0000000081300000| Untracked |  0
|  20|0x0000000081400000, 0x0000000081500000, 0x0000000081500000|100%| O|  |TAMS 0x0000000081500000| PB 0x0000000081400000| Untracked |  0
|  21|0x0000000081500000, 0x0000000081600000, 0x0000000081600000|100%| O|  |TAMS 0x0000000081600000| PB 0x0000000081500000| Untracked |  0
|  22|0x0000000081600000, 0x0000000081700000, 0x0000000081700000|100%| O|  |TAMS 0x0000000081700000| PB 0x0000000081600000| Untracked |  0
|  23|0x0000000081700000, 0x0000000081800000, 0x0000000081800000|100%| O|  |TAMS 0x0000000081800000| PB 0x0000000081700000| Untracked |  0
|  24|0x0000000081800000, 0x0000000081900000, 0x0000000081900000|100%| O|  |TAMS 0x0000000081900000| PB 0x0000000081800000| Untracked |  0
|  25|0x0000000081900000, 0x0000000081a00000, 0x0000000081a00000|100%| O|  |TAMS 0x0000000081a00000| PB 0x0000000081900000| Untracked |  0
|  26|0x0000000081a00000, 0x0000000081b00000, 0x0000000081b00000|100%| O|  |TAMS 0x0000000081b00000| PB 0x0000000081a00000| Untracked |  0
|  27|0x0000000081b00000, 0x0000000081c00000, 0x0000000081c00000|100%| O|  |TAMS 0x0000000081c00000| PB 0x0000000081b00000| Untracked |  0
|  28|0x0000000081c00000, 0x0000000081d00000, 0x0000000081d00000|100%| O|  |TAMS 0x0000000081d00000| PB 0x0000000081c00000| Untracked |  0
|  29|0x0000000081d00000, 0x0000000081e00000, 0x0000000081e00000|100%| O|  |TAMS 0x0000000081e00000| PB 0x0000000081d00000| Untracked |  0
|  30|0x0000000081e00000, 0x0000000081f00000, 0x0000000081f00000|100%| O|  |TAMS 0x0000000081f00000| PB 0x0000000081e00000| Untracked |  0
|  31|0x0000000081f00000, 0x0000000082000000, 0x0000000082000000|100%| O|  |TAMS 0x0000000082000000| PB 0x0000000081f00000| Untracked |  0
|  32|0x0000000082000000, 0x0000000082100000, 0x0000000082100000|100%| O|  |TAMS 0x0000000082100000| PB 0x0000000082000000| Untracked |  0
|  33|0x0000000082100000, 0x0000000082200000, 0x0000000082200000|100%| O|  |TAMS 0x0000000082200000| PB 0x0000000082100000| Untracked |  0
|  34|0x0000000082200000, 0x0000000082300000, 0x0000000082300000|100%| O|  |TAMS 0x0000000082300000| PB 0x0000000082200000| Untracked |  0
|  35|0x0000000082300000, 0x0000000082400000, 0x0000000082400000|100%| O|  |TAMS 0x0000000082400000| PB 0x0000000082300000| Untracked |  0
|  36|0x0000000082400000, 0x0000000082500000, 0x0000000082500000|100%| O|  |TAMS 0x0000000082500000| PB 0x0000000082400000| Untracked |  0
|  37|0x0000000082500000, 0x0000000082600000, 0x0000000082600000|100%| O|  |TAMS 0x0000000082600000| PB 0x0000000082500000| Untracked |  0
|  38|0x0000000082600000, 0x0000000082700000, 0x0000000082700000|100%| O|  |TAMS 0x0000000082700000| PB 0x0000000082600000| Untracked |  0
|  39|0x0000000082700000, 0x0000000082800000, 0x0000000082800000|100%| O|  |TAMS 0x0000000082800000| PB 0x0000000082700000| Untracked |  0
|  40|0x0000000082800000, 0x0000000082900000, 0x0000000082900000|100%| O|  |TAMS 0x0000000082900000| PB 0x0000000082800000| Untracked |  0
|  41|0x0000000082900000, 0x0000000082a00000, 0x0000000082a00000|100%|HS|  |TAMS 0x0000000082a00000| PB 0x0000000082900000| Complete |  0
|  42|0x0000000082a00000, 0x0000000082b00000, 0x0000000082b00000|100%|HC|  |TAMS 0x0000000082b00000| PB 0x0000000082a00000| Complete |  0
|  43|0x0000000082b00000, 0x0000000082c00000, 0x0000000082c00000|100%|HS|  |TAMS 0x0000000082c00000| PB 0x0000000082b00000| Complete |  0
|  44|0x0000000082c00000, 0x0000000082d00000, 0x0000000082d00000|100%|HS|  |TAMS 0x0000000082d00000| PB 0x0000000082c00000| Complete |  0
|  45|0x0000000082d00000, 0x0000000082e00000, 0x0000000082e00000|100%|HS|  |TAMS 0x0000000082e00000| PB 0x0000000082d00000| Complete |  0
|  46|0x0000000082e00000, 0x0000000082f00000, 0x0000000082f00000|100%|HS|  |TAMS 0x0000000082f00000| PB 0x0000000082e00000| Complete |  0
|  47|0x0000000082f00000, 0x0000000083000000, 0x0000000083000000|100%|HS|  |TAMS 0x0000000083000000| PB 0x0000000082f00000| Complete |  0
|  48|0x0000000083000000, 0x0000000083100000, 0x0000000083100000|100%| O|  |TAMS 0x0000000083100000| PB 0x0000000083000000| Untracked |  0
|  49|0x0000000083100000, 0x0000000083200000, 0x0000000083200000|100%| O|  |TAMS 0x0000000083200000| PB 0x0000000083100000| Untracked |  0
|  50|0x0000000083200000, 0x0000000083300000, 0x0000000083300000|100%| O|  |TAMS 0x0000000083300000| PB 0x0000000083200000| Untracked |  0
|  51|0x0000000083300000, 0x0000000083400000, 0x0000000083400000|100%| O|  |TAMS 0x0000000083400000| PB 0x0000000083300000| Untracked |  0
|  52|0x0000000083400000, 0x0000000083500000, 0x0000000083500000|100%|HS|  |TAMS 0x0000000083500000| PB 0x0000000083400000| Complete |  0
|  53|0x0000000083500000, 0x0000000083600000, 0x0000000083600000|100%|HS|  |TAMS 0x0000000083600000| PB 0x0000000083500000| Complete |  0
|  54|0x0000000083600000, 0x0000000083700000, 0x0000000083700000|100%|HS|  |TAMS 0x0000000083700000| PB 0x0000000083600000| Complete |  0
|  55|0x0000000083700000, 0x0000000083800000, 0x0000000083800000|100%|HS|  |TAMS 0x0000000083800000| PB 0x0000000083700000| Complete |  0
|  56|0x0000000083800000, 0x0000000083900000, 0x0000000083900000|100%|HC|  |TAMS 0x0000000083900000| PB 0x0000000083800000| Complete |  0
|  57|0x0000000083900000, 0x0000000083a00000, 0x0000000083a00000|100%| O|  |TAMS 0x0000000083a00000| PB 0x0000000083900000| Untracked |  0
|  58|0x0000000083a00000, 0x0000000083b00000, 0x0000000083b00000|100%| O|  |TAMS 0x0000000083b00000| PB 0x0000000083a00000| Untracked |  0
|  59|0x0000000083b00000, 0x0000000083c00000, 0x0000000083c00000|100%| O|  |TAMS 0x0000000083c00000| PB 0x0000000083b00000| Untracked |  0
|  60|0x0000000083c00000, 0x0000000083d00000, 0x0000000083d00000|100%| O|  |TAMS 0x0000000083d00000| PB 0x0000000083c00000| Untracked |  0
|  61|0x0000000083d00000, 0x0000000083e00000, 0x0000000083e00000|100%| O|  |TAMS 0x0000000083e00000| PB 0x0000000083d00000| Untracked |  0
|  62|0x0000000083e00000, 0x0000000083f00000, 0x0000000083f00000|100%| O|  |TAMS 0x0000000083f00000| PB 0x0000000083e00000| Untracked |  0
|  63|0x0000000083f00000, 0x0000000084000000, 0x0000000084000000|100%| O|  |TAMS 0x0000000084000000| PB 0x0000000083f00000| Untracked |  0
|  64|0x0000000084000000, 0x0000000084100000, 0x0000000084100000|100%|HS|  |TAMS 0x0000000084100000| PB 0x0000000084000000| Complete |  0
|  65|0x0000000084100000, 0x0000000084200000, 0x0000000084200000|100%| O|  |TAMS 0x0000000084200000| PB 0x0000000084100000| Untracked |  0
|  66|0x0000000084200000, 0x0000000084300000, 0x0000000084300000|100%| O|  |TAMS 0x0000000084300000| PB 0x0000000084200000| Untracked |  0
|  67|0x0000000084300000, 0x0000000084400000, 0x0000000084400000|100%| O|  |TAMS 0x0000000084400000| PB 0x0000000084300000| Untracked |  0
|  68|0x0000000084400000, 0x0000000084500000, 0x0000000084500000|100%| O|  |TAMS 0x0000000084500000| PB 0x0000000084400000| Untracked |  0
|  69|0x0000000084500000, 0x0000000084600000, 0x0000000084600000|100%| O|  |TAMS 0x0000000084600000| PB 0x0000000084500000| Untracked |  0
|  70|0x0000000084600000, 0x0000000084700000, 0x0000000084700000|100%| O|  |TAMS 0x0000000084700000| PB 0x0000000084600000| Untracked |  0
|  71|0x0000000084700000, 0x0000000084800000, 0x0000000084800000|100%| O|  |TAMS 0x0000000084800000| PB 0x0000000084700000| Untracked |  0
|  72|0x0000000084800000, 0x0000000084900000, 0x0000000084900000|100%| O|  |TAMS 0x0000000084900000| PB 0x0000000084800000| Untracked |  0
|  73|0x0000000084900000, 0x0000000084a00000, 0x0000000084a00000|100%| O|  |TAMS 0x0000000084a00000| PB 0x0000000084900000| Untracked |  0
|  74|0x0000000084a00000, 0x0000000084b00000, 0x0000000084b00000|100%| O|  |TAMS 0x0000000084b00000| PB 0x0000000084a00000| Untracked |  0
|  75|0x0000000084b00000, 0x0000000084c00000, 0x0000000084c00000|100%| O|  |TAMS 0x0000000084c00000| PB 0x0000000084b00000| Untracked |  0
|  76|0x0000000084c00000, 0x0000000084d00000, 0x0000000084d00000|100%| O|  |TAMS 0x0000000084d00000| PB 0x0000000084c00000| Untracked |  0
|  77|0x0000000084d00000, 0x0000000084e00000, 0x0000000084e00000|100%| O|  |TAMS 0x0000000084e00000| PB 0x0000000084d00000| Untracked |  0
|  78|0x0000000084e00000, 0x0000000084f00000, 0x0000000084f00000|100%| O|  |TAMS 0x0000000084f00000| PB 0x0000000084e00000| Untracked |  0
|  79|0x0000000084f00000, 0x0000000085000000, 0x0000000085000000|100%| O|  |TAMS 0x0000000085000000| PB 0x0000000084f00000| Untracked |  0
|  80|0x0000000085000000, 0x0000000085100000, 0x0000000085100000|100%| O|  |TAMS 0x0000000085100000| PB 0x0000000085000000| Untracked |  0
|  81|0x0000000085100000, 0x0000000085200000, 0x0000000085200000|100%| O|  |TAMS 0x0000000085200000| PB 0x0000000085100000| Untracked |  0
|  82|0x0000000085200000, 0x0000000085300000, 0x0000000085300000|100%| O|  |TAMS 0x0000000085300000| PB 0x0000000085200000| Untracked |  0
|  83|0x0000000085300000, 0x0000000085400000, 0x0000000085400000|100%| O|  |TAMS 0x0000000085400000| PB 0x0000000085300000| Untracked |  0
|  84|0x0000000085400000, 0x0000000085500000, 0x0000000085500000|100%| O|  |TAMS 0x0000000085500000| PB 0x0000000085400000| Untracked |  0
|  85|0x0000000085500000, 0x0000000085600000, 0x0000000085600000|100%| O|  |TAMS 0x0000000085600000| PB 0x0000000085500000| Untracked |  0
|  86|0x0000000085600000, 0x0000000085700000, 0x0000000085700000|100%| O|  |TAMS 0x0000000085700000| PB 0x0000000085600000| Untracked |  0
|  87|0x0000000085700000, 0x0000000085800000, 0x0000000085800000|100%| O|  |TAMS 0x0000000085800000| PB 0x0000000085700000| Untracked |  0
|  88|0x0000000085800000, 0x0000000085900000, 0x0000000085900000|100%| O|  |TAMS 0x0000000085900000| PB 0x0000000085800000| Untracked |  0
|  89|0x0000000085900000, 0x0000000085a00000, 0x0000000085a00000|100%| O|  |TAMS 0x0000000085a00000| PB 0x0000000085900000| Untracked |  0
|  90|0x0000000085a00000, 0x0000000085b00000, 0x0000000085b00000|100%| O|  |TAMS 0x0000000085b00000| PB 0x0000000085a00000| Untracked |  0
|  91|0x0000000085b00000, 0x0000000085c00000, 0x0000000085c00000|100%| O|  |TAMS 0x0000000085c00000| PB 0x0000000085b00000| Untracked |  0
|  92|0x0000000085c00000, 0x0000000085d00000, 0x0000000085d00000|100%| O|  |TAMS 0x0000000085d00000| PB 0x0000000085c00000| Untracked |  0
|  93|0x0000000085d00000, 0x0000000085e00000, 0x0000000085e00000|100%| O|  |TAMS 0x0000000085e00000| PB 0x0000000085d00000| Untracked |  0
|  94|0x0000000085e00000, 0x0000000085f00000, 0x0000000085f00000|100%| O|  |TAMS 0x0000000085f00000| PB 0x0000000085e00000| Untracked |  0
|  95|0x0000000085f00000, 0x0000000086000000, 0x0000000086000000|100%| O|  |TAMS 0x0000000086000000| PB 0x0000000085f00000| Untracked |  0
|  96|0x0000000086000000, 0x0000000086100000, 0x0000000086100000|100%| O|  |TAMS 0x0000000086100000| PB 0x0000000086000000| Untracked |  0
|  97|0x0000000086100000, 0x0000000086200000, 0x0000000086200000|100%| O|  |TAMS 0x0000000086200000| PB 0x0000000086100000| Untracked |  0
|  98|0x0000000086200000, 0x0000000086300000, 0x0000000086300000|100%| O|  |TAMS 0x0000000086300000| PB 0x0000000086200000| Untracked |  0
|  99|0x0000000086300000, 0x0000000086400000, 0x0000000086400000|100%| O|  |TAMS 0x0000000086400000| PB 0x0000000086300000| Untracked |  0
| 100|0x0000000086400000, 0x0000000086500000, 0x0000000086500000|100%| O|  |TAMS 0x0000000086500000| PB 0x0000000086400000| Untracked |  0
| 101|0x0000000086500000, 0x0000000086600000, 0x0000000086600000|100%| O|  |TAMS 0x0000000086600000| PB 0x0000000086500000| Untracked |  0
| 102|0x0000000086600000, 0x0000000086700000, 0x0000000086700000|100%| O|  |TAMS 0x0000000086700000| PB 0x0000000086600000| Untracked |  0
| 103|0x0000000086700000, 0x0000000086800000, 0x0000000086800000|100%| O|  |TAMS 0x0000000086800000| PB 0x0000000086700000| Untracked |  0
| 104|0x0000000086800000, 0x0000000086900000, 0x0000000086900000|100%| O|  |TAMS 0x0000000086900000| PB 0x0000000086800000| Untracked |  0
| 105|0x0000000086900000, 0x0000000086a00000, 0x0000000086a00000|100%| O|  |TAMS 0x0000000086a00000| PB 0x0000000086900000| Untracked |  0
| 106|0x0000000086a00000, 0x0000000086b00000, 0x0000000086b00000|100%| O|  |TAMS 0x0000000086b00000| PB 0x0000000086a00000| Untracked |  0
| 107|0x0000000086b00000, 0x0000000086c00000, 0x0000000086c00000|100%|HS|  |TAMS 0x0000000086c00000| PB 0x0000000086b00000| Complete |  0
| 108|0x0000000086c00000, 0x0000000086d00000, 0x0000000086d00000|100%|HC|  |TAMS 0x0000000086d00000| PB 0x0000000086c00000| Complete |  0
| 109|0x0000000086d00000, 0x0000000086e00000, 0x0000000086e00000|100%| O|  |TAMS 0x0000000086e00000| PB 0x0000000086d00000| Untracked |  0
| 110|0x0000000086e00000, 0x0000000086f00000, 0x0000000086f00000|100%| O|  |TAMS 0x0000000086f00000| PB 0x0000000086e00000| Untracked |  0
| 111|0x0000000086f00000, 0x0000000087000000, 0x0000000087000000|100%| O|  |TAMS 0x0000000087000000| PB 0x0000000086f00000| Untracked |  0
| 112|0x0000000087000000, 0x0000000087100000, 0x0000000087100000|100%| O|  |TAMS 0x0000000087100000| PB 0x0000000087000000| Untracked |  0
| 113|0x0000000087100000, 0x0000000087200000, 0x0000000087200000|100%| O|  |TAMS 0x0000000087200000| PB 0x0000000087100000| Untracked |  0
| 114|0x0000000087200000, 0x0000000087300000, 0x0000000087300000|100%| O|  |TAMS 0x0000000087300000| PB 0x0000000087200000| Untracked |  0
| 115|0x0000000087300000, 0x0000000087400000, 0x0000000087400000|100%| O|  |TAMS 0x0000000087400000| PB 0x0000000087300000| Untracked |  0
| 116|0x0000000087400000, 0x0000000087500000, 0x0000000087500000|100%| O|  |TAMS 0x0000000087500000| PB 0x0000000087400000| Untracked |  0
| 117|0x0000000087500000, 0x0000000087600000, 0x0000000087600000|100%| O|  |TAMS 0x0000000087600000| PB 0x0000000087500000| Untracked |  0
| 118|0x0000000087600000, 0x0000000087700000, 0x0000000087700000|100%| O|  |TAMS 0x0000000087700000| PB 0x0000000087600000| Untracked |  0
| 119|0x0000000087700000, 0x0000000087800000, 0x0000000087800000|100%| O|  |TAMS 0x0000000087800000| PB 0x0000000087700000| Untracked |  0
| 120|0x0000000087800000, 0x0000000087900000, 0x0000000087900000|100%| O|  |TAMS 0x0000000087900000| PB 0x0000000087800000| Untracked |  0
| 121|0x0000000087900000, 0x0000000087a00000, 0x0000000087a00000|100%| O|  |TAMS 0x0000000087a00000| PB 0x0000000087900000| Untracked |  0
| 122|0x0000000087a00000, 0x0000000087b00000, 0x0000000087b00000|100%| O|  |TAMS 0x0000000087b00000| PB 0x0000000087a00000| Untracked |  0
| 123|0x0000000087b00000, 0x0000000087c00000, 0x0000000087c00000|100%| O|  |TAMS 0x0000000087c00000| PB 0x0000000087b00000| Untracked |  0
| 124|0x0000000087c00000, 0x0000000087d00000, 0x0000000087d00000|100%| O|  |TAMS 0x0000000087d00000| PB 0x0000000087c00000| Untracked |  0
| 125|0x0000000087d00000, 0x0000000087e00000, 0x0000000087e00000|100%| O|  |TAMS 0x0000000087e00000| PB 0x0000000087d00000| Untracked |  0
| 126|0x0000000087e00000, 0x0000000087f00000, 0x0000000087f00000|100%| O|  |TAMS 0x0000000087f00000| PB 0x0000000087e00000| Untracked |  0
| 127|0x0000000087f00000, 0x0000000088000000, 0x0000000088000000|100%| O|  |TAMS 0x0000000088000000| PB 0x0000000087f00000| Untracked |  0
| 128|0x0000000088000000, 0x0000000088100000, 0x0000000088100000|100%| O|  |TAMS 0x0000000088100000| PB 0x0000000088000000| Untracked |  0
| 129|0x0000000088100000, 0x0000000088200000, 0x0000000088200000|100%| O|  |TAMS 0x0000000088200000| PB 0x0000000088100000| Untracked |  0
| 130|0x0000000088200000, 0x0000000088300000, 0x0000000088300000|100%| O|  |TAMS 0x0000000088300000| PB 0x0000000088200000| Untracked |  0
| 131|0x0000000088300000, 0x0000000088400000, 0x0000000088400000|100%| O|  |TAMS 0x0000000088400000| PB 0x0000000088300000| Untracked |  0
| 132|0x0000000088400000, 0x0000000088500000, 0x0000000088500000|100%| O|  |TAMS 0x0000000088500000| PB 0x0000000088400000| Untracked |  0
| 133|0x0000000088500000, 0x0000000088600000, 0x0000000088600000|100%| O|  |TAMS 0x0000000088600000| PB 0x0000000088500000| Untracked |  0
| 134|0x0000000088600000, 0x0000000088700000, 0x0000000088700000|100%| O|  |TAMS 0x0000000088700000| PB 0x0000000088600000| Untracked |  0
| 135|0x0000000088700000, 0x0000000088800000, 0x0000000088800000|100%| O|  |TAMS 0x0000000088800000| PB 0x0000000088700000| Untracked |  0
| 136|0x0000000088800000, 0x0000000088900000, 0x0000000088900000|100%| O|  |TAMS 0x0000000088900000| PB 0x0000000088800000| Untracked |  0
| 137|0x0000000088900000, 0x0000000088a00000, 0x0000000088a00000|100%| O|  |TAMS 0x0000000088a00000| PB 0x0000000088900000| Untracked |  0
| 138|0x0000000088a00000, 0x0000000088b00000, 0x0000000088b00000|100%| O|  |TAMS 0x0000000088b00000| PB 0x0000000088a00000| Untracked |  0
| 139|0x0000000088b00000, 0x0000000088c00000, 0x0000000088c00000|100%| O|  |TAMS 0x0000000088c00000| PB 0x0000000088b00000| Untracked |  0
| 140|0x0000000088c00000, 0x0000000088d00000, 0x0000000088d00000|100%| O|  |TAMS 0x0000000088d00000| PB 0x0000000088c00000| Untracked |  0
| 141|0x0000000088d00000, 0x0000000088e00000, 0x0000000088e00000|100%| O|  |TAMS 0x0000000088e00000| PB 0x0000000088d00000| Untracked |  0
| 142|0x0000000088e00000, 0x0000000088f00000, 0x0000000088f00000|100%| O|  |TAMS 0x0000000088f00000| PB 0x0000000088e00000| Untracked |  0
| 143|0x0000000088f00000, 0x0000000089000000, 0x0000000089000000|100%| O|  |TAMS 0x0000000089000000| PB 0x0000000088f00000| Untracked |  0
| 144|0x0000000089000000, 0x0000000089100000, 0x0000000089100000|100%| O|  |TAMS 0x0000000089100000| PB 0x0000000089000000| Untracked |  0
| 145|0x0000000089100000, 0x0000000089200000, 0x0000000089200000|100%| O|  |TAMS 0x0000000089200000| PB 0x0000000089100000| Untracked |  0
| 146|0x0000000089200000, 0x0000000089300000, 0x0000000089300000|100%| O|  |TAMS 0x0000000089300000| PB 0x0000000089200000| Untracked |  0
| 147|0x0000000089300000, 0x0000000089400000, 0x0000000089400000|100%| O|  |TAMS 0x0000000089400000| PB 0x0000000089300000| Untracked |  0
| 148|0x0000000089400000, 0x0000000089500000, 0x0000000089500000|100%| O|  |TAMS 0x0000000089500000| PB 0x0000000089400000| Untracked |  0
| 149|0x0000000089500000, 0x0000000089600000, 0x0000000089600000|100%| O|  |TAMS 0x0000000089600000| PB 0x0000000089500000| Untracked |  0
| 150|0x0000000089600000, 0x0000000089700000, 0x0000000089700000|100%| O|  |TAMS 0x0000000089700000| PB 0x0000000089600000| Untracked |  0
| 151|0x0000000089700000, 0x0000000089800000, 0x0000000089800000|100%| O|  |TAMS 0x0000000089800000| PB 0x0000000089700000| Untracked |  0
| 152|0x0000000089800000, 0x0000000089900000, 0x0000000089900000|100%| O|  |TAMS 0x0000000089900000| PB 0x0000000089800000| Untracked |  0
| 153|0x0000000089900000, 0x0000000089a00000, 0x0000000089a00000|100%| O|  |TAMS 0x0000000089a00000| PB 0x0000000089900000| Untracked |  0
| 154|0x0000000089a00000, 0x0000000089b00000, 0x0000000089b00000|100%| O|  |TAMS 0x0000000089b00000| PB 0x0000000089a00000| Untracked |  0
| 155|0x0000000089b00000, 0x0000000089c00000, 0x0000000089c00000|100%| O|  |TAMS 0x0000000089c00000| PB 0x0000000089b00000| Untracked |  0
| 156|0x0000000089c00000, 0x0000000089d00000, 0x0000000089d00000|100%| O|  |TAMS 0x0000000089d00000| PB 0x0000000089c00000| Untracked |  0
| 157|0x0000000089d00000, 0x0000000089e00000, 0x0000000089e00000|100%| O|  |TAMS 0x0000000089e00000| PB 0x0000000089d00000| Untracked |  0
| 158|0x0000000089e00000, 0x0000000089f00000, 0x0000000089f00000|100%| O|  |TAMS 0x0000000089f00000| PB 0x0000000089e00000| Untracked |  0
| 159|0x0000000089f00000, 0x000000008a000000, 0x000000008a000000|100%| O|  |TAMS 0x000000008a000000| PB 0x0000000089f00000| Untracked |  0
| 160|0x000000008a000000, 0x000000008a100000, 0x000000008a100000|100%| O|  |TAMS 0x000000008a100000| PB 0x000000008a000000| Untracked |  0
| 161|0x000000008a100000, 0x000000008a200000, 0x000000008a200000|100%| O|  |TAMS 0x000000008a200000| PB 0x000000008a100000| Untracked |  0
| 162|0x000000008a200000, 0x000000008a300000, 0x000000008a300000|100%| O|  |TAMS 0x000000008a300000| PB 0x000000008a200000| Untracked |  0
| 163|0x000000008a300000, 0x000000008a400000, 0x000000008a400000|100%| O|  |TAMS 0x000000008a400000| PB 0x000000008a300000| Untracked |  0
| 164|0x000000008a400000, 0x000000008a500000, 0x000000008a500000|100%| O|  |TAMS 0x000000008a500000| PB 0x000000008a400000| Untracked |  0
| 165|0x000000008a500000, 0x000000008a600000, 0x000000008a600000|100%| O|  |TAMS 0x000000008a600000| PB 0x000000008a500000| Untracked |  0
| 166|0x000000008a600000, 0x000000008a700000, 0x000000008a700000|100%| O|  |TAMS 0x000000008a700000| PB 0x000000008a600000| Untracked |  0
| 167|0x000000008a700000, 0x000000008a800000, 0x000000008a800000|100%| O|  |TAMS 0x000000008a800000| PB 0x000000008a700000| Untracked |  0
| 168|0x000000008a800000, 0x000000008a900000, 0x000000008a900000|100%| O|  |TAMS 0x000000008a900000| PB 0x000000008a800000| Untracked |  0
| 169|0x000000008a900000, 0x000000008aa00000, 0x000000008aa00000|100%| O|  |TAMS 0x000000008aa00000| PB 0x000000008a900000| Untracked |  0
| 170|0x000000008aa00000, 0x000000008ab00000, 0x000000008ab00000|100%| O|  |TAMS 0x000000008ab00000| PB 0x000000008aa00000| Untracked |  0
| 171|0x000000008ab00000, 0x000000008ac00000, 0x000000008ac00000|100%| O|  |TAMS 0x000000008ac00000| PB 0x000000008ab00000| Untracked |  0
| 172|0x000000008ac00000, 0x000000008ad00000, 0x000000008ad00000|100%| O|  |TAMS 0x000000008ad00000| PB 0x000000008ac00000| Untracked |  0
| 173|0x000000008ad00000, 0x000000008ae00000, 0x000000008ae00000|100%| O|  |TAMS 0x000000008ae00000| PB 0x000000008ad00000| Untracked |  0
| 174|0x000000008ae00000, 0x000000008af00000, 0x000000008af00000|100%| O|  |TAMS 0x000000008af00000| PB 0x000000008ae00000| Untracked |  0
| 175|0x000000008af00000, 0x000000008b000000, 0x000000008b000000|100%| O|  |TAMS 0x000000008b000000| PB 0x000000008af00000| Untracked |  0
| 176|0x000000008b000000, 0x000000008b100000, 0x000000008b100000|100%| O|  |TAMS 0x000000008b100000| PB 0x000000008b000000| Untracked |  0
| 177|0x000000008b100000, 0x000000008b200000, 0x000000008b200000|100%| O|  |TAMS 0x000000008b200000| PB 0x000000008b100000| Untracked |  0
| 178|0x000000008b200000, 0x000000008b300000, 0x000000008b300000|100%| O|  |TAMS 0x000000008b300000| PB 0x000000008b200000| Untracked |  0
| 179|0x000000008b300000, 0x000000008b400000, 0x000000008b400000|100%| O|  |TAMS 0x000000008b400000| PB 0x000000008b300000| Untracked |  0
| 180|0x000000008b400000, 0x000000008b500000, 0x000000008b500000|100%| O|  |TAMS 0x000000008b500000| PB 0x000000008b400000| Untracked |  0
| 181|0x000000008b500000, 0x000000008b600000, 0x000000008b600000|100%| O|  |TAMS 0x000000008b600000| PB 0x000000008b500000| Untracked |  0
| 182|0x000000008b600000, 0x000000008b700000, 0x000000008b700000|100%| O|  |TAMS 0x000000008b700000| PB 0x000000008b600000| Untracked |  0
| 183|0x000000008b700000, 0x000000008b800000, 0x000000008b800000|100%| O|  |TAMS 0x000000008b800000| PB 0x000000008b700000| Untracked |  0
| 184|0x000000008b800000, 0x000000008b900000, 0x000000008b900000|100%| O|  |TAMS 0x000000008b900000| PB 0x000000008b800000| Untracked |  0
| 185|0x000000008b900000, 0x000000008ba00000, 0x000000008ba00000|100%| O|  |TAMS 0x000000008ba00000| PB 0x000000008b900000| Untracked |  0
| 186|0x000000008ba00000, 0x000000008bb00000, 0x000000008bb00000|100%| O|  |TAMS 0x000000008bb00000| PB 0x000000008ba00000| Untracked |  0
| 187|0x000000008bb00000, 0x000000008bc00000, 0x000000008bc00000|100%| O|  |TAMS 0x000000008bc00000| PB 0x000000008bb00000| Untracked |  0
| 188|0x000000008bc00000, 0x000000008bd00000, 0x000000008bd00000|100%| O|  |TAMS 0x000000008bd00000| PB 0x000000008bc00000| Untracked |  0
| 189|0x000000008bd00000, 0x000000008be00000, 0x000000008be00000|100%| O|  |TAMS 0x000000008be00000| PB 0x000000008bd00000| Untracked |  0
| 190|0x000000008be00000, 0x000000008bf00000, 0x000000008bf00000|100%| O|  |TAMS 0x000000008bf00000| PB 0x000000008be00000| Untracked |  0
| 191|0x000000008bf00000, 0x000000008c000000, 0x000000008c000000|100%| O|  |TAMS 0x000000008c000000| PB 0x000000008bf00000| Untracked |  0
| 192|0x000000008c000000, 0x000000008c100000, 0x000000008c100000|100%| O|  |TAMS 0x000000008c100000| PB 0x000000008c000000| Untracked |  0
| 193|0x000000008c100000, 0x000000008c200000, 0x000000008c200000|100%| O|  |TAMS 0x000000008c200000| PB 0x000000008c100000| Untracked |  0
| 194|0x000000008c200000, 0x000000008c300000, 0x000000008c300000|100%| O|  |TAMS 0x000000008c300000| PB 0x000000008c200000| Untracked |  0
| 195|0x000000008c300000, 0x000000008c400000, 0x000000008c400000|100%| O|  |TAMS 0x000000008c400000| PB 0x000000008c300000| Untracked |  0
| 196|0x000000008c400000, 0x000000008c500000, 0x000000008c500000|100%| O|  |TAMS 0x000000008c500000| PB 0x000000008c400000| Untracked |  0
| 197|0x000000008c500000, 0x000000008c600000, 0x000000008c600000|100%| O|  |TAMS 0x000000008c600000| PB 0x000000008c500000| Untracked |  0
| 198|0x000000008c600000, 0x000000008c700000, 0x000000008c700000|100%| O|  |TAMS 0x000000008c700000| PB 0x000000008c600000| Untracked |  0
| 199|0x000000008c700000, 0x000000008c800000, 0x000000008c800000|100%| O|  |TAMS 0x000000008c800000| PB 0x000000008c700000| Untracked |  0
| 200|0x000000008c800000, 0x000000008c900000, 0x000000008c900000|100%| O|  |TAMS 0x000000008c900000| PB 0x000000008c800000| Untracked |  0
| 201|0x000000008c900000, 0x000000008ca00000, 0x000000008ca00000|100%| O|  |TAMS 0x000000008ca00000| PB 0x000000008c900000| Untracked |  0
| 202|0x000000008ca00000, 0x000000008cb00000, 0x000000008cb00000|100%| O|  |TAMS 0x000000008cb00000| PB 0x000000008ca00000| Untracked |  0
| 203|0x000000008cb00000, 0x000000008cc00000, 0x000000008cc00000|100%| O|  |TAMS 0x000000008cc00000| PB 0x000000008cb00000| Untracked |  0
| 204|0x000000008cc00000, 0x000000008cd00000, 0x000000008cd00000|100%| O|  |TAMS 0x000000008cd00000| PB 0x000000008cc00000| Untracked |  0
| 205|0x000000008cd00000, 0x000000008ce00000, 0x000000008ce00000|100%| O|  |TAMS 0x000000008ce00000| PB 0x000000008cd00000| Untracked |  0
| 206|0x000000008ce00000, 0x000000008cf00000, 0x000000008cf00000|100%| O|  |TAMS 0x000000008cf00000| PB 0x000000008ce00000| Untracked |  0
| 207|0x000000008cf00000, 0x000000008d000000, 0x000000008d000000|100%| O|  |TAMS 0x000000008d000000| PB 0x000000008cf00000| Untracked |  0
| 208|0x000000008d000000, 0x000000008d100000, 0x000000008d100000|100%| O|  |TAMS 0x000000008d100000| PB 0x000000008d000000| Untracked |  0
| 209|0x000000008d100000, 0x000000008d200000, 0x000000008d200000|100%| O|  |TAMS 0x000000008d200000| PB 0x000000008d100000| Untracked |  0
| 210|0x000000008d200000, 0x000000008d300000, 0x000000008d300000|100%| O|  |TAMS 0x000000008d300000| PB 0x000000008d200000| Untracked |  0
| 211|0x000000008d300000, 0x000000008d400000, 0x000000008d400000|100%| O|  |TAMS 0x000000008d400000| PB 0x000000008d300000| Untracked |  0
| 212|0x000000008d400000, 0x000000008d500000, 0x000000008d500000|100%| O|  |TAMS 0x000000008d500000| PB 0x000000008d400000| Untracked |  0
| 213|0x000000008d500000, 0x000000008d600000, 0x000000008d600000|100%| O|  |TAMS 0x000000008d600000| PB 0x000000008d500000| Untracked |  0
| 214|0x000000008d600000, 0x000000008d700000, 0x000000008d700000|100%| O|  |TAMS 0x000000008d700000| PB 0x000000008d600000| Untracked |  0
| 215|0x000000008d700000, 0x000000008d800000, 0x000000008d800000|100%| O|  |TAMS 0x000000008d800000| PB 0x000000008d700000| Untracked |  0
| 216|0x000000008d800000, 0x000000008d900000, 0x000000008d900000|100%| O|  |TAMS 0x000000008d900000| PB 0x000000008d800000| Untracked |  0
| 217|0x000000008d900000, 0x000000008da00000, 0x000000008da00000|100%| O|  |TAMS 0x000000008da00000| PB 0x000000008d900000| Untracked |  0
| 218|0x000000008da00000, 0x000000008db00000, 0x000000008db00000|100%| O|  |TAMS 0x000000008db00000| PB 0x000000008da00000| Untracked |  0
| 219|0x000000008db00000, 0x000000008dc00000, 0x000000008dc00000|100%| O|  |TAMS 0x000000008dc00000| PB 0x000000008db00000| Untracked |  0
| 220|0x000000008dc00000, 0x000000008dd00000, 0x000000008dd00000|100%| O|  |TAMS 0x000000008dd00000| PB 0x000000008dc00000| Untracked |  0
| 221|0x000000008dd00000, 0x000000008de00000, 0x000000008de00000|100%| O|  |TAMS 0x000000008de00000| PB 0x000000008dd00000| Untracked |  0
| 222|0x000000008de00000, 0x000000008df00000, 0x000000008df00000|100%| O|  |TAMS 0x000000008df00000| PB 0x000000008de00000| Untracked |  0
| 223|0x000000008df00000, 0x000000008e000000, 0x000000008e000000|100%| O|  |TAMS 0x000000008e000000| PB 0x000000008df00000| Untracked |  0
| 224|0x000000008e000000, 0x000000008e100000, 0x000000008e100000|100%| O|  |TAMS 0x000000008e100000| PB 0x000000008e000000| Untracked |  0
| 225|0x000000008e100000, 0x000000008e200000, 0x000000008e200000|100%| O|  |TAMS 0x000000008e200000| PB 0x000000008e100000| Untracked |  0
| 226|0x000000008e200000, 0x000000008e300000, 0x000000008e300000|100%| O|  |TAMS 0x000000008e300000| PB 0x000000008e200000| Untracked |  0
| 227|0x000000008e300000, 0x000000008e400000, 0x000000008e400000|100%| O|  |TAMS 0x000000008e400000| PB 0x000000008e300000| Untracked |  0
| 228|0x000000008e400000, 0x000000008e500000, 0x000000008e500000|100%| O|  |TAMS 0x000000008e500000| PB 0x000000008e400000| Untracked |  0
| 229|0x000000008e500000, 0x000000008e600000, 0x000000008e600000|100%| O|  |TAMS 0x000000008e600000| PB 0x000000008e500000| Untracked |  0
| 230|0x000000008e600000, 0x000000008e700000, 0x000000008e700000|100%| O|  |TAMS 0x000000008e700000| PB 0x000000008e600000| Untracked |  0
| 231|0x000000008e700000, 0x000000008e800000, 0x000000008e800000|100%| O|  |TAMS 0x000000008e800000| PB 0x000000008e700000| Untracked |  0
| 232|0x000000008e800000, 0x000000008e900000, 0x000000008e900000|100%| O|  |TAMS 0x000000008e900000| PB 0x000000008e800000| Untracked |  0
| 233|0x000000008e900000, 0x000000008ea00000, 0x000000008ea00000|100%| O|  |TAMS 0x000000008ea00000| PB 0x000000008e900000| Untracked |  0
| 234|0x000000008ea00000, 0x000000008eb00000, 0x000000008eb00000|100%| O|  |TAMS 0x000000008ea00000| PB 0x000000008ea00000| Untracked |  0
| 235|0x000000008eb00000, 0x000000008ec00000, 0x000000008ec00000|100%| O|  |TAMS 0x000000008ec00000| PB 0x000000008eb00000| Untracked |  0
| 236|0x000000008ec00000, 0x000000008ed00000, 0x000000008ed00000|100%| O|  |TAMS 0x000000008ed00000| PB 0x000000008ec00000| Untracked |  0
| 237|0x000000008ed00000, 0x000000008ee00000, 0x000000008ee00000|100%| O|  |TAMS 0x000000008ee00000| PB 0x000000008ed00000| Untracked |  0
| 238|0x000000008ee00000, 0x000000008ef00000, 0x000000008ef00000|100%| O|  |TAMS 0x000000008ef00000| PB 0x000000008ee00000| Untracked |  0
| 239|0x000000008ef00000, 0x000000008f000000, 0x000000008f000000|100%| O|  |TAMS 0x000000008f000000| PB 0x000000008ef00000| Untracked |  0
| 240|0x000000008f000000, 0x000000008f100000, 0x000000008f100000|100%| O|  |TAMS 0x000000008f100000| PB 0x000000008f000000| Untracked |  0
| 241|0x000000008f100000, 0x000000008f200000, 0x000000008f200000|100%| O|  |TAMS 0x000000008f200000| PB 0x000000008f100000| Untracked |  0
| 242|0x000000008f200000, 0x000000008f300000, 0x000000008f300000|100%| O|  |TAMS 0x000000008f300000| PB 0x000000008f200000| Untracked |  0
| 243|0x000000008f300000, 0x000000008f400000, 0x000000008f400000|100%| O|  |TAMS 0x000000008f400000| PB 0x000000008f300000| Untracked |  0
| 244|0x000000008f400000, 0x000000008f500000, 0x000000008f500000|100%| O|  |TAMS 0x000000008f500000| PB 0x000000008f400000| Untracked |  0
| 245|0x000000008f500000, 0x000000008f600000, 0x000000008f600000|100%| O|  |TAMS 0x000000008f600000| PB 0x000000008f500000| Untracked |  0
| 246|0x000000008f600000, 0x000000008f700000, 0x000000008f700000|100%| O|  |TAMS 0x000000008f700000| PB 0x000000008f600000| Untracked |  0
| 247|0x000000008f700000, 0x000000008f800000, 0x000000008f800000|100%| O|  |TAMS 0x000000008f800000| PB 0x000000008f700000| Untracked |  0
| 248|0x000000008f800000, 0x000000008f900000, 0x000000008f900000|100%| O|  |TAMS 0x000000008f900000| PB 0x000000008f800000| Untracked |  0
| 249|0x000000008f900000, 0x000000008fa00000, 0x000000008fa00000|100%| O|  |TAMS 0x000000008fa00000| PB 0x000000008f900000| Untracked |  0
| 250|0x000000008fa00000, 0x000000008fb00000, 0x000000008fb00000|100%| O|  |TAMS 0x000000008fb00000| PB 0x000000008fa00000| Untracked |  0
| 251|0x000000008fb00000, 0x000000008fc00000, 0x000000008fc00000|100%| O|  |TAMS 0x000000008fc00000| PB 0x000000008fb00000| Untracked |  0
| 252|0x000000008fc00000, 0x000000008fd00000, 0x000000008fd00000|100%| O|  |TAMS 0x000000008fd00000| PB 0x000000008fc00000| Untracked |  0
| 253|0x000000008fd00000, 0x000000008fe00000, 0x000000008fe00000|100%| O|  |TAMS 0x000000008fe00000| PB 0x000000008fd00000| Untracked |  0
| 254|0x000000008fe00000, 0x000000008ff00000, 0x000000008ff00000|100%| O|  |TAMS 0x000000008ff00000| PB 0x000000008fe00000| Untracked |  0
| 255|0x000000008ff00000, 0x0000000090000000, 0x0000000090000000|100%| O|  |TAMS 0x0000000090000000| PB 0x000000008ff00000| Untracked |  0
| 256|0x0000000090000000, 0x0000000090100000, 0x0000000090100000|100%| O|  |TAMS 0x0000000090100000| PB 0x0000000090000000| Untracked |  0
| 257|0x0000000090100000, 0x0000000090200000, 0x0000000090200000|100%| O|  |TAMS 0x0000000090200000| PB 0x0000000090100000| Untracked |  0
| 258|0x0000000090200000, 0x0000000090300000, 0x0000000090300000|100%| O|  |TAMS 0x0000000090300000| PB 0x0000000090200000| Untracked |  0
| 259|0x0000000090300000, 0x0000000090400000, 0x0000000090400000|100%| O|  |TAMS 0x0000000090400000| PB 0x0000000090300000| Untracked |  0
| 260|0x0000000090400000, 0x0000000090500000, 0x0000000090500000|100%| O|  |TAMS 0x0000000090500000| PB 0x0000000090400000| Untracked |  0
| 261|0x0000000090500000, 0x0000000090600000, 0x0000000090600000|100%| O|  |TAMS 0x0000000090600000| PB 0x0000000090500000| Untracked |  0
| 262|0x0000000090600000, 0x0000000090700000, 0x0000000090700000|100%| O|  |TAMS 0x0000000090700000| PB 0x0000000090600000| Untracked |  0
| 263|0x0000000090700000, 0x0000000090800000, 0x0000000090800000|100%| O|  |TAMS 0x0000000090800000| PB 0x0000000090700000| Untracked |  0
| 264|0x0000000090800000, 0x0000000090900000, 0x0000000090900000|100%| O|  |TAMS 0x0000000090900000| PB 0x0000000090800000| Untracked |  0
| 265|0x0000000090900000, 0x0000000090a00000, 0x0000000090a00000|100%| O|  |TAMS 0x0000000090a00000| PB 0x0000000090900000| Untracked |  0
| 266|0x0000000090a00000, 0x0000000090b00000, 0x0000000090b00000|100%| O|  |TAMS 0x0000000090b00000| PB 0x0000000090a00000| Untracked |  0
| 267|0x0000000090b00000, 0x0000000090c00000, 0x0000000090c00000|100%| O|  |TAMS 0x0000000090c00000| PB 0x0000000090b00000| Untracked |  0
| 268|0x0000000090c00000, 0x0000000090d00000, 0x0000000090d00000|100%| O|  |TAMS 0x0000000090d00000| PB 0x0000000090c00000| Untracked |  0
| 269|0x0000000090d00000, 0x0000000090e00000, 0x0000000090e00000|100%| O|  |TAMS 0x0000000090e00000| PB 0x0000000090d00000| Untracked |  0
| 270|0x0000000090e00000, 0x0000000090f00000, 0x0000000090f00000|100%| O|  |TAMS 0x0000000090f00000| PB 0x0000000090e00000| Untracked |  0
| 271|0x0000000090f00000, 0x0000000091000000, 0x0000000091000000|100%| O|  |TAMS 0x0000000090f00000| PB 0x0000000090f00000| Untracked |  0
| 272|0x0000000091000000, 0x0000000091100000, 0x0000000091100000|100%| O|  |TAMS 0x0000000091100000| PB 0x0000000091000000| Untracked |  0
| 273|0x0000000091100000, 0x0000000091200000, 0x0000000091200000|100%| O|  |TAMS 0x0000000091200000| PB 0x0000000091100000| Untracked |  0
| 274|0x0000000091200000, 0x0000000091300000, 0x0000000091300000|100%| O|  |TAMS 0x0000000091300000| PB 0x0000000091200000| Untracked |  0
| 275|0x0000000091300000, 0x0000000091400000, 0x0000000091400000|100%| O|  |TAMS 0x0000000091400000| PB 0x0000000091300000| Untracked |  0
| 276|0x0000000091400000, 0x0000000091500000, 0x0000000091500000|100%| O|  |TAMS 0x0000000091400000| PB 0x0000000091400000| Untracked |  0
| 277|0x0000000091500000, 0x0000000091600000, 0x0000000091600000|100%| O|  |TAMS 0x0000000091600000| PB 0x0000000091500000| Untracked |  0
| 278|0x0000000091600000, 0x0000000091700000, 0x0000000091700000|100%| O|  |TAMS 0x0000000091700000| PB 0x0000000091600000| Untracked |  0
| 279|0x0000000091700000, 0x0000000091800000, 0x0000000091800000|100%| O|  |TAMS 0x0000000091800000| PB 0x0000000091700000| Untracked |  0
| 280|0x0000000091800000, 0x0000000091900000, 0x0000000091900000|100%| O|  |TAMS 0x0000000091900000| PB 0x0000000091800000| Untracked |  0
| 281|0x0000000091900000, 0x0000000091a00000, 0x0000000091a00000|100%| O|  |TAMS 0x0000000091a00000| PB 0x0000000091900000| Untracked |  0
| 282|0x0000000091a00000, 0x0000000091b00000, 0x0000000091b00000|100%| O|  |TAMS 0x0000000091b00000| PB 0x0000000091a00000| Untracked |  0
| 283|0x0000000091b00000, 0x0000000091c00000, 0x0000000091c00000|100%| O|  |TAMS 0x0000000091c00000| PB 0x0000000091b00000| Untracked |  0
| 284|0x0000000091c00000, 0x0000000091d00000, 0x0000000091d00000|100%| O|  |TAMS 0x0000000091d00000| PB 0x0000000091c00000| Untracked |  0
| 285|0x0000000091d00000, 0x0000000091e00000, 0x0000000091e00000|100%| O|  |TAMS 0x0000000091e00000| PB 0x0000000091d00000| Untracked |  0
| 286|0x0000000091e00000, 0x0000000091f00000, 0x0000000091f00000|100%| O|  |TAMS 0x0000000091f00000| PB 0x0000000091e00000| Untracked |  0
| 287|0x0000000091f00000, 0x0000000092000000, 0x0000000092000000|100%| O|  |TAMS 0x0000000092000000| PB 0x0000000091f00000| Untracked |  0
| 288|0x0000000092000000, 0x0000000092100000, 0x0000000092100000|100%| O|  |TAMS 0x0000000092100000| PB 0x0000000092000000| Untracked |  0
| 289|0x0000000092100000, 0x0000000092200000, 0x0000000092200000|100%| O|  |TAMS 0x0000000092200000| PB 0x0000000092100000| Untracked |  0
| 290|0x0000000092200000, 0x0000000092300000, 0x0000000092300000|100%| O|  |TAMS 0x0000000092300000| PB 0x0000000092200000| Untracked |  0
| 291|0x0000000092300000, 0x0000000092400000, 0x0000000092400000|100%| O|  |TAMS 0x0000000092400000| PB 0x0000000092300000| Untracked |  0
| 292|0x0000000092400000, 0x0000000092500000, 0x0000000092500000|100%| O|  |TAMS 0x0000000092500000| PB 0x0000000092400000| Untracked |  0
| 293|0x0000000092500000, 0x0000000092600000, 0x0000000092600000|100%| O|  |TAMS 0x0000000092600000| PB 0x0000000092500000| Untracked |  0
| 294|0x0000000092600000, 0x0000000092700000, 0x0000000092700000|100%| O|  |TAMS 0x0000000092700000| PB 0x0000000092600000| Untracked |  0
| 295|0x0000000092700000, 0x0000000092800000, 0x0000000092800000|100%| O|  |TAMS 0x0000000092800000| PB 0x0000000092700000| Untracked |  0
| 296|0x0000000092800000, 0x0000000092900000, 0x0000000092900000|100%| O|  |TAMS 0x0000000092900000| PB 0x0000000092800000| Untracked |  0
| 297|0x0000000092900000, 0x0000000092a00000, 0x0000000092a00000|100%| O|  |TAMS 0x0000000092900000| PB 0x0000000092900000| Untracked |  0
| 298|0x0000000092a00000, 0x0000000092b00000, 0x0000000092b00000|100%| O|  |TAMS 0x0000000092a00000| PB 0x0000000092a00000| Untracked |  0
| 299|0x0000000092b00000, 0x0000000092c00000, 0x0000000092c00000|100%| O|  |TAMS 0x0000000092c00000| PB 0x0000000092b00000| Untracked |  0
| 300|0x0000000092c00000, 0x0000000092d00000, 0x0000000092d00000|100%| O|  |TAMS 0x0000000092d00000| PB 0x0000000092c00000| Untracked |  0
| 301|0x0000000092d00000, 0x0000000092e00000, 0x0000000092e00000|100%| O|  |TAMS 0x0000000092e00000| PB 0x0000000092d00000| Untracked |  0
| 302|0x0000000092e00000, 0x0000000092f00000, 0x0000000092f00000|100%| O|  |TAMS 0x0000000092f00000| PB 0x0000000092e00000| Untracked |  0
| 303|0x0000000092f00000, 0x0000000093000000, 0x0000000093000000|100%| O|  |TAMS 0x0000000093000000| PB 0x0000000092f00000| Untracked |  0
| 304|0x0000000093000000, 0x0000000093100000, 0x0000000093100000|100%| O|  |TAMS 0x0000000093100000| PB 0x0000000093000000| Untracked |  0
| 305|0x0000000093100000, 0x0000000093200000, 0x0000000093200000|100%| O|  |TAMS 0x0000000093200000| PB 0x0000000093100000| Untracked |  0
| 306|0x0000000093200000, 0x0000000093300000, 0x0000000093300000|100%| O|  |TAMS 0x0000000093300000| PB 0x0000000093200000| Untracked |  0
| 307|0x0000000093300000, 0x0000000093400000, 0x0000000093400000|100%| O|  |TAMS 0x0000000093400000| PB 0x0000000093300000| Untracked |  0
| 308|0x0000000093400000, 0x0000000093500000, 0x0000000093500000|100%| O|  |TAMS 0x0000000093500000| PB 0x0000000093400000| Untracked |  0
| 309|0x0000000093500000, 0x0000000093600000, 0x0000000093600000|100%| O|  |TAMS 0x0000000093500000| PB 0x0000000093500000| Untracked |  0
| 310|0x0000000093600000, 0x0000000093700000, 0x0000000093700000|100%| O|  |TAMS 0x0000000093700000| PB 0x0000000093600000| Untracked |  0
| 311|0x0000000093700000, 0x0000000093800000, 0x0000000093800000|100%| O|  |TAMS 0x0000000093800000| PB 0x0000000093700000| Untracked |  0
| 312|0x0000000093800000, 0x0000000093900000, 0x0000000093900000|100%| O|  |TAMS 0x0000000093900000| PB 0x0000000093800000| Untracked |  0
| 313|0x0000000093900000, 0x0000000093a00000, 0x0000000093a00000|100%| O|  |TAMS 0x0000000093a00000| PB 0x0000000093900000| Untracked |  0
| 314|0x0000000093a00000, 0x0000000093b00000, 0x0000000093b00000|100%| O|  |TAMS 0x0000000093b00000| PB 0x0000000093a00000| Untracked |  0
| 315|0x0000000093b00000, 0x0000000093c00000, 0x0000000093c00000|100%| O|  |TAMS 0x0000000093c00000| PB 0x0000000093b00000| Untracked |  0
| 316|0x0000000093c00000, 0x0000000093d00000, 0x0000000093d00000|100%| O|  |TAMS 0x0000000093d00000| PB 0x0000000093c00000| Untracked |  0
| 317|0x0000000093d00000, 0x0000000093e00000, 0x0000000093e00000|100%| O|  |TAMS 0x0000000093e00000| PB 0x0000000093d00000| Untracked |  0
| 318|0x0000000093e00000, 0x0000000093f00000, 0x0000000093f00000|100%| O|  |TAMS 0x0000000093f00000| PB 0x0000000093e00000| Untracked |  0
| 319|0x0000000093f00000, 0x0000000094000000, 0x0000000094000000|100%| O|  |TAMS 0x0000000094000000| PB 0x0000000093f00000| Untracked |  0
| 320|0x0000000094000000, 0x0000000094100000, 0x0000000094100000|100%| O|  |TAMS 0x0000000094100000| PB 0x0000000094000000| Untracked |  0
| 321|0x0000000094100000, 0x0000000094200000, 0x0000000094200000|100%| O|  |TAMS 0x0000000094200000| PB 0x0000000094100000| Untracked |  0
| 322|0x0000000094200000, 0x0000000094300000, 0x0000000094300000|100%| O|  |TAMS 0x0000000094300000| PB 0x0000000094200000| Untracked |  0
| 323|0x0000000094300000, 0x0000000094400000, 0x0000000094400000|100%| O|  |TAMS 0x0000000094400000| PB 0x0000000094300000| Untracked |  0
| 324|0x0000000094400000, 0x0000000094500000, 0x0000000094500000|100%| O|  |TAMS 0x0000000094500000| PB 0x0000000094400000| Untracked |  0
| 325|0x0000000094500000, 0x0000000094600000, 0x0000000094600000|100%| O|  |TAMS 0x0000000094600000| PB 0x0000000094500000| Untracked |  0
| 326|0x0000000094600000, 0x0000000094700000, 0x0000000094700000|100%| O|  |TAMS 0x0000000094700000| PB 0x0000000094600000| Untracked |  0
| 327|0x0000000094700000, 0x0000000094800000, 0x0000000094800000|100%| O|  |TAMS 0x0000000094800000| PB 0x0000000094700000| Untracked |  0
| 328|0x0000000094800000, 0x0000000094900000, 0x0000000094900000|100%| O|  |TAMS 0x0000000094900000| PB 0x0000000094800000| Untracked |  0
| 329|0x0000000094900000, 0x0000000094a00000, 0x0000000094a00000|100%| O|  |TAMS 0x0000000094a00000| PB 0x0000000094900000| Untracked |  0
| 330|0x0000000094a00000, 0x0000000094b00000, 0x0000000094b00000|100%| O|  |TAMS 0x0000000094b00000| PB 0x0000000094a00000| Untracked |  0
| 331|0x0000000094b00000, 0x0000000094c00000, 0x0000000094c00000|100%| O|  |TAMS 0x0000000094c00000| PB 0x0000000094b00000| Untracked |  0
| 332|0x0000000094c00000, 0x0000000094d00000, 0x0000000094d00000|100%| O|  |TAMS 0x0000000094d00000| PB 0x0000000094c00000| Untracked |  0
| 333|0x0000000094d00000, 0x0000000094e00000, 0x0000000094e00000|100%| O|  |TAMS 0x0000000094e00000| PB 0x0000000094d00000| Untracked |  0
| 334|0x0000000094e00000, 0x0000000094f00000, 0x0000000094f00000|100%| O|  |TAMS 0x0000000094f00000| PB 0x0000000094e00000| Untracked |  0
| 335|0x0000000094f00000, 0x0000000095000000, 0x0000000095000000|100%| O|  |TAMS 0x0000000095000000| PB 0x0000000094f00000| Untracked |  0
| 336|0x0000000095000000, 0x0000000095100000, 0x0000000095100000|100%| O|  |TAMS 0x0000000095100000| PB 0x0000000095000000| Untracked |  0
| 337|0x0000000095100000, 0x0000000095200000, 0x0000000095200000|100%| O|  |TAMS 0x0000000095200000| PB 0x0000000095100000| Untracked |  0
| 338|0x0000000095200000, 0x0000000095300000, 0x0000000095300000|100%| O|  |TAMS 0x0000000095300000| PB 0x0000000095200000| Untracked |  0
| 339|0x0000000095300000, 0x0000000095400000, 0x0000000095400000|100%| O|  |TAMS 0x0000000095400000| PB 0x0000000095300000| Untracked |  0
| 340|0x0000000095400000, 0x0000000095500000, 0x0000000095500000|100%| O|  |TAMS 0x0000000095500000| PB 0x0000000095400000| Untracked |  0
| 341|0x0000000095500000, 0x0000000095600000, 0x0000000095600000|100%| O|  |TAMS 0x0000000095600000| PB 0x0000000095500000| Untracked |  0
| 342|0x0000000095600000, 0x0000000095700000, 0x0000000095700000|100%| O|  |TAMS 0x0000000095700000| PB 0x0000000095600000| Untracked |  0
| 343|0x0000000095700000, 0x0000000095800000, 0x0000000095800000|100%| O|  |TAMS 0x0000000095800000| PB 0x0000000095700000| Untracked |  0
| 344|0x0000000095800000, 0x0000000095900000, 0x0000000095900000|100%| O|  |TAMS 0x0000000095900000| PB 0x0000000095800000| Untracked |  0
| 345|0x0000000095900000, 0x0000000095a00000, 0x0000000095a00000|100%| O|  |TAMS 0x0000000095a00000| PB 0x0000000095900000| Untracked |  0
| 346|0x0000000095a00000, 0x0000000095b00000, 0x0000000095b00000|100%| O|  |TAMS 0x0000000095b00000| PB 0x0000000095a00000| Untracked |  0
| 347|0x0000000095b00000, 0x0000000095c00000, 0x0000000095c00000|100%| O|  |TAMS 0x0000000095c00000| PB 0x0000000095b00000| Untracked |  0
| 348|0x0000000095c00000, 0x0000000095d00000, 0x0000000095d00000|100%| O|  |TAMS 0x0000000095d00000| PB 0x0000000095c00000| Untracked |  0
| 349|0x0000000095d00000, 0x0000000095e00000, 0x0000000095e00000|100%| O|  |TAMS 0x0000000095e00000| PB 0x0000000095d00000| Untracked |  0
| 350|0x0000000095e00000, 0x0000000095f00000, 0x0000000095f00000|100%| O|  |TAMS 0x0000000095f00000| PB 0x0000000095e00000| Untracked |  0
| 351|0x0000000095f00000, 0x0000000096000000, 0x0000000096000000|100%| O|  |TAMS 0x0000000096000000| PB 0x0000000095f00000| Untracked |  0
| 352|0x0000000096000000, 0x0000000096100000, 0x0000000096100000|100%| O|  |TAMS 0x0000000096100000| PB 0x0000000096000000| Untracked |  0
| 353|0x0000000096100000, 0x0000000096200000, 0x0000000096200000|100%| O|  |TAMS 0x0000000096200000| PB 0x0000000096100000| Untracked |  0
| 354|0x0000000096200000, 0x0000000096300000, 0x0000000096300000|100%| O|  |TAMS 0x0000000096300000| PB 0x0000000096200000| Untracked |  0
| 355|0x0000000096300000, 0x0000000096400000, 0x0000000096400000|100%| O|  |TAMS 0x0000000096400000| PB 0x0000000096300000| Untracked |  0
| 356|0x0000000096400000, 0x0000000096500000, 0x0000000096500000|100%| O|  |TAMS 0x0000000096500000| PB 0x0000000096400000| Untracked |  0
| 357|0x0000000096500000, 0x0000000096600000, 0x0000000096600000|100%| O|  |TAMS 0x0000000096600000| PB 0x0000000096500000| Untracked |  0
| 358|0x0000000096600000, 0x0000000096700000, 0x0000000096700000|100%| O|  |TAMS 0x0000000096700000| PB 0x0000000096600000| Untracked |  0
| 359|0x0000000096700000, 0x0000000096800000, 0x0000000096800000|100%| O|  |TAMS 0x0000000096800000| PB 0x0000000096700000| Untracked |  0
| 360|0x0000000096800000, 0x0000000096900000, 0x0000000096900000|100%| O|  |TAMS 0x0000000096900000| PB 0x0000000096800000| Untracked |  0
| 361|0x0000000096900000, 0x0000000096a00000, 0x0000000096a00000|100%| O|  |TAMS 0x0000000096a00000| PB 0x0000000096900000| Untracked |  0
| 362|0x0000000096a00000, 0x0000000096b00000, 0x0000000096b00000|100%| O|  |TAMS 0x0000000096b00000| PB 0x0000000096a00000| Untracked |  0
| 363|0x0000000096b00000, 0x0000000096c00000, 0x0000000096c00000|100%| O|  |TAMS 0x0000000096c00000| PB 0x0000000096b00000| Untracked |  0
| 364|0x0000000096c00000, 0x0000000096d00000, 0x0000000096d00000|100%| O|  |TAMS 0x0000000096d00000| PB 0x0000000096c00000| Untracked |  0
| 365|0x0000000096d00000, 0x0000000096e00000, 0x0000000096e00000|100%| O|  |TAMS 0x0000000096e00000| PB 0x0000000096d00000| Untracked |  0
| 366|0x0000000096e00000, 0x0000000096f00000, 0x0000000096f00000|100%| O|  |TAMS 0x0000000096f00000| PB 0x0000000096e00000| Untracked |  0
| 367|0x0000000096f00000, 0x0000000097000000, 0x0000000097000000|100%| O|  |TAMS 0x0000000097000000| PB 0x0000000096f00000| Untracked |  0
| 368|0x0000000097000000, 0x0000000097100000, 0x0000000097100000|100%| O|  |TAMS 0x0000000097100000| PB 0x0000000097000000| Untracked |  0
| 369|0x0000000097100000, 0x0000000097200000, 0x0000000097200000|100%| O|  |TAMS 0x0000000097200000| PB 0x0000000097100000| Untracked |  0
| 370|0x0000000097200000, 0x0000000097300000, 0x0000000097300000|100%| O|  |TAMS 0x0000000097300000| PB 0x0000000097200000| Untracked |  0
| 371|0x0000000097300000, 0x0000000097400000, 0x0000000097400000|100%| O|  |TAMS 0x0000000097400000| PB 0x0000000097300000| Untracked |  0
| 372|0x0000000097400000, 0x0000000097500000, 0x0000000097500000|100%| O|  |TAMS 0x0000000097500000| PB 0x0000000097400000| Untracked |  0
| 373|0x0000000097500000, 0x0000000097600000, 0x0000000097600000|100%| O|  |TAMS 0x0000000097600000| PB 0x0000000097500000| Untracked |  0
| 374|0x0000000097600000, 0x0000000097700000, 0x0000000097700000|100%| O|  |TAMS 0x0000000097700000| PB 0x0000000097600000| Untracked |  0
| 375|0x0000000097700000, 0x0000000097800000, 0x0000000097800000|100%| O|  |TAMS 0x0000000097800000| PB 0x0000000097700000| Untracked |  0
| 376|0x0000000097800000, 0x0000000097900000, 0x0000000097900000|100%| O|  |TAMS 0x0000000097900000| PB 0x0000000097800000| Untracked |  0
| 377|0x0000000097900000, 0x0000000097a00000, 0x0000000097a00000|100%| O|  |TAMS 0x0000000097a00000| PB 0x0000000097900000| Untracked |  0
| 378|0x0000000097a00000, 0x0000000097b00000, 0x0000000097b00000|100%| O|  |TAMS 0x0000000097b00000| PB 0x0000000097a00000| Untracked |  0
| 379|0x0000000097b00000, 0x0000000097c00000, 0x0000000097c00000|100%| O|  |TAMS 0x0000000097b00000| PB 0x0000000097b00000| Untracked |  0
| 380|0x0000000097c00000, 0x0000000097d00000, 0x0000000097d00000|100%| O|  |TAMS 0x0000000097c00000| PB 0x0000000097c00000| Untracked |  0
| 381|0x0000000097d00000, 0x0000000097e00000, 0x0000000097e00000|100%| O|  |TAMS 0x0000000097d00000| PB 0x0000000097d00000| Untracked |  0
| 382|0x0000000097e00000, 0x0000000097f00000, 0x0000000097f00000|100%| O|  |TAMS 0x0000000097e00000| PB 0x0000000097e00000| Untracked |  0
| 383|0x0000000097f00000, 0x0000000098000000, 0x0000000098000000|100%| O|  |TAMS 0x0000000097f00000| PB 0x0000000097f00000| Untracked |  0
| 384|0x0000000098000000, 0x0000000098100000, 0x0000000098100000|100%| O|  |TAMS 0x0000000098000000| PB 0x0000000098000000| Untracked |  0
| 385|0x0000000098100000, 0x0000000098200000, 0x0000000098200000|100%| O|  |TAMS 0x0000000098100000| PB 0x0000000098100000| Untracked |  0
| 386|0x0000000098200000, 0x0000000098300000, 0x0000000098300000|100%| O|  |TAMS 0x0000000098200000| PB 0x0000000098200000| Untracked |  0
| 387|0x0000000098300000, 0x0000000098400000, 0x0000000098400000|100%| O|  |TAMS 0x0000000098300000| PB 0x0000000098300000| Untracked |  0
| 388|0x0000000098400000, 0x0000000098500000, 0x0000000098500000|100%| O|  |TAMS 0x0000000098400000| PB 0x0000000098400000| Untracked |  0
| 389|0x0000000098500000, 0x0000000098600000, 0x0000000098600000|100%| O|  |TAMS 0x0000000098500000| PB 0x0000000098500000| Untracked |  0
| 390|0x0000000098600000, 0x0000000098700000, 0x0000000098700000|100%| O|  |TAMS 0x0000000098600000| PB 0x0000000098600000| Untracked |  0
| 391|0x0000000098700000, 0x0000000098800000, 0x0000000098800000|100%| O|  |TAMS 0x0000000098700000| PB 0x0000000098700000| Untracked |  0
| 392|0x0000000098800000, 0x0000000098900000, 0x0000000098900000|100%| O|  |TAMS 0x0000000098800000| PB 0x0000000098800000| Untracked |  0
| 393|0x0000000098900000, 0x0000000098900000, 0x0000000098a00000|  0%| F|  |TAMS 0x0000000098900000| PB 0x0000000098900000| Untracked |  0
| 394|0x0000000098a00000, 0x0000000098a00000, 0x0000000098b00000|  0%| F|  |TAMS 0x0000000098a00000| PB 0x0000000098a00000| Untracked |  0
| 395|0x0000000098b00000, 0x0000000098b00000, 0x0000000098c00000|  0%| F|  |TAMS 0x0000000098b00000| PB 0x0000000098b00000| Untracked |  0
| 396|0x0000000098c00000, 0x0000000098c00000, 0x0000000098d00000|  0%| F|  |TAMS 0x0000000098c00000| PB 0x0000000098c00000| Untracked |  0
| 397|0x0000000098d00000, 0x0000000098d00000, 0x0000000098e00000|  0%| F|  |TAMS 0x0000000098d00000| PB 0x0000000098d00000| Untracked |  0
| 398|0x0000000098e00000, 0x0000000098e00000, 0x0000000098f00000|  0%| F|  |TAMS 0x0000000098e00000| PB 0x0000000098e00000| Untracked |  0
| 399|0x0000000098f00000, 0x0000000098f00000, 0x0000000099000000|  0%| F|  |TAMS 0x0000000098f00000| PB 0x0000000098f00000| Untracked |  0
| 400|0x0000000099000000, 0x0000000099000000, 0x0000000099100000|  0%| F|  |TAMS 0x0000000099000000| PB 0x0000000099000000| Untracked |  0
| 401|0x0000000099100000, 0x0000000099100000, 0x0000000099200000|  0%| F|  |TAMS 0x0000000099100000| PB 0x0000000099100000| Untracked |  0
| 402|0x0000000099200000, 0x0000000099200000, 0x0000000099300000|  0%| F|  |TAMS 0x0000000099200000| PB 0x0000000099200000| Untracked |  0
| 403|0x0000000099300000, 0x0000000099300000, 0x0000000099400000|  0%| F|  |TAMS 0x0000000099300000| PB 0x0000000099300000| Untracked |  0
| 404|0x0000000099400000, 0x0000000099400000, 0x0000000099500000|  0%| F|  |TAMS 0x0000000099400000| PB 0x0000000099400000| Untracked |  0
| 405|0x0000000099500000, 0x0000000099500000, 0x0000000099600000|  0%| F|  |TAMS 0x0000000099500000| PB 0x0000000099500000| Untracked |  0
| 406|0x0000000099600000, 0x0000000099600000, 0x0000000099700000|  0%| F|  |TAMS 0x0000000099600000| PB 0x0000000099600000| Untracked |  0
| 407|0x0000000099700000, 0x0000000099700000, 0x0000000099800000|  0%| F|  |TAMS 0x0000000099700000| PB 0x0000000099700000| Untracked |  0
| 408|0x0000000099800000, 0x0000000099800000, 0x0000000099900000|  0%| F|  |TAMS 0x0000000099800000| PB 0x0000000099800000| Untracked |  0
| 409|0x0000000099900000, 0x0000000099a00000, 0x0000000099a00000|100%| S|CS|TAMS 0x0000000099900000| PB 0x0000000099900000| Complete |  0
| 410|0x0000000099a00000, 0x0000000099b00000, 0x0000000099b00000|100%| S|CS|TAMS 0x0000000099a00000| PB 0x0000000099a00000| Complete |  0
| 411|0x0000000099b00000, 0x0000000099c00000, 0x0000000099c00000|100%| S|CS|TAMS 0x0000000099b00000| PB 0x0000000099b00000| Complete |  0
| 412|0x0000000099c00000, 0x0000000099d00000, 0x0000000099d00000|100%| S|CS|TAMS 0x0000000099c00000| PB 0x0000000099c00000| Complete |  0
| 413|0x0000000099d00000, 0x0000000099e00000, 0x0000000099e00000|100%| S|CS|TAMS 0x0000000099d00000| PB 0x0000000099d00000| Complete |  0
| 414|0x0000000099e00000, 0x0000000099f00000, 0x0000000099f00000|100%| S|CS|TAMS 0x0000000099e00000| PB 0x0000000099e00000| Complete |  0
| 415|0x0000000099f00000, 0x000000009a000000, 0x000000009a000000|100%| S|CS|TAMS 0x0000000099f00000| PB 0x0000000099f00000| Complete |  0
| 416|0x000000009a000000, 0x000000009a000000, 0x000000009a100000|  0%| F|  |TAMS 0x000000009a000000| PB 0x000000009a000000| Untracked |  0
| 417|0x000000009a100000, 0x000000009a100000, 0x000000009a200000|  0%| F|  |TAMS 0x000000009a100000| PB 0x000000009a100000| Untracked |  0
| 418|0x000000009a200000, 0x000000009a200000, 0x000000009a300000|  0%| F|  |TAMS 0x000000009a200000| PB 0x000000009a200000| Untracked |  0
| 419|0x000000009a300000, 0x000000009a300000, 0x000000009a400000|  0%| F|  |TAMS 0x000000009a300000| PB 0x000000009a300000| Untracked |  0
| 420|0x000000009a400000, 0x000000009a400000, 0x000000009a500000|  0%| F|  |TAMS 0x000000009a400000| PB 0x000000009a400000| Untracked |  0
| 421|0x000000009a500000, 0x000000009a500000, 0x000000009a600000|  0%| F|  |TAMS 0x000000009a500000| PB 0x000000009a500000| Untracked |  0
| 422|0x000000009a600000, 0x000000009a600000, 0x000000009a700000|  0%| F|  |TAMS 0x000000009a600000| PB 0x000000009a600000| Untracked |  0
| 423|0x000000009a700000, 0x000000009a700000, 0x000000009a800000|  0%| F|  |TAMS 0x000000009a700000| PB 0x000000009a700000| Untracked |  0
| 424|0x000000009a800000, 0x000000009a800000, 0x000000009a900000|  0%| F|  |TAMS 0x000000009a800000| PB 0x000000009a800000| Untracked |  0
| 425|0x000000009a900000, 0x000000009a900000, 0x000000009aa00000|  0%| F|  |TAMS 0x000000009a900000| PB 0x000000009a900000| Untracked |  0
| 426|0x000000009aa00000, 0x000000009aa00000, 0x000000009ab00000|  0%| F|  |TAMS 0x000000009aa00000| PB 0x000000009aa00000| Untracked |  0
| 427|0x000000009ab00000, 0x000000009ab00000, 0x000000009ac00000|  0%| F|  |TAMS 0x000000009ab00000| PB 0x000000009ab00000| Untracked |  0
| 428|0x000000009ac00000, 0x000000009ac00000, 0x000000009ad00000|  0%| F|  |TAMS 0x000000009ac00000| PB 0x000000009ac00000| Untracked |  0
| 429|0x000000009ad00000, 0x000000009ad00000, 0x000000009ae00000|  0%| F|  |TAMS 0x000000009ad00000| PB 0x000000009ad00000| Untracked |  0
| 430|0x000000009ae00000, 0x000000009ae00000, 0x000000009af00000|  0%| F|  |TAMS 0x000000009ae00000| PB 0x000000009ae00000| Untracked |  0
| 431|0x000000009af00000, 0x000000009af00000, 0x000000009b000000|  0%| F|  |TAMS 0x000000009af00000| PB 0x000000009af00000| Untracked |  0
| 432|0x000000009b000000, 0x000000009b000000, 0x000000009b100000|  0%| F|  |TAMS 0x000000009b000000| PB 0x000000009b000000| Untracked |  0
| 433|0x000000009b100000, 0x000000009b100000, 0x000000009b200000|  0%| F|  |TAMS 0x000000009b100000| PB 0x000000009b100000| Untracked |  0
| 434|0x000000009b200000, 0x000000009b200000, 0x000000009b300000|  0%| F|  |TAMS 0x000000009b200000| PB 0x000000009b200000| Untracked |  0
| 435|0x000000009b300000, 0x000000009b300000, 0x000000009b400000|  0%| F|  |TAMS 0x000000009b300000| PB 0x000000009b300000| Untracked |  0
| 436|0x000000009b400000, 0x000000009b500000, 0x000000009b500000|100%| S|CS|TAMS 0x000000009b400000| PB 0x000000009b400000| Complete |  0
| 437|0x000000009b500000, 0x000000009b600000, 0x000000009b600000|100%| S|CS|TAMS 0x000000009b500000| PB 0x000000009b500000| Complete |  0
| 438|0x000000009b600000, 0x000000009b700000, 0x000000009b700000|100%| S|CS|TAMS 0x000000009b600000| PB 0x000000009b600000| Complete |  0
| 439|0x000000009b700000, 0x000000009b800000, 0x000000009b800000|100%| S|CS|TAMS 0x000000009b700000| PB 0x000000009b700000| Complete |  0
| 440|0x000000009b800000, 0x000000009b900000, 0x000000009b900000|100%| S|CS|TAMS 0x000000009b800000| PB 0x000000009b800000| Complete |  0
| 441|0x000000009b900000, 0x000000009ba00000, 0x000000009ba00000|100%| S|CS|TAMS 0x000000009b900000| PB 0x000000009b900000| Complete |  0
| 442|0x000000009ba00000, 0x000000009bb00000, 0x000000009bb00000|100%| S|CS|TAMS 0x000000009ba00000| PB 0x000000009ba00000| Complete |  0
| 443|0x000000009bb00000, 0x000000009bc00000, 0x000000009bc00000|100%| S|CS|TAMS 0x000000009bb00000| PB 0x000000009bb00000| Complete |  0
| 444|0x000000009bc00000, 0x000000009bd00000, 0x000000009bd00000|100%| S|CS|TAMS 0x000000009bc00000| PB 0x000000009bc00000| Complete |  0
| 445|0x000000009bd00000, 0x000000009be00000, 0x000000009be00000|100%| S|CS|TAMS 0x000000009bd00000| PB 0x000000009bd00000| Complete |  0
| 446|0x000000009be00000, 0x000000009be00000, 0x000000009bf00000|  0%| F|  |TAMS 0x000000009be00000| PB 0x000000009be00000| Untracked |  0
| 447|0x000000009bf00000, 0x000000009bf00000, 0x000000009c000000|  0%| F|  |TAMS 0x000000009bf00000| PB 0x000000009bf00000| Untracked |  0
| 448|0x000000009c000000, 0x000000009c000000, 0x000000009c100000|  0%| F|  |TAMS 0x000000009c000000| PB 0x000000009c000000| Untracked |  0
| 449|0x000000009c100000, 0x000000009c100000, 0x000000009c200000|  0%| F|  |TAMS 0x000000009c100000| PB 0x000000009c100000| Untracked |  0
| 450|0x000000009c200000, 0x000000009c200000, 0x000000009c300000|  0%| F|  |TAMS 0x000000009c200000| PB 0x000000009c200000| Untracked |  0
| 451|0x000000009c300000, 0x000000009c300000, 0x000000009c400000|  0%| F|  |TAMS 0x000000009c300000| PB 0x000000009c300000| Untracked |  0
| 452|0x000000009c400000, 0x000000009c400000, 0x000000009c500000|  0%| F|  |TAMS 0x000000009c400000| PB 0x000000009c400000| Untracked |  0
| 453|0x000000009c500000, 0x000000009c500000, 0x000000009c600000|  0%| F|  |TAMS 0x000000009c500000| PB 0x000000009c500000| Untracked |  0
| 454|0x000000009c600000, 0x000000009c600000, 0x000000009c700000|  0%| F|  |TAMS 0x000000009c600000| PB 0x000000009c600000| Untracked |  0
| 455|0x000000009c700000, 0x000000009c700000, 0x000000009c800000|  0%| F|  |TAMS 0x000000009c700000| PB 0x000000009c700000| Untracked |  0
| 456|0x000000009c800000, 0x000000009c800000, 0x000000009c900000|  0%| F|  |TAMS 0x000000009c800000| PB 0x000000009c800000| Untracked |  0
| 457|0x000000009c900000, 0x000000009c900000, 0x000000009ca00000|  0%| F|  |TAMS 0x000000009c900000| PB 0x000000009c900000| Untracked |  0
| 458|0x000000009ca00000, 0x000000009ca00000, 0x000000009cb00000|  0%| F|  |TAMS 0x000000009ca00000| PB 0x000000009ca00000| Untracked |  0
| 459|0x000000009cb00000, 0x000000009cb00000, 0x000000009cc00000|  0%| F|  |TAMS 0x000000009cb00000| PB 0x000000009cb00000| Untracked |  0
| 460|0x000000009cc00000, 0x000000009cc00000, 0x000000009cd00000|  0%| F|  |TAMS 0x000000009cc00000| PB 0x000000009cc00000| Untracked |  0
| 461|0x000000009cd00000, 0x000000009cd00000, 0x000000009ce00000|  0%| F|  |TAMS 0x000000009cd00000| PB 0x000000009cd00000| Untracked |  0
| 462|0x000000009ce00000, 0x000000009ce00000, 0x000000009cf00000|  0%| F|  |TAMS 0x000000009ce00000| PB 0x000000009ce00000| Untracked |  0
| 463|0x000000009cf00000, 0x000000009cf00000, 0x000000009d000000|  0%| F|  |TAMS 0x000000009cf00000| PB 0x000000009cf00000| Untracked |  0
| 464|0x000000009d000000, 0x000000009d000000, 0x000000009d100000|  0%| F|  |TAMS 0x000000009d000000| PB 0x000000009d000000| Untracked |  0
| 465|0x000000009d100000, 0x000000009d100000, 0x000000009d200000|  0%| F|  |TAMS 0x000000009d100000| PB 0x000000009d100000| Untracked |  0
| 466|0x000000009d200000, 0x000000009d200000, 0x000000009d300000|  0%| F|  |TAMS 0x000000009d200000| PB 0x000000009d200000| Untracked |  0
| 467|0x000000009d300000, 0x000000009d300000, 0x000000009d400000|  0%| F|  |TAMS 0x000000009d300000| PB 0x000000009d300000| Untracked |  0
| 468|0x000000009d400000, 0x000000009d400000, 0x000000009d500000|  0%| F|  |TAMS 0x000000009d400000| PB 0x000000009d400000| Untracked |  0
| 469|0x000000009d500000, 0x000000009d500000, 0x000000009d600000|  0%| F|  |TAMS 0x000000009d500000| PB 0x000000009d500000| Untracked |  0
| 470|0x000000009d600000, 0x000000009d600000, 0x000000009d700000|  0%| F|  |TAMS 0x000000009d600000| PB 0x000000009d600000| Untracked |  0
| 471|0x000000009d700000, 0x000000009d700000, 0x000000009d800000|  0%| F|  |TAMS 0x000000009d700000| PB 0x000000009d700000| Untracked |  0
| 472|0x000000009d800000, 0x000000009d800000, 0x000000009d900000|  0%| F|  |TAMS 0x000000009d800000| PB 0x000000009d800000| Untracked |  0
| 473|0x000000009d900000, 0x000000009d900000, 0x000000009da00000|  0%| F|  |TAMS 0x000000009d900000| PB 0x000000009d900000| Untracked |  0
| 474|0x000000009da00000, 0x000000009da00000, 0x000000009db00000|  0%| F|  |TAMS 0x000000009da00000| PB 0x000000009da00000| Untracked |  0
| 475|0x000000009db00000, 0x000000009db00000, 0x000000009dc00000|  0%| F|  |TAMS 0x000000009db00000| PB 0x000000009db00000| Untracked |  0
| 476|0x000000009dc00000, 0x000000009dc00000, 0x000000009dd00000|  0%| F|  |TAMS 0x000000009dc00000| PB 0x000000009dc00000| Untracked |  0
| 477|0x000000009dd00000, 0x000000009dd00000, 0x000000009de00000|  0%| F|  |TAMS 0x000000009dd00000| PB 0x000000009dd00000| Untracked |  0
| 478|0x000000009de00000, 0x000000009de00000, 0x000000009df00000|  0%| F|  |TAMS 0x000000009de00000| PB 0x000000009de00000| Untracked |  0
| 479|0x000000009df00000, 0x000000009df00000, 0x000000009e000000|  0%| F|  |TAMS 0x000000009df00000| PB 0x000000009df00000| Untracked |  0
| 480|0x000000009e000000, 0x000000009e000000, 0x000000009e100000|  0%| F|  |TAMS 0x000000009e000000| PB 0x000000009e000000| Untracked |  0
| 481|0x000000009e100000, 0x000000009e100000, 0x000000009e200000|  0%| F|  |TAMS 0x000000009e100000| PB 0x000000009e100000| Untracked |  0
| 482|0x000000009e200000, 0x000000009e200000, 0x000000009e300000|  0%| F|  |TAMS 0x000000009e200000| PB 0x000000009e200000| Untracked |  0
| 483|0x000000009e300000, 0x000000009e300000, 0x000000009e400000|  0%| F|  |TAMS 0x000000009e300000| PB 0x000000009e300000| Untracked |  0
| 484|0x000000009e400000, 0x000000009e400000, 0x000000009e500000|  0%| F|  |TAMS 0x000000009e400000| PB 0x000000009e400000| Untracked |  0
| 485|0x000000009e500000, 0x000000009e500000, 0x000000009e600000|  0%| F|  |TAMS 0x000000009e500000| PB 0x000000009e500000| Untracked |  0
| 486|0x000000009e600000, 0x000000009e600000, 0x000000009e700000|  0%| F|  |TAMS 0x000000009e600000| PB 0x000000009e600000| Untracked |  0
| 487|0x000000009e700000, 0x000000009e700000, 0x000000009e800000|  0%| F|  |TAMS 0x000000009e700000| PB 0x000000009e700000| Untracked |  0
| 488|0x000000009e800000, 0x000000009e800000, 0x000000009e900000|  0%| F|  |TAMS 0x000000009e800000| PB 0x000000009e800000| Untracked |  0
| 489|0x000000009e900000, 0x000000009e900000, 0x000000009ea00000|  0%| F|  |TAMS 0x000000009e900000| PB 0x000000009e900000| Untracked |  0
| 490|0x000000009ea00000, 0x000000009ea00000, 0x000000009eb00000|  0%| F|  |TAMS 0x000000009ea00000| PB 0x000000009ea00000| Untracked |  0
| 491|0x000000009eb00000, 0x000000009eb00000, 0x000000009ec00000|  0%| F|  |TAMS 0x000000009eb00000| PB 0x000000009eb00000| Untracked |  0
| 492|0x000000009ec00000, 0x000000009ec00000, 0x000000009ed00000|  0%| F|  |TAMS 0x000000009ec00000| PB 0x000000009ec00000| Untracked |  0
| 493|0x000000009ed00000, 0x000000009ed00000, 0x000000009ee00000|  0%| F|  |TAMS 0x000000009ed00000| PB 0x000000009ed00000| Untracked |  0
| 494|0x000000009ee00000, 0x000000009ee00000, 0x000000009ef00000|  0%| F|  |TAMS 0x000000009ee00000| PB 0x000000009ee00000| Untracked |  0
| 495|0x000000009ef00000, 0x000000009ef00000, 0x000000009f000000|  0%| F|  |TAMS 0x000000009ef00000| PB 0x000000009ef00000| Untracked |  0
| 496|0x000000009f000000, 0x000000009f000000, 0x000000009f100000|  0%| F|  |TAMS 0x000000009f000000| PB 0x000000009f000000| Untracked |  0
| 497|0x000000009f100000, 0x000000009f100000, 0x000000009f200000|  0%| F|  |TAMS 0x000000009f100000| PB 0x000000009f100000| Untracked |  0
| 498|0x000000009f200000, 0x000000009f200000, 0x000000009f300000|  0%| F|  |TAMS 0x000000009f200000| PB 0x000000009f200000| Untracked |  0
| 499|0x000000009f300000, 0x000000009f300000, 0x000000009f400000|  0%| F|  |TAMS 0x000000009f300000| PB 0x000000009f300000| Untracked |  0
| 500|0x000000009f400000, 0x000000009f400000, 0x000000009f500000|  0%| F|  |TAMS 0x000000009f400000| PB 0x000000009f400000| Untracked |  0
| 501|0x000000009f500000, 0x000000009f500000, 0x000000009f600000|  0%| F|  |TAMS 0x000000009f500000| PB 0x000000009f500000| Untracked |  0
| 502|0x000000009f600000, 0x000000009f600000, 0x000000009f700000|  0%| F|  |TAMS 0x000000009f600000| PB 0x000000009f600000| Untracked |  0
| 503|0x000000009f700000, 0x000000009f700000, 0x000000009f800000|  0%| F|  |TAMS 0x000000009f700000| PB 0x000000009f700000| Untracked |  0
| 504|0x000000009f800000, 0x000000009f800000, 0x000000009f900000|  0%| F|  |TAMS 0x000000009f800000| PB 0x000000009f800000| Untracked |  0
| 505|0x000000009f900000, 0x000000009f900000, 0x000000009fa00000|  0%| F|  |TAMS 0x000000009f900000| PB 0x000000009f900000| Untracked |  0
| 506|0x000000009fa00000, 0x000000009fa00000, 0x000000009fb00000|  0%| F|  |TAMS 0x000000009fa00000| PB 0x000000009fa00000| Untracked |  0
| 507|0x000000009fb00000, 0x000000009fb00000, 0x000000009fc00000|  0%| F|  |TAMS 0x000000009fb00000| PB 0x000000009fb00000| Untracked |  0
| 508|0x000000009fc00000, 0x000000009fc00000, 0x000000009fd00000|  0%| F|  |TAMS 0x000000009fc00000| PB 0x000000009fc00000| Untracked |  0
| 509|0x000000009fd00000, 0x000000009fd00000, 0x000000009fe00000|  0%| F|  |TAMS 0x000000009fd00000| PB 0x000000009fd00000| Untracked |  0
| 510|0x000000009fe00000, 0x000000009fe00000, 0x000000009ff00000|  0%| F|  |TAMS 0x000000009fe00000| PB 0x000000009fe00000| Untracked |  0
| 511|0x000000009ff00000, 0x000000009ff00000, 0x00000000a0000000|  0%| F|  |TAMS 0x000000009ff00000| PB 0x000000009ff00000| Untracked |  0
| 512|0x00000000a0000000, 0x00000000a0000000, 0x00000000a0100000|  0%| F|  |TAMS 0x00000000a0000000| PB 0x00000000a0000000| Untracked |  0
| 513|0x00000000a0100000, 0x00000000a0100000, 0x00000000a0200000|  0%| F|  |TAMS 0x00000000a0100000| PB 0x00000000a0100000| Untracked |  0
| 514|0x00000000a0200000, 0x00000000a0200000, 0x00000000a0300000|  0%| F|  |TAMS 0x00000000a0200000| PB 0x00000000a0200000| Untracked |  0
| 515|0x00000000a0300000, 0x00000000a0300000, 0x00000000a0400000|  0%| F|  |TAMS 0x00000000a0300000| PB 0x00000000a0300000| Untracked |  0
| 516|0x00000000a0400000, 0x00000000a0400000, 0x00000000a0500000|  0%| F|  |TAMS 0x00000000a0400000| PB 0x00000000a0400000| Untracked |  0
| 517|0x00000000a0500000, 0x00000000a0500000, 0x00000000a0600000|  0%| F|  |TAMS 0x00000000a0500000| PB 0x00000000a0500000| Untracked |  0
| 518|0x00000000a0600000, 0x00000000a0600000, 0x00000000a0700000|  0%| F|  |TAMS 0x00000000a0600000| PB 0x00000000a0600000| Untracked |  0
| 519|0x00000000a0700000, 0x00000000a0700000, 0x00000000a0800000|  0%| F|  |TAMS 0x00000000a0700000| PB 0x00000000a0700000| Untracked |  0
| 520|0x00000000a0800000, 0x00000000a0800000, 0x00000000a0900000|  0%| F|  |TAMS 0x00000000a0800000| PB 0x00000000a0800000| Untracked |  0
| 521|0x00000000a0900000, 0x00000000a0900000, 0x00000000a0a00000|  0%| F|  |TAMS 0x00000000a0900000| PB 0x00000000a0900000| Untracked |  0
| 522|0x00000000a0a00000, 0x00000000a0a00000, 0x00000000a0b00000|  0%| F|  |TAMS 0x00000000a0a00000| PB 0x00000000a0a00000| Untracked |  0
| 523|0x00000000a0b00000, 0x00000000a0b00000, 0x00000000a0c00000|  0%| F|  |TAMS 0x00000000a0b00000| PB 0x00000000a0b00000| Untracked |  0
| 524|0x00000000a0c00000, 0x00000000a0c00000, 0x00000000a0d00000|  0%| F|  |TAMS 0x00000000a0c00000| PB 0x00000000a0c00000| Untracked |  0
| 525|0x00000000a0d00000, 0x00000000a0d00000, 0x00000000a0e00000|  0%| F|  |TAMS 0x00000000a0d00000| PB 0x00000000a0d00000| Untracked |  0
| 526|0x00000000a0e00000, 0x00000000a0e00000, 0x00000000a0f00000|  0%| F|  |TAMS 0x00000000a0e00000| PB 0x00000000a0e00000| Untracked |  0
| 527|0x00000000a0f00000, 0x00000000a0f00000, 0x00000000a1000000|  0%| F|  |TAMS 0x00000000a0f00000| PB 0x00000000a0f00000| Untracked |  0
| 528|0x00000000a1000000, 0x00000000a1000000, 0x00000000a1100000|  0%| F|  |TAMS 0x00000000a1000000| PB 0x00000000a1000000| Untracked |  0
| 529|0x00000000a1100000, 0x00000000a1100000, 0x00000000a1200000|  0%| F|  |TAMS 0x00000000a1100000| PB 0x00000000a1100000| Untracked |  0
| 530|0x00000000a1200000, 0x00000000a1200000, 0x00000000a1300000|  0%| F|  |TAMS 0x00000000a1200000| PB 0x00000000a1200000| Untracked |  0
| 531|0x00000000a1300000, 0x00000000a1300000, 0x00000000a1400000|  0%| F|  |TAMS 0x00000000a1300000| PB 0x00000000a1300000| Untracked |  0
| 532|0x00000000a1400000, 0x00000000a1400000, 0x00000000a1500000|  0%| F|  |TAMS 0x00000000a1400000| PB 0x00000000a1400000| Untracked |  0
| 533|0x00000000a1500000, 0x00000000a1500000, 0x00000000a1600000|  0%| F|  |TAMS 0x00000000a1500000| PB 0x00000000a1500000| Untracked |  0
| 534|0x00000000a1600000, 0x00000000a1600000, 0x00000000a1700000|  0%| F|  |TAMS 0x00000000a1600000| PB 0x00000000a1600000| Untracked |  0
| 535|0x00000000a1700000, 0x00000000a1700000, 0x00000000a1800000|  0%| F|  |TAMS 0x00000000a1700000| PB 0x00000000a1700000| Untracked |  0
| 536|0x00000000a1800000, 0x00000000a1800000, 0x00000000a1900000|  0%| F|  |TAMS 0x00000000a1800000| PB 0x00000000a1800000| Untracked |  0
| 537|0x00000000a1900000, 0x00000000a1900000, 0x00000000a1a00000|  0%| F|  |TAMS 0x00000000a1900000| PB 0x00000000a1900000| Untracked |  0
| 538|0x00000000a1a00000, 0x00000000a1a00000, 0x00000000a1b00000|  0%| F|  |TAMS 0x00000000a1a00000| PB 0x00000000a1a00000| Untracked |  0
| 539|0x00000000a1b00000, 0x00000000a1b00000, 0x00000000a1c00000|  0%| F|  |TAMS 0x00000000a1b00000| PB 0x00000000a1b00000| Untracked |  0
| 540|0x00000000a1c00000, 0x00000000a1c00000, 0x00000000a1d00000|  0%| F|  |TAMS 0x00000000a1c00000| PB 0x00000000a1c00000| Untracked |  0
| 541|0x00000000a1d00000, 0x00000000a1d00000, 0x00000000a1e00000|  0%| F|  |TAMS 0x00000000a1d00000| PB 0x00000000a1d00000| Untracked |  0
| 542|0x00000000a1e00000, 0x00000000a1e00000, 0x00000000a1f00000|  0%| F|  |TAMS 0x00000000a1e00000| PB 0x00000000a1e00000| Untracked |  0
| 543|0x00000000a1f00000, 0x00000000a1f00000, 0x00000000a2000000|  0%| F|  |TAMS 0x00000000a1f00000| PB 0x00000000a1f00000| Untracked |  0
| 544|0x00000000a2000000, 0x00000000a2000000, 0x00000000a2100000|  0%| F|  |TAMS 0x00000000a2000000| PB 0x00000000a2000000| Untracked |  0
| 545|0x00000000a2100000, 0x00000000a2100000, 0x00000000a2200000|  0%| F|  |TAMS 0x00000000a2100000| PB 0x00000000a2100000| Untracked |  0
| 546|0x00000000a2200000, 0x00000000a2200000, 0x00000000a2300000|  0%| F|  |TAMS 0x00000000a2200000| PB 0x00000000a2200000| Untracked |  0
| 547|0x00000000a2300000, 0x00000000a2300000, 0x00000000a2400000|  0%| F|  |TAMS 0x00000000a2300000| PB 0x00000000a2300000| Untracked |  0
| 548|0x00000000a2400000, 0x00000000a2400000, 0x00000000a2500000|  0%| F|  |TAMS 0x00000000a2400000| PB 0x00000000a2400000| Untracked |  0
| 549|0x00000000a2500000, 0x00000000a2500000, 0x00000000a2600000|  0%| F|  |TAMS 0x00000000a2500000| PB 0x00000000a2500000| Untracked |  0
| 550|0x00000000a2600000, 0x00000000a2600000, 0x00000000a2700000|  0%| F|  |TAMS 0x00000000a2600000| PB 0x00000000a2600000| Untracked |  0
| 551|0x00000000a2700000, 0x00000000a2700000, 0x00000000a2800000|  0%| F|  |TAMS 0x00000000a2700000| PB 0x00000000a2700000| Untracked |  0
| 552|0x00000000a2800000, 0x00000000a2800000, 0x00000000a2900000|  0%| F|  |TAMS 0x00000000a2800000| PB 0x00000000a2800000| Untracked |  0
| 553|0x00000000a2900000, 0x00000000a2900000, 0x00000000a2a00000|  0%| F|  |TAMS 0x00000000a2900000| PB 0x00000000a2900000| Untracked |  0
| 554|0x00000000a2a00000, 0x00000000a2a00000, 0x00000000a2b00000|  0%| F|  |TAMS 0x00000000a2a00000| PB 0x00000000a2a00000| Untracked |  0
| 555|0x00000000a2b00000, 0x00000000a2b00000, 0x00000000a2c00000|  0%| F|  |TAMS 0x00000000a2b00000| PB 0x00000000a2b00000| Untracked |  0
| 556|0x00000000a2c00000, 0x00000000a2c00000, 0x00000000a2d00000|  0%| F|  |TAMS 0x00000000a2c00000| PB 0x00000000a2c00000| Untracked |  0
| 557|0x00000000a2d00000, 0x00000000a2d00000, 0x00000000a2e00000|  0%| F|  |TAMS 0x00000000a2d00000| PB 0x00000000a2d00000| Untracked |  0
| 558|0x00000000a2e00000, 0x00000000a2e00000, 0x00000000a2f00000|  0%| F|  |TAMS 0x00000000a2e00000| PB 0x00000000a2e00000| Untracked |  0
| 559|0x00000000a2f00000, 0x00000000a2f00000, 0x00000000a3000000|  0%| F|  |TAMS 0x00000000a2f00000| PB 0x00000000a2f00000| Untracked |  0
| 560|0x00000000a3000000, 0x00000000a3000000, 0x00000000a3100000|  0%| F|  |TAMS 0x00000000a3000000| PB 0x00000000a3000000| Untracked |  0
| 561|0x00000000a3100000, 0x00000000a3100000, 0x00000000a3200000|  0%| F|  |TAMS 0x00000000a3100000| PB 0x00000000a3100000| Untracked |  0
| 562|0x00000000a3200000, 0x00000000a3200000, 0x00000000a3300000|  0%| F|  |TAMS 0x00000000a3200000| PB 0x00000000a3200000| Untracked |  0
| 563|0x00000000a3300000, 0x00000000a3300000, 0x00000000a3400000|  0%| F|  |TAMS 0x00000000a3300000| PB 0x00000000a3300000| Untracked |  0
| 564|0x00000000a3400000, 0x00000000a3400000, 0x00000000a3500000|  0%| F|  |TAMS 0x00000000a3400000| PB 0x00000000a3400000| Untracked |  0
| 565|0x00000000a3500000, 0x00000000a3500000, 0x00000000a3600000|  0%| F|  |TAMS 0x00000000a3500000| PB 0x00000000a3500000| Untracked |  0
| 566|0x00000000a3600000, 0x00000000a3600000, 0x00000000a3700000|  0%| F|  |TAMS 0x00000000a3600000| PB 0x00000000a3600000| Untracked |  0
| 567|0x00000000a3700000, 0x00000000a3700000, 0x00000000a3800000|  0%| F|  |TAMS 0x00000000a3700000| PB 0x00000000a3700000| Untracked |  0
| 568|0x00000000a3800000, 0x00000000a3800000, 0x00000000a3900000|  0%| F|  |TAMS 0x00000000a3800000| PB 0x00000000a3800000| Untracked |  0
|2030|0x00000000fee00000, 0x00000000fee00000, 0x00000000fef00000|  0%| F|  |TAMS 0x00000000fee00000| PB 0x00000000fee00000| Untracked |  0
|2031|0x00000000fef00000, 0x00000000ff000000, 0x00000000ff000000|100%| O|  |TAMS 0x00000000ff000000| PB 0x00000000fef00000| Untracked |  0
|2032|0x00000000ff000000, 0x00000000ff000000, 0x00000000ff100000|  0%| F|  |TAMS 0x00000000ff000000| PB 0x00000000ff000000| Untracked |  0
|2033|0x00000000ff100000, 0x00000000ff100000, 0x00000000ff200000|  0%| F|  |TAMS 0x00000000ff100000| PB 0x00000000ff100000| Untracked |  0
|2034|0x00000000ff200000, 0x00000000ff300000, 0x00000000ff300000|100%| O|  |TAMS 0x00000000ff300000| PB 0x00000000ff200000| Untracked |  0
|2035|0x00000000ff300000, 0x00000000ff400000, 0x00000000ff400000|100%| O|  |TAMS 0x00000000ff400000| PB 0x00000000ff300000| Untracked |  0
|2036|0x00000000ff400000, 0x00000000ff500000, 0x00000000ff500000|100%| O|  |TAMS 0x00000000ff500000| PB 0x00000000ff400000| Untracked |  0
|2037|0x00000000ff500000, 0x00000000ff500000, 0x00000000ff600000|  0%| F|  |TAMS 0x00000000ff500000| PB 0x00000000ff500000| Untracked |  0
|2038|0x00000000ff600000, 0x00000000ff700000, 0x00000000ff700000|100%| O|  |TAMS 0x00000000ff700000| PB 0x00000000ff600000| Untracked |  0
|2039|0x00000000ff700000, 0x00000000ff800000, 0x00000000ff800000|100%| O|  |TAMS 0x00000000ff800000| PB 0x00000000ff700000| Untracked |  0
|2040|0x00000000ff800000, 0x00000000ff800000, 0x00000000ff900000|  0%| F|  |TAMS 0x00000000ff800000| PB 0x00000000ff800000| Untracked |  0
|2041|0x00000000ff900000, 0x00000000ffa00000, 0x00000000ffa00000|100%| O|  |TAMS 0x00000000ffa00000| PB 0x00000000ff900000| Untracked |  0
|2042|0x00000000ffa00000, 0x00000000ffb00000, 0x00000000ffb00000|100%| O|  |TAMS 0x00000000ffb00000| PB 0x00000000ffa00000| Untracked |  0
|2043|0x00000000ffb00000, 0x00000000ffc00000, 0x00000000ffc00000|100%| O|  |TAMS 0x00000000ffc00000| PB 0x00000000ffb00000| Untracked |  0
|2044|0x00000000ffc00000, 0x00000000ffd00000, 0x00000000ffd00000|100%| O|  |TAMS 0x00000000ffd00000| PB 0x00000000ffc00000| Untracked |  0
|2045|0x00000000ffd00000, 0x00000000ffe00000, 0x00000000ffe00000|100%| O|  |TAMS 0x00000000ffe00000| PB 0x00000000ffd00000| Untracked |  0
|2046|0x00000000ffe00000, 0x00000000fff00000, 0x00000000fff00000|100%| O|  |TAMS 0x00000000fff00000| PB 0x00000000ffe00000| Untracked |  0
|2047|0x00000000fff00000, 0x00000000fff00000, 0x0000000100000000|  0%| F|  |TAMS 0x00000000fff00000| PB 0x00000000fff00000| Untracked |  0

Card table byte_map: [0x000001965f120000,0x000001965f520000] _byte_map_base: 0x000001965ed20000

Marking Bits: (CMBitMap*) 0x000001964725b480
 Bits: [0x000001965f520000, 0x0000019661520000)

Polling page: 0x00000196469d0000

Metaspace:
Metaspace        used 127641K, committed 130176K, reserved 1179648K
 class space     used 18310K, committed 19520K, reserved 1048576K

Usage:
  Non-class:    106.77 MB used.
      Class:     17.88 MB used.
       Both:    124.65 MB used.

Virtual space:
  Non-class space:      128.00 MB reserved,     108.06 MB ( 84%) committed,  2 nodes.
      Class space:        1.00 GB reserved,      19.06 MB (  2%) committed,  1 nodes.
             Both:        1.12 GB reserved,     127.12 MB ( 11%) committed. 

Chunk freelists:
   Non-Class:  3.72 MB
       Class:  12.98 MB
        Both:  16.70 MB

MaxMetaspaceSize: unlimited
CompressedClassSpaceSize: 1.00 GB
Initial GC threshold: 21.00 MB
Current GC threshold: 210.94 MB
CDS: on
 - commit_granule_bytes: 65536.
 - commit_granule_words: 8192.
 - virtual_space_node_default_size: 8388608.
 - enlarge_chunks_in_place: 1.
UseCompressedClassPointers 1, UseCompactObjectHeaders 0
Narrow klass pointer bits 32, Max shift 3
Narrow klass base: 0x0000000037000000, Narrow klass shift: 0
Encoding Range: [0x0000000037000000 - 0x0000000137000000), (4294967296 bytes)
Klass Range:    [0x0000000037010000 - 0x0000000078000000), (1090453504 bytes)
Klass ID Range:  [65536 - 1090519033) (1090453497)
Protection zone: [0x0000000037000000 - 0x0000000037010000), (65536 bytes)


Internal statistics:

num_allocs_failed_limit: 9.
num_arena_births: 4536.
num_arena_deaths: 0.
num_vsnodes_births: 3.
num_vsnodes_deaths: 0.
num_space_committed: 2032.
num_space_uncommitted: 0.
num_chunks_returned_to_freelist: 9.
num_chunks_taken_from_freelist: 10186.
num_chunk_merges: 9.
num_chunk_splits: 6821.
num_chunks_enlarged: 4499.
num_inconsistent_stats: 0.

CodeHeap 'non-profiled nmethods': size=120064Kb used=8726Kb max_used=8726Kb free=111337Kb
 bounds [0x00000196577e0000, 0x0000019658070000, 0x000001965ed20000]
CodeHeap 'profiled nmethods': size=120064Kb used=25486Kb max_used=25486Kb free=94577Kb
 bounds [0x000001964fd00000, 0x00000196515f0000, 0x0000019657240000]
CodeHeap 'non-nmethods': size=5760Kb used=2368Kb max_used=2538Kb free=3391Kb
 bounds [0x0000019657240000, 0x00000196574e0000, 0x00000196577e0000]
CodeCache: size=245888Kb, used=36580Kb, max_used=36750Kb, free=209305Kb
 total_blobs=17528, nmethods=16565, adapters=864, full_count=0
Compilation: enabled, stopped_count=0, restarted_count=0

Compilation events (20 events):
Event: 61.072 Thread 0x0000019663b14920 19995       2       com.android.tools.r8.internal.cz2::a (73 bytes)
Event: 61.072 Thread 0x0000019663b14920 nmethod 19995 0x00000196515e1288 code [0x00000196515e1380, 0x00000196515e17a8]
Event: 61.073 Thread 0x0000019663b14920 19996       2       com.android.tools.r8.internal.bp2::a (30 bytes)
Event: 61.073 Thread 0x0000019663b14920 nmethod 19996 0x00000196515e1808 code [0x00000196515e1900, 0x00000196515e1a90]
Event: 61.075 Thread 0x0000019663b14920 19997       2       com.android.tools.r8.internal.jl::a (13 bytes)
Event: 61.076 Thread 0x0000019663b14920 nmethod 19997 0x00000196515e1b08 code [0x00000196515e1c00, 0x00000196515e1d58]
Event: 61.076 Thread 0x0000019663b14920 19998       2       com.android.tools.r8.internal.jl::a (63 bytes)
Event: 61.077 Thread 0x0000019663b14920 nmethod 19998 0x00000196515e1e08 code [0x00000196515e1f00, 0x00000196515e2330]
Event: 61.078 Thread 0x0000019663b14920 19999       2       com.android.tools.r8.internal.b20::a (8 bytes)
Event: 61.078 Thread 0x0000019663b14920 nmethod 19999 0x00000196515e2388 code [0x00000196515e2480, 0x00000196515e2600]
Event: 61.078 Thread 0x0000019663b14920 20000       2       com.android.tools.r8.internal.b20::b (23 bytes)
Event: 61.079 Thread 0x0000019663b14920 nmethod 20000 0x00000196515e2688 code [0x00000196515e2780, 0x00000196515e2b28]
Event: 61.079 Thread 0x0000019663b14920 20001       2       com.android.tools.r8.internal.x3::a (17 bytes)
Event: 61.079 Thread 0x0000019663b14920 nmethod 20001 0x00000196515e2b88 code [0x00000196515e2c80, 0x00000196515e2df0]
Event: 61.083 Thread 0x0000019663b14920 20002       2       com.android.tools.r8.graph.b0::g (125 bytes)
Event: 61.084 Thread 0x0000019663b14920 nmethod 20002 0x00000196515e2e88 code [0x00000196515e2f80, 0x00000196515e3248]
Event: 61.084 Thread 0x0000019663b14920 20004       2       com.android.tools.r8.graph.ya::a (17 bytes)
Event: 61.084 Thread 0x0000019663b14920 nmethod 20004 0x00000196515e3288 code [0x00000196515e3380, 0x00000196515e35c8]
Event: 61.084 Thread 0x0000019663b14920 20003       2       com.android.tools.r8.graph.ya$$Lambda/0x0000000039245748::<init> (10 bytes)
Event: 61.084 Thread 0x0000019663b14920 nmethod 20003 0x00000196515e3608 code [0x00000196515e3700, 0x00000196515e3850]

GC Heap Usage History (20 events):
Event: 53.840 {heap After GC invocations=54 (full 0):
 garbage-first heap   total reserved 2097152K, committed 423936K, used 251392K [0x0000000080000000, 0x0000000100000000)
  region size 1024K, 11 young (11264K), 11 survivors (11264K)
}
Event: 54.538 {heap Before GC invocations=55 (full 0):
 garbage-first heap   total reserved 2097152K, committed 423936K, used 363008K [0x0000000080000000, 0x0000000100000000)
  region size 1024K, 120 young (122880K), 11 survivors (11264K)
}
Event: 54.583 {heap After GC invocations=56 (full 0):
 garbage-first heap   total reserved 2097152K, committed 423936K, used 273920K [0x0000000080000000, 0x0000000100000000)
  region size 1024K, 15 young (15360K), 15 survivors (15360K)
}
Event: 55.541 {heap Before GC invocations=56 (full 0):
 garbage-first heap   total reserved 2097152K, committed 423936K, used 370176K [0x0000000080000000, 0x0000000100000000)
  region size 1024K, 110 young (112640K), 15 survivors (15360K)
}
Event: 55.578 {heap After GC invocations=57 (full 0):
 garbage-first heap   total reserved 2097152K, committed 423936K, used 289792K [0x0000000080000000, 0x0000000100000000)
  region size 1024K, 14 young (14336K), 14 survivors (14336K)
}
Event: 56.001 {heap Before GC invocations=57 (full 0):
 garbage-first heap   total reserved 2097152K, committed 423936K, used 379904K [0x0000000080000000, 0x0000000100000000)
  region size 1024K, 102 young (104448K), 14 survivors (14336K)
}
Event: 56.030 {heap After GC invocations=58 (full 0):
 garbage-first heap   total reserved 2097152K, committed 423936K, used 309248K [0x0000000080000000, 0x0000000100000000)
  region size 1024K, 13 young (13312K), 13 survivors (13312K)
}
Event: 56.968 {heap Before GC invocations=59 (full 0):
 garbage-first heap   total reserved 2097152K, committed 516096K, used 385024K [0x0000000080000000, 0x0000000100000000)
  region size 1024K, 87 young (89088K), 13 survivors (13312K)
}
Event: 56.996 {heap After GC invocations=60 (full 0):
 garbage-first heap   total reserved 2097152K, committed 516096K, used 323072K [0x0000000080000000, 0x0000000100000000)
  region size 1024K, 11 young (11264K), 11 survivors (11264K)
}
Event: 57.899 {heap Before GC invocations=60 (full 0):
 garbage-first heap   total reserved 2097152K, committed 516096K, used 450048K [0x0000000080000000, 0x0000000100000000)
  region size 1024K, 136 young (139264K), 11 survivors (11264K)
}
Event: 57.932 {heap After GC invocations=61 (full 0):
 garbage-first heap   total reserved 2097152K, committed 516096K, used 342528K [0x0000000080000000, 0x0000000100000000)
  region size 1024K, 17 young (17408K), 17 survivors (17408K)
}
Event: 58.490 {heap Before GC invocations=61 (full 0):
 garbage-first heap   total reserved 2097152K, committed 516096K, used 458240K [0x0000000080000000, 0x0000000100000000)
  region size 1024K, 131 young (134144K), 17 survivors (17408K)
}
Event: 58.520 {heap After GC invocations=62 (full 0):
 garbage-first heap   total reserved 2097152K, committed 516096K, used 359424K [0x0000000080000000, 0x0000000100000000)
  region size 1024K, 16 young (16384K), 16 survivors (16384K)
}
Event: 59.232 {heap Before GC invocations=63 (full 0):
 garbage-first heap   total reserved 2097152K, committed 601088K, used 465920K [0x0000000080000000, 0x0000000100000000)
  region size 1024K, 121 young (123904K), 16 survivors (16384K)
}
Event: 59.262 {heap After GC invocations=64 (full 0):
 garbage-first heap   total reserved 2097152K, committed 601088K, used 375808K [0x0000000080000000, 0x0000000100000000)
  region size 1024K, 16 young (16384K), 16 survivors (16384K)
}
Event: 60.096 {heap Before GC invocations=64 (full 0):
 garbage-first heap   total reserved 2097152K, committed 601088K, used 525312K [0x0000000080000000, 0x0000000100000000)
  region size 1024K, 163 young (166912K), 16 survivors (16384K)
}
Event: 60.126 {heap After GC invocations=65 (full 0):
 garbage-first heap   total reserved 2097152K, committed 601088K, used 395776K [0x0000000080000000, 0x0000000100000000)
  region size 1024K, 19 young (19456K), 19 survivors (19456K)
}
Event: 60.482 {heap Before GC invocations=65 (full 0):
 garbage-first heap   total reserved 2097152K, committed 601088K, used 538112K [0x0000000080000000, 0x0000000100000000)
  region size 1024K, 158 young (161792K), 19 survivors (19456K)
}
Event: 60.522 {heap After GC invocations=66 (full 0):
 garbage-first heap   total reserved 2097152K, committed 601088K, used 414720K [0x0000000080000000, 0x0000000100000000)
  region size 1024K, 20 young (20480K), 20 survivors (20480K)
}
Event: 61.091 {heap Before GC invocations=66 (full 0):
 garbage-first heap   total reserved 2097152K, committed 601088K, used 545792K [0x0000000080000000, 0x0000000100000000)
  region size 1024K, 149 young (152576K), 20 survivors (20480K)
}

Metaspace Usage History (20 events):
Event: 53.840 {metaspace After GC invocations=54 (full 0):
 Metaspace       used 118134K, committed 120640K, reserved 1179648K
  class space    used 16972K, committed 18176K, reserved 1048576K
}
Event: 54.538 {metaspace Before GC invocations=55 (full 0):
 Metaspace       used 118870K, committed 121344K, reserved 1179648K
  class space    used 17053K, committed 18240K, reserved 1048576K
}
Event: 54.583 {metaspace After GC invocations=56 (full 0):
 Metaspace       used 118870K, committed 121344K, reserved 1179648K
  class space    used 17053K, committed 18240K, reserved 1048576K
}
Event: 55.541 {metaspace Before GC invocations=56 (full 0):
 Metaspace       used 121167K, committed 123648K, reserved 1179648K
  class space    used 17393K, committed 18560K, reserved 1048576K
}
Event: 55.578 {metaspace After GC invocations=57 (full 0):
 Metaspace       used 121167K, committed 123648K, reserved 1179648K
  class space    used 17393K, committed 18560K, reserved 1048576K
}
Event: 56.001 {metaspace Before GC invocations=57 (full 0):
 Metaspace       used 121938K, committed 124416K, reserved 1179648K
  class space    used 17509K, committed 18688K, reserved 1048576K
}
Event: 56.030 {metaspace After GC invocations=58 (full 0):
 Metaspace       used 121938K, committed 124416K, reserved 1179648K
  class space    used 17509K, committed 18688K, reserved 1048576K
}
Event: 56.968 {metaspace Before GC invocations=59 (full 0):
 Metaspace       used 123782K, committed 126208K, reserved 1179648K
  class space    used 17835K, committed 19008K, reserved 1048576K
}
Event: 56.996 {metaspace After GC invocations=60 (full 0):
 Metaspace       used 123782K, committed 126208K, reserved 1179648K
  class space    used 17835K, committed 19008K, reserved 1048576K
}
Event: 57.899 {metaspace Before GC invocations=60 (full 0):
 Metaspace       used 126019K, committed 128512K, reserved 1179648K
  class space    used 18144K, committed 19328K, reserved 1048576K
}
Event: 57.932 {metaspace After GC invocations=61 (full 0):
 Metaspace       used 126019K, committed 128512K, reserved 1179648K
  class space    used 18144K, committed 19328K, reserved 1048576K
}
Event: 58.490 {metaspace Before GC invocations=61 (full 0):
 Metaspace       used 126909K, committed 129408K, reserved 1179648K
  class space    used 18219K, committed 19392K, reserved 1048576K
}
Event: 58.520 {metaspace After GC invocations=62 (full 0):
 Metaspace       used 126909K, committed 129408K, reserved 1179648K
  class space    used 18219K, committed 19392K, reserved 1048576K
}
Event: 59.232 {metaspace Before GC invocations=63 (full 0):
 Metaspace       used 127081K, committed 129600K, reserved 1179648K
  class space    used 18236K, committed 19456K, reserved 1048576K
}
Event: 59.262 {metaspace After GC invocations=64 (full 0):
 Metaspace       used 127081K, committed 129600K, reserved 1179648K
  class space    used 18236K, committed 19456K, reserved 1048576K
}
Event: 60.096 {metaspace Before GC invocations=64 (full 0):
 Metaspace       used 127342K, committed 129856K, reserved 1179648K
  class space    used 18269K, committed 19456K, reserved 1048576K
}
Event: 60.126 {metaspace After GC invocations=65 (full 0):
 Metaspace       used 127342K, committed 129856K, reserved 1179648K
  class space    used 18269K, committed 19456K, reserved 1048576K
}
Event: 60.482 {metaspace Before GC invocations=65 (full 0):
 Metaspace       used 127456K, committed 129920K, reserved 1179648K
  class space    used 18279K, committed 19456K, reserved 1048576K
}
Event: 60.522 {metaspace After GC invocations=66 (full 0):
 Metaspace       used 127456K, committed 129920K, reserved 1179648K
  class space    used 18279K, committed 19456K, reserved 1048576K
}
Event: 61.091 {metaspace Before GC invocations=66 (full 0):
 Metaspace       used 127641K, committed 130176K, reserved 1179648K
  class space    used 18310K, committed 19520K, reserved 1048576K
}

Dll operation events (14 events):
Event: 0.013 Loaded shared library C:\Users\MEIRE\.gradle\jdks\eclipse_adoptium-25-amd64-windows.2\bin\java.dll
Event: 0.079 Loaded shared library C:\Users\MEIRE\.gradle\jdks\eclipse_adoptium-25-amd64-windows.2\bin\zip.dll
Event: 0.081 Loaded shared library C:\Users\MEIRE\.gradle\jdks\eclipse_adoptium-25-amd64-windows.2\bin\instrument.dll
Event: 0.088 Loaded shared library C:\Users\MEIRE\.gradle\jdks\eclipse_adoptium-25-amd64-windows.2\bin\net.dll
Event: 0.090 Loaded shared library C:\Users\MEIRE\.gradle\jdks\eclipse_adoptium-25-amd64-windows.2\bin\nio.dll
Event: 0.093 Loaded shared library C:\Users\MEIRE\.gradle\jdks\eclipse_adoptium-25-amd64-windows.2\bin\zip.dll
Event: 0.312 Loaded shared library C:\Users\MEIRE\.gradle\jdks\eclipse_adoptium-25-amd64-windows.2\bin\jimage.dll
Event: 0.592 Loaded shared library C:\Users\MEIRE\.gradle\jdks\eclipse_adoptium-25-amd64-windows.2\bin\verify.dll
Event: 0.629 Loaded shared library C:\Users\MEIRE\.gradle\native\660c5614fbf4a5f2a75b1949f50a0caf5cd603558e7d8a26e50b933a0cfb79d1\windows-amd64\native-platform.dll
Event: 0.649 Loaded shared library C:\Users\MEIRE\.gradle\native\0.2.8\x86_64-windows-gnu\gradle-fileevents.dll
Event: 1.656 Loaded shared library C:\Users\MEIRE\.gradle\jdks\eclipse_adoptium-25-amd64-windows.2\bin\management.dll
Event: 1.659 Loaded shared library C:\Users\MEIRE\.gradle\jdks\eclipse_adoptium-25-amd64-windows.2\bin\management_ext.dll
Event: 1.839 Loaded shared library C:\Users\MEIRE\.gradle\jdks\eclipse_adoptium-25-amd64-windows.2\bin\extnet.dll
Event: 2.111 Loaded shared library C:\Users\MEIRE\.gradle\jdks\eclipse_adoptium-25-amd64-windows.2\bin\sunmscapi.dll

Deoptimization events (20 events):
Event: 60.965 Thread 0x000001966d5e06e0 Uncommon trap: trap_request=0xffffffc6 fr.pc=0x0000019657f80b40 relative=0x00000000000001c0
Event: 60.965 Thread 0x000001966d5e06e0 Uncommon trap: reason=bimorphic_or_optimized_type_check action=maybe_recompile pc=0x0000019657f80b40 method=com.android.tools.r8.internal.m74.a(Lcom/android/tools/r8/internal/m74;Lcom/android/tools/r8/internal/tx;)I @ 2 c2
Event: 60.965 Thread 0x000001966d5e06e0 DEOPT PACKING pc=0x0000019657f80b40 sp=0x0000006d7d2f9700
Event: 60.965 Thread 0x000001966d5e06e0 DEOPT UNPACKING pc=0x000001965736f482 sp=0x0000006d7d2f9690 mode 2
Event: 60.965 Thread 0x000001966d5e06e0 Uncommon trap: trap_request=0xffffffc6 fr.pc=0x0000019657f801d4 relative=0x00000000000001d4
Event: 60.965 Thread 0x000001966d5e06e0 Uncommon trap: reason=bimorphic_or_optimized_type_check action=maybe_recompile pc=0x0000019657f801d4 method=com.android.tools.r8.internal.vx.a(Ljava/lang/Object;Ljava/lang/Object;Lcom/android/tools/r8/internal/n74;)I @ 13 c2
Event: 60.965 Thread 0x000001966d5e06e0 DEOPT PACKING pc=0x0000019657f801d4 sp=0x0000006d7d2f9670
Event: 60.965 Thread 0x000001966d5e06e0 DEOPT UNPACKING pc=0x000001965736f482 sp=0x0000006d7d2f9618 mode 2
Event: 60.965 Thread 0x000001966d5e06e0 Uncommon trap: trap_request=0xffffffde fr.pc=0x00000196580500d8 relative=0x00000000000001d8
Event: 60.965 Thread 0x000001966d5e06e0 Uncommon trap: reason=class_check action=maybe_recompile pc=0x00000196580500d8 method=com.android.tools.r8.internal.ux.a(Ljava/util/function/Predicate;Ljava/util/function/Function;Lcom/android/tools/r8/internal/k74;Lcom/android/tools/r8/internal/l74;)Lcom
Event: 60.965 Thread 0x000001966d5e06e0 DEOPT PACKING pc=0x00000196580500d8 sp=0x0000006d7d2f9490
Event: 60.965 Thread 0x000001966d5e06e0 DEOPT UNPACKING pc=0x000001965736f482 sp=0x0000006d7d2f9430 mode 2
Event: 60.966 Thread 0x000001966d5e06e0 Uncommon trap: trap_request=0xffffff45 fr.pc=0x0000019657de029c relative=0x000000000000051c
Event: 60.966 Thread 0x000001966d5e06e0 Uncommon trap: reason=unstable_if action=reinterpret pc=0x0000019657de029c method=java.util.ArrayDeque.toArray(Ljava/lang/Class;)[Ljava/lang/Object; @ 23 c2
Event: 60.966 Thread 0x000001966d5e06e0 DEOPT PACKING pc=0x0000019657de029c sp=0x0000006d7d2fa0d0
Event: 60.966 Thread 0x000001966d5e06e0 DEOPT UNPACKING pc=0x000001965736f482 sp=0x0000006d7d2fa0a8 mode 2
Event: 61.038 Thread 0x000001966d5e06e0 Uncommon trap: trap_request=0xffffff45 fr.pc=0x0000019658054644 relative=0x0000000000000244
Event: 61.038 Thread 0x000001966d5e06e0 Uncommon trap: reason=unstable_if action=reinterpret pc=0x0000019658054644 method=com.android.tools.r8.graph.n6.L0()Z @ 12 c2
Event: 61.038 Thread 0x000001966d5e06e0 DEOPT PACKING pc=0x0000019658054644 sp=0x0000006d7d2f9bd0
Event: 61.038 Thread 0x000001966d5e06e0 DEOPT UNPACKING pc=0x000001965736f482 sp=0x0000006d7d2f9af0 mode 2

Classes loaded (20 events):
Event: 55.372 Loading class java/util/concurrent/Executors$DelegatedScheduledExecutorService
Event: 55.372 Loading class java/util/concurrent/Executors$DelegatedExecutorService
Event: 55.373 Loading class java/util/concurrent/Executors$DelegatedExecutorService done
Event: 55.373 Loading class java/util/concurrent/Executors$DelegatedScheduledExecutorService done
Event: 56.868 Loading class java/util/IdentityHashMap$EntrySpliterator
Event: 56.868 Loading class java/util/IdentityHashMap$IdentityHashMapSpliterator
Event: 56.868 Loading class java/util/IdentityHashMap$IdentityHashMapSpliterator done
Event: 56.868 Loading class java/util/IdentityHashMap$EntrySpliterator done
Event: 56.870 Loading class java/util/stream/SortedOps$RefSortingSink
Event: 56.870 Loading class java/util/stream/SortedOps$RefSortingSink done
Event: 56.946 Loading class java/util/SortedSet$1
Event: 56.946 Loading class java/util/SortedSet$1 done
Event: 57.007 Loading class java/util/PriorityQueue
Event: 57.007 Loading class java/util/PriorityQueue done
Event: 57.203 Loading class java/util/IdentityHashMap$ValueIterator
Event: 57.203 Loading class java/util/IdentityHashMap$ValueIterator done
Event: 57.348 Loading class java/util/concurrent/ConcurrentHashMap$TreeNode
Event: 57.348 Loading class java/util/concurrent/ConcurrentHashMap$TreeNode done
Event: 57.348 Loading class java/util/concurrent/ConcurrentHashMap$TreeBin
Event: 57.348 Loading class java/util/concurrent/ConcurrentHashMap$TreeBin done

Classes unloaded (0 events):
No events

Classes redefined (0 events):
No events

Internal exceptions (20 events):
Event: 55.168 Thread 0x000001966c46e550 Exception <a 'sun/nio/fs/WindowsException'{0x0000000097474590}> (0x0000000097474590) 
thrown [s\src\hotspot\share\prims\jni.cpp, line 516]
Event: 55.168 Thread 0x000001966c46e550 Exception <a 'sun/nio/fs/WindowsException'{0x00000000974759f8}> (0x00000000974759f8) 
thrown [s\src\hotspot\share\prims\jni.cpp, line 516]
Event: 55.246 Thread 0x000001966c46e550 Exception <a 'java/lang/NoSuchMethodError'{0x0000000096dc6ec8}: static Lcom/android/builder/internal/aapt/AaptOptions;.<clinit>()V> (0x0000000096dc6ec8) 
thrown [s\src\hotspot\share\prims\jni.cpp, line 1106]
Event: 55.250 Thread 0x000001966c46e550 Exception <a 'java/lang/NoSuchMethodError'{0x0000000096b1c850}: static Lcom/android/build/api/variant/impl/SerializableApplicationMultiOutputHandler;.<clinit>()V> (0x0000000096b1c850) 
thrown [s\src\hotspot\share\prims\jni.cpp, line 1106]
Event: 55.251 Thread 0x000001966c46e550 Exception <a 'java/lang/NoSuchMethodError'{0x0000000096a9c7e0}: static Lcom/android/build/api/variant/impl/VariantOutputImpl$SerializedForm;.<clinit>()V> (0x0000000096a9c7e0) 
thrown [s\src\hotspot\share\prims\jni.cpp, line 1106]
Event: 55.253 Thread 0x000001966c46e550 Exception <a 'java/lang/NoSuchMethodError'{0x000000009698a660}: static Lcom/android/build/api/variant/impl/VariantOutputConfigurationImpl;.<clinit>()V> (0x000000009698a660) 
thrown [s\src\hotspot\share\prims\jni.cpp, line 1106]
Event: 55.339 Thread 0x0000019663af0aa0 Implicit null exception at 0x0000019657ce2bbf to 0x0000019657ce2c6c
Event: 55.989 Thread 0x0000019663af0aa0 Exception <a 'java/lang/IncompatibleClassChangeError'{0x0000000093d59b80}: Found class java.lang.Object, but interface was expected> (0x0000000093d59b80) 
thrown [s\src\hotspot\share\interpreter\linkResolver.cpp, line 871]
Event: 55.990 Thread 0x0000019663af0aa0 Exception <a 'java/lang/IncompatibleClassChangeError'{0x0000000093d63888}: Found class java.lang.Object, but interface was expected> (0x0000000093d63888) 
thrown [s\src\hotspot\share\interpreter\linkResolver.cpp, line 871]
Event: 56.777 Thread 0x0000019663af0aa0 Exception <a 'java/lang/NoSuchMethodError'{0x000000009dcb4a28}: 'void java.lang.invoke.DirectMethodHandle$Holder.invokeSpecial(java.lang.Object, java.lang.Object, int, java.lang.Object)'> (0x000000009dcb4a28) 
thrown [s\src\hotspot\share\interpreter\linkResolver.cpp, line 804]
Event: 56.881 Thread 0x000001966d5e06e0 Exception <a 'java/lang/NoSuchMethodError'{0x000000009cd5d838}: 'java.lang.Object java.lang.invoke.DirectMethodHandle$Holder.invokeStaticInit(java.lang.Object, java.lang.Object, java.lang.Object, java.lang.Object)'> (0x000000009cd5d838) 
thrown [s\src\hotspot\share\interpreter\linkResolver.cpp, line 804]
Event: 57.138 Thread 0x0000019663af0aa0 Exception <a 'java/lang/NoSuchMethodError'{0x000000009d203310}: 'int java.lang.invoke.DirectMethodHandle$Holder.invokeSpecial(java.lang.Object, java.lang.Object, java.lang.Object, int, java.lang.Object)'> (0x000000009d203310) 
thrown [s\src\hotspot\share\interpreter\linkResolver.cpp, line 804]
Event: 57.171 Thread 0x000001966d5e06e0 Exception <a 'java/lang/NoSuchMethodError'{0x000000009c8b61a0}: 'int java.lang.invoke.DirectMethodHandle$Holder.invokeInterface(java.lang.Object, java.lang.Object, int)'> (0x000000009c8b61a0) 
thrown [s\src\hotspot\share\interpreter\linkResolver.cpp, line 804]
Event: 57.174 Thread 0x000001966d5e06e0 Exception <a 'java/lang/NoSuchMethodError'{0x000000009c649c90}: 'void java.lang.invoke.DirectMethodHandle$Holder.invokeStatic(java.lang.Object, int)'> (0x000000009c649c90) 
thrown [s\src\hotspot\share\interpreter\linkResolver.cpp, line 804]
Event: 57.210 Thread 0x0000019663af0aa0 Exception <a 'java/lang/NoSuchMethodError'{0x000000009b710b40}: 'void java.lang.invoke.DirectMethodHandle$Holder.invokeVirtual(java.lang.Object, java.lang.Object, int)'> (0x000000009b710b40) 
thrown [s\src\hotspot\share\interpreter\linkResolver.cpp, line 804]
Event: 58.436 Thread 0x000001966d5e06e0 Exception <a 'java/lang/IncompatibleClassChangeError'{0x00000000988969a0}: Found class java.lang.Object, but interface was expected> (0x00000000988969a0) 
thrown [s\src\hotspot\share\interpreter\linkResolver.cpp, line 871]
Event: 58.442 Thread 0x000001966d5e06e0 Exception <a 'java/lang/NoSuchMethodError'{0x0000000098311d58}: 'void java.lang.invoke.DirectMethodHandle$Holder.invokeSpecialIFC(java.lang.Object, java.lang.Object, java.lang.Object, java.lang.Object)'> (0x0000000098311d58) 
thrown [s\src\hotspot\share\interpreter\linkResolver.cpp, line 804]
Event: 58.445 Thread 0x000001966d5e06e0 Exception <a 'java/lang/NoSuchMethodError'{0x000000009834cb98}: 'long java.lang.invoke.DirectMethodHandle$Holder.invokeStatic(java.lang.Object, java.lang.Object)'> (0x000000009834cb98) 
thrown [s\src\hotspot\share\interpreter\linkResolver.cpp, line 804]
Event: 58.446 Thread 0x000001966d5e06e0 Exception <a 'java/lang/NoSuchMethodError'{0x0000000098355610}: 'long java.lang.invoke.DirectMethodHandle$Holder.invokeStaticInit(java.lang.Object, java.lang.Object)'> (0x0000000098355610) 
thrown [s\src\hotspot\share\interpreter\linkResolver.cpp, line 804]
Event: 60.250 Thread 0x000001966d5e06e0 Exception <a 'java/lang/NoSuchMethodError'{0x00000000a1e0c5c0}: 'java.lang.Object java.lang.invoke.DirectMethodHandle$Holder.invokeInterface(java.lang.Object, java.lang.Object, int)'> (0x00000000a1e0c5c0) 
thrown [s\src\hotspot\share\interpreter\linkResolver.cpp, line 804]

VM Operations (20 events):
Event: 59.262 Executing safepoint VM operation: G1CollectForAllocation (G1 Evacuation Pause) done
Event: 59.356 Executing safepoint VM operation: G1PauseCleanup
Event: 59.356 Executing safepoint VM operation: G1PauseCleanup done
Event: 59.404 Executing non-safepoint VM operation: HandshakeAllThreads (Deoptimize)
Event: 59.415 Executing non-safepoint VM operation: HandshakeAllThreads (Deoptimize) done
Event: 59.418 Executing non-safepoint VM operation: HandshakeAllThreads (Deoptimize)
Event: 59.419 Executing non-safepoint VM operation: HandshakeAllThreads (Deoptimize) done
Event: 59.429 Executing non-safepoint VM operation: HandshakeAllThreads (Deoptimize)
Event: 59.430 Executing non-safepoint VM operation: HandshakeAllThreads (Deoptimize) done
Event: 60.064 Executing non-safepoint VM operation: HandshakeAllThreads (HandshakeForDeflation)
Event: 60.096 Executing non-safepoint VM operation: HandshakeAllThreads (HandshakeForDeflation) done
Event: 60.096 Executing safepoint VM operation: G1CollectForAllocation (G1 Evacuation Pause)
Event: 60.126 Executing safepoint VM operation: G1CollectForAllocation (G1 Evacuation Pause) done
Event: 60.128 Executing non-safepoint VM operation: RendezvousGCThreads
Event: 60.128 Executing non-safepoint VM operation: RendezvousGCThreads done
Event: 60.193 Executing non-safepoint VM operation: HandshakeAllThreads (Deoptimize)
Event: 60.197 Executing non-safepoint VM operation: HandshakeAllThreads (Deoptimize) done
Event: 60.481 Executing safepoint VM operation: G1CollectForAllocation (G1 Evacuation Pause)
Event: 60.522 Executing safepoint VM operation: G1CollectForAllocation (G1 Evacuation Pause) done
Event: 61.085 Executing safepoint VM operation: G1CollectForAllocation (G1 Evacuation Pause)

Memory protections (0 events):
No events

Nmethod flushes (20 events):
Event: 59.106 Thread 0x0000019663ad05e0 flushing  nmethod 0x0000019651114388
Event: 59.106 Thread 0x0000019663ad05e0 flushing  nmethod 0x0000019651117008
Event: 59.106 Thread 0x0000019663ad05e0 flushing  nmethod 0x0000019651118c88
Event: 59.106 Thread 0x0000019663ad05e0 flushing  nmethod 0x000001965112af08
Event: 59.106 Thread 0x0000019663ad05e0 flushing  nmethod 0x0000019651130308
Event: 59.106 Thread 0x0000019663ad05e0 flushing  nmethod 0x0000019651130608
Event: 59.106 Thread 0x0000019663ad05e0 flushing  nmethod 0x0000019651130988
Event: 59.106 Thread 0x0000019663ad05e0 flushing  nmethod 0x0000019651136508
Event: 59.106 Thread 0x0000019663ad05e0 flushing  nmethod 0x0000019651137188
Event: 59.106 Thread 0x0000019663ad05e0 flushing  nmethod 0x0000019651173988
Event: 59.106 Thread 0x0000019663ad05e0 flushing  nmethod 0x000001965117a008
Event: 59.106 Thread 0x0000019663ad05e0 flushing  nmethod 0x000001965117ac08
Event: 59.106 Thread 0x0000019663ad05e0 flushing  nmethod 0x00000196511ae408
Event: 59.106 Thread 0x0000019663ad05e0 flushing  nmethod 0x00000196511ae908
Event: 59.106 Thread 0x0000019663ad05e0 flushing  nmethod 0x00000196511af608
Event: 59.106 Thread 0x0000019663ad05e0 flushing  nmethod 0x00000196511afc08
Event: 59.106 Thread 0x0000019663ad05e0 flushing osr nmethod 0x00000196511b1808
Event: 59.106 Thread 0x0000019663ad05e0 flushing osr nmethod 0x00000196511b2788
Event: 59.106 Thread 0x0000019663ad05e0 flushing osr nmethod 0x00000196511b3488
Event: 59.106 Thread 0x0000019663ad05e0 flushing osr nmethod 0x00000196511b4688

Events (20 events):
Event: 42.006 Thread 0x00000196688d70c0 Thread exited: 0x00000196688d70c0
Event: 42.061 Thread 0x0000019663b14920 Thread added: 0x00000196688d70c0
Event: 44.370 Thread 0x00000196688d70c0 Thread exited: 0x00000196688d70c0
Event: 44.453 Thread 0x0000019663b14920 Thread added: 0x000001966ebb83c0
Event: 44.823 Thread 0x0000019668d5ec00 Thread added: 0x000001966d946810
Event: 44.827 Thread 0x000001966d946810 Thread exited: 0x000001966d946810
Event: 44.917 Thread 0x0000019668d5ec00 Thread added: 0x000001966d946810
Event: 44.960 Thread 0x000001966d946810 Thread exited: 0x000001966d946810
Event: 45.360 Thread 0x0000019668d5ec00 Thread added: 0x000001966c46e550
Event: 45.410 Thread 0x000001966c46e550 Thread added: 0x000001966c46f4f0
Event: 45.410 Thread 0x000001966c46e550 Thread added: 0x000001966c4723d0
Event: 45.410 Thread 0x000001966c46e550 Thread added: 0x000001966c46d5b0
Event: 45.472 Thread 0x000001966c46e550 Thread added: 0x000001966c46b670
Event: 50.551 Thread 0x000001966ebb83c0 Thread exited: 0x000001966ebb83c0
Event: 51.285 Thread 0x000001966c46e550 Thread added: 0x000001966c470490
Event: 51.480 Thread 0x0000019663b122b0 Thread added: 0x000001966a6c50e0
Event: 55.253 Thread 0x000001966c46e550 Thread added: 0x000001966b4f7b40
Event: 55.374 Thread 0x000001966c470490 Thread added: 0x000001966b4fb1f0
Event: 55.394 Thread 0x000001966c470490 Thread added: 0x000001966b4fc190
Event: 55.394 Thread 0x000001966c470490 Thread added: 0x000001966b4f8ae0


Dynamic libraries:
0x00007ff74f3c0000 - 0x00007ff74f3ce000 	C:\Users\MEIRE\.gradle\jdks\eclipse_adoptium-25-amd64-windows.2\bin\java.exe
0x00007ffc47150000 - 0x00007ffc47348000 	C:\WINDOWS\SYSTEM32\ntdll.dll
0x00007ffc46960000 - 0x00007ffc46a22000 	C:\WINDOWS\System32\KERNEL32.DLL
0x00007ffc44d90000 - 0x00007ffc45086000 	C:\WINDOWS\System32\KERNELBASE.dll
0x00007ffc447e0000 - 0x00007ffc448e0000 	C:\WINDOWS\System32\ucrtbase.dll
0x00007ffc13070000 - 0x00007ffc1308e000 	C:\Users\MEIRE\.gradle\jdks\eclipse_adoptium-25-amd64-windows.2\bin\VCRUNTIME140.dll
0x00007ffc13050000 - 0x00007ffc13066000 	C:\Users\MEIRE\.gradle\jdks\eclipse_adoptium-25-amd64-windows.2\bin\jli.dll
0x00007ffc45e20000 - 0x00007ffc45fc1000 	C:\WINDOWS\System32\USER32.dll
0x00007ffc450c0000 - 0x00007ffc450e2000 	C:\WINDOWS\System32\win32u.dll
0x00007ffc32c40000 - 0x00007ffc32edb000 	C:\WINDOWS\WinSxS\amd64_microsoft.windows.common-controls_6595b64144ccf1df_6.0.19041.6456_none_60b8a6cb71f64256\COMCTL32.dll
0x00007ffc46f30000 - 0x00007ffc46f5b000 	C:\WINDOWS\System32\GDI32.dll
0x00007ffc47070000 - 0x00007ffc4710e000 	C:\WINDOWS\System32\msvcrt.dll
0x00007ffc44c70000 - 0x00007ffc44d89000 	C:\WINDOWS\System32\gdi32full.dll
0x00007ffc44ad0000 - 0x00007ffc44b6d000 	C:\WINDOWS\System32\msvcp_win.dll
0x00007ffc461e0000 - 0x00007ffc4620f000 	C:\WINDOWS\System32\IMM32.DLL
0x00007ffc2bba0000 - 0x00007ffc2bbac000 	C:\Users\MEIRE\.gradle\jdks\eclipse_adoptium-25-amd64-windows.2\bin\vcruntime140_1.dll
0x00007ffc004d0000 - 0x00007ffc0055d000 	C:\Users\MEIRE\.gradle\jdks\eclipse_adoptium-25-amd64-windows.2\bin\msvcp140.dll
0x00007ffbbd650000 - 0x00007ffbbe57a000 	C:\Users\MEIRE\.gradle\jdks\eclipse_adoptium-25-amd64-windows.2\bin\server\jvm.dll
0x00007ffc46340000 - 0x00007ffc463f1000 	C:\WINDOWS\System32\ADVAPI32.dll
0x00007ffc46a30000 - 0x00007ffc46acf000 	C:\WINDOWS\System32\sechost.dll
0x00007ffc45170000 - 0x00007ffc45290000 	C:\WINDOWS\System32\RPCRT4.dll
0x00007ffc45090000 - 0x00007ffc450b7000 	C:\WINDOWS\System32\bcrypt.dll
0x00007ffc46210000 - 0x00007ffc4627b000 	C:\WINDOWS\System32\WS2_32.dll
0x00007ffc44640000 - 0x00007ffc4468b000 	C:\WINDOWS\SYSTEM32\POWRPROF.dll
0x00007ffc3c1b0000 - 0x00007ffc3c1ba000 	C:\WINDOWS\SYSTEM32\VERSION.dll
0x00007ffc2cea0000 - 0x00007ffc2cec7000 	C:\WINDOWS\SYSTEM32\WINMM.dll
0x00007ffc44620000 - 0x00007ffc44632000 	C:\WINDOWS\SYSTEM32\UMPDC.dll
0x00007ffc43020000 - 0x00007ffc43032000 	C:\WINDOWS\SYSTEM32\kernel.appcore.dll
0x00007ffc2b870000 - 0x00007ffc2b87a000 	C:\Users\MEIRE\.gradle\jdks\eclipse_adoptium-25-amd64-windows.2\bin\jimage.dll
0x00007ffc42b20000 - 0x00007ffc42d21000 	C:\WINDOWS\SYSTEM32\DBGHELP.DLL
0x00007ffc2c9d0000 - 0x00007ffc2ca04000 	C:\WINDOWS\SYSTEM32\dbgcore.DLL
0x00007ffc44a40000 - 0x00007ffc44ac2000 	C:\WINDOWS\System32\bcryptPrimitives.dll
0x00007ffc29490000 - 0x00007ffc2949f000 	C:\Users\MEIRE\.gradle\jdks\eclipse_adoptium-25-amd64-windows.2\bin\instrument.dll
0x00007ffc12dc0000 - 0x00007ffc12dde000 	C:\Users\MEIRE\.gradle\jdks\eclipse_adoptium-25-amd64-windows.2\bin\java.dll
0x00007ffc460b0000 - 0x00007ffc461db000 	C:\WINDOWS\System32\ole32.dll
0x00007ffc45350000 - 0x00007ffc456a4000 	C:\WINDOWS\System32\combase.dll
0x00007ffc456b0000 - 0x00007ffc45e20000 	C:\WINDOWS\System32\SHELL32.dll
0x00007ffc422a0000 - 0x00007ffc42a45000 	C:\WINDOWS\SYSTEM32\windows.storage.dll
0x00007ffc441a0000 - 0x00007ffc441cb000 	C:\WINDOWS\SYSTEM32\Wldp.dll
0x00007ffc46af0000 - 0x00007ffc46bbd000 	C:\WINDOWS\System32\OLEAUT32.dll
0x00007ffc46280000 - 0x00007ffc4632d000 	C:\WINDOWS\System32\SHCORE.dll
0x00007ffc46900000 - 0x00007ffc4695b000 	C:\WINDOWS\System32\shlwapi.dll
0x00007ffc44710000 - 0x00007ffc44734000 	C:\WINDOWS\SYSTEM32\profapi.dll
0x00007ffc12840000 - 0x00007ffc12856000 	C:\Users\MEIRE\.gradle\jdks\eclipse_adoptium-25-amd64-windows.2\bin\zip.dll
0x00007ffc11790000 - 0x00007ffc117a1000 	C:\Users\MEIRE\.gradle\jdks\eclipse_adoptium-25-amd64-windows.2\bin\net.dll
0x00007ffc43e90000 - 0x00007ffc43efa000 	C:\WINDOWS\system32\mswsock.dll
0x00007ffc112b0000 - 0x00007ffc112c6000 	C:\Users\MEIRE\.gradle\jdks\eclipse_adoptium-25-amd64-windows.2\bin\nio.dll
0x00007ffc29350000 - 0x00007ffc29360000 	C:\Users\MEIRE\.gradle\jdks\eclipse_adoptium-25-amd64-windows.2\bin\verify.dll
0x00007ffc2c1f0000 - 0x00007ffc2c217000 	C:\Users\MEIRE\.gradle\native\660c5614fbf4a5f2a75b1949f50a0caf5cd603558e7d8a26e50b933a0cfb79d1\windows-amd64\native-platform.dll
0x00007ffc293e0000 - 0x00007ffc29457000 	C:\Users\MEIRE\.gradle\native\0.2.8\x86_64-windows-gnu\gradle-fileevents.dll
0x00007ffc28db0000 - 0x00007ffc28dba000 	C:\Users\MEIRE\.gradle\jdks\eclipse_adoptium-25-amd64-windows.2\bin\management.dll
0x00007ffc28150000 - 0x00007ffc2815c000 	C:\Users\MEIRE\.gradle\jdks\eclipse_adoptium-25-amd64-windows.2\bin\management_ext.dll
0x00007ffc468f0000 - 0x00007ffc468f8000 	C:\WINDOWS\System32\PSAPI.DLL
0x00007ffc43b70000 - 0x00007ffc43bab000 	C:\WINDOWS\SYSTEM32\IPHLPAPI.DLL
0x00007ffc46d70000 - 0x00007ffc46d78000 	C:\WINDOWS\System32\NSI.dll
0x00007ffc21500000 - 0x00007ffc21509000 	C:\Users\MEIRE\.gradle\jdks\eclipse_adoptium-25-amd64-windows.2\bin\extnet.dll
0x00007ffc440f0000 - 0x00007ffc44108000 	C:\WINDOWS\SYSTEM32\CRYPTSP.dll
0x00007ffc437b0000 - 0x00007ffc437e8000 	C:\WINDOWS\system32\rsaenh.dll
0x00007ffc446d0000 - 0x00007ffc446fe000 	C:\WINDOWS\SYSTEM32\USERENV.dll
0x00007ffc44110000 - 0x00007ffc4411c000 	C:\WINDOWS\SYSTEM32\CRYPTBASE.dll
0x00007ffc1e070000 - 0x00007ffc1e07e000 	C:\Users\MEIRE\.gradle\jdks\eclipse_adoptium-25-amd64-windows.2\bin\sunmscapi.dll
0x00007ffc448e0000 - 0x00007ffc44a3d000 	C:\WINDOWS\System32\CRYPT32.dll
0x00007ffc44210000 - 0x00007ffc44237000 	C:\WINDOWS\SYSTEM32\ncrypt.dll
0x00007ffc441d0000 - 0x00007ffc4420b000 	C:\WINDOWS\SYSTEM32\NTASN1.dll
0x00007ffbe5f30000 - 0x00007ffbe5f37000 	C:\WINDOWS\system32\wshunix.dll
0x00007ffc40ca0000 - 0x00007ffc40d34000 	C:\WINDOWS\system32\apphelp.dll

JVMTI agents:
C:\Users\MEIRE\.gradle\wrapper\dists\gradle-9.7.1-bin\1w1c7tv4s851m17nbqdsro2tv\gradle-9.7.1\lib\agents\gradle-instrumentation-agent-9.7.1.jar path:C:\Users\MEIRE\.gradle\jdks\eclipse_adoptium-25-amd64-windows.2\bin\instrument.dll, loaded, initialized, instrumentlib options:none

dbghelp: loaded successfully - version: 4.0.5 - missing functions: none
symbol engine: initialized successfully - sym options: 0x614 - pdb path: .;C:\Users\MEIRE\.gradle\jdks\eclipse_adoptium-25-amd64-windows.2\bin;C:\WINDOWS\SYSTEM32;C:\WINDOWS\WinSxS\amd64_microsoft.windows.common-controls_6595b64144ccf1df_6.0.19041.6456_none_60b8a6cb71f64256;C:\Users\MEIRE\.gradle\jdks\eclipse_adoptium-25-amd64-windows.2\bin\server;C:\Users\MEIRE\.gradle\native\660c5614fbf4a5f2a75b1949f50a0caf5cd603558e7d8a26e50b933a0cfb79d1\windows-amd64;C:\Users\MEIRE\.gradle\native\0.2.8\x86_64-windows-gnu

VM Arguments:
jvm_args: --add-opens=java.base/java.lang=ALL-UNNAMED --add-opens=java.base/java.lang.invoke=ALL-UNNAMED --add-opens=java.base/java.util=ALL-UNNAMED --add-opens=java.prefs/java.util.prefs=ALL-UNNAMED --add-exports=jdk.compiler/com.sun.tools.javac.api=ALL-UNNAMED --add-exports=jdk.compiler/com.sun.tools.javac.util=ALL-UNNAMED --add-opens=java.base/java.nio.charset=ALL-UNNAMED --add-opens=java.base/java.net=ALL-UNNAMED --add-opens=java.base/java.util.concurrent=ALL-UNNAMED --add-opens=java.base/java.util.concurrent.atomic=ALL-UNNAMED --add-opens=java.xml/javax.xml.namespace=ALL-UNNAMED --add-opens=java.base/java.time=ALL-UNNAMED --enable-native-access=ALL-UNNAMED -Xmx2048m -Dfile.encoding=UTF-8 -Duser.country=BR -Duser.language=pt -Duser.variant -javaagent:C:\Users\MEIRE\.gradle\wrapper\dists\gradle-9.7.1-bin\1w1c7tv4s851m17nbqdsro2tv\gradle-9.7.1\lib\agents\gradle-instrumentation-agent-9.7.1.jar 
java_command: org.gradle.launcher.daemon.bootstrap.GradleDaemon 9.7.1
java_class_path (initial): C:\Users\MEIRE\.gradle\wrapper\dists\gradle-9.7.1-bin\1w1c7tv4s851m17nbqdsro2tv\gradle-9.7.1\lib\gradle-daemon-main-9.7.1.jar
Launcher Type: SUN_STANDARD

[Global flags]
     intx CICompilerCount                          = 3                                         {product} {ergonomic}
     uint ConcGCThreads                            = 1                                         {product} {ergonomic}
     uint G1ConcRefinementThreads                  = 4                                         {product} {ergonomic}
   size_t G1HeapRegionSize                         = 1048576                                   {product} {ergonomic}
   size_t InitialHeapSize                          = 132120576                                 {product} {ergonomic}
   size_t MarkStackSize                            = 4194304                                   {product} {ergonomic}
   size_t MarkStackSizeMax                         = 536870912                                 {product} {ergonomic}
   size_t MaxHeapSize                              = 2147483648                                {product} {command line}
   size_t MaxNewSize                               = 1287651328                                {product} {ergonomic}
   size_t MinHeapDeltaBytes                        = 1048576                                   {product} {ergonomic}
   size_t MinHeapSize                              = 8388608                                   {product} {ergonomic}
    uintx NonNMethodCodeHeapSize                   = 5898240                                {pd product} {ergonomic}
    uintx NonProfiledCodeHeapSize                  = 122945536                              {pd product} {ergonomic}
    uintx ProfiledCodeHeapSize                     = 122945536                              {pd product} {ergonomic}
    uintx ReservedCodeCacheSize                    = 251789312                              {pd product} {ergonomic}
     bool SegmentedCodeCache                       = true                                      {product} {ergonomic}
   size_t SoftMaxHeapSize                          = 2147483648                             {manageable} {ergonomic}
     bool UseCompressedOops                        = true                           {product lp64_product} {ergonomic}
     bool UseG1GC                                  = true                                      {product} {ergonomic}
     bool UseLargePagesIndividualAllocation        = false                                  {pd product} {ergonomic}

Logging:
Log output configuration:
 #0: stdout all=warning uptime,level,tags foldmultilines=false
 #1: stderr all=off uptime,level,tags foldmultilines=false

Release file:
IMPLEMENTOR="Eclipse Adoptium" 
IMPLEMENTOR_VERSION="Temurin-25.0.3+9" 
JAVA_RUNTIME_VERSION="25.0.3+9-LTS" 
JAVA_VERSION="25.0.3" 
JAVA_VERSION_DATE="2026-04-21" 
LIBC="default" 
MODULES="java.base java.compiler java.datatransfer java.xml java.prefs java.desktop java.instrument java.logging java.management java.security.sasl java.naming java.rmi java.management.rmi java.net.http java.scripting java.security.jgss java.transaction.xa java.sql java.sql.rowset java.xml.crypto java.se java.smartcardio jdk.accessibility jdk.internal.jvmstat jdk.attach jdk.charsets jdk.internal.opt jdk.zipfs jdk.compiler jdk.crypto.cryptoki jdk.crypto.ec jdk.crypto.mscapi jdk.dynalink jdk.internal.ed jdk.editpad jdk.internal.vm.ci jdk.graal.compiler jdk.graal.compiler.management jdk.hotspot.agent jdk.httpserver jdk.incubator.vector jdk.internal.le jdk.internal.md jdk.jartool jdk.javadoc jdk.jcmd jdk.management jdk.management.agent jdk.jconsole jdk.jdeps jdk.jdwp.agent jdk.jdi jdk.jfr jdk.jlink jdk.jpackage jdk.jshell jdk.jsobject jdk.jstatd jdk.localedata jdk.management.jfr jdk.naming.dns jdk.naming.rmi jdk.net jdk.nio.mapmode jdk.sctp jdk.security.auth jdk.security.jgss jdk.unsupported jdk.unsupported.desktop jdk.xml.dom" 
OS_ARCH="x86_64" 
OS_NAME="Windows" 
SOURCE=".:git:cda0a1776184" 
BUILD_SOURCE="git:a612825ee82a20ac872d60958c349854c1f29a8e"
BUILD_SOURCE_REPO="https://github.com/adoptium/temurin-build.git"
SOURCE_REPO="https://github.com/adoptium/jdk25u.git"
FULL_VERSION="25.0.3+9-LTS"
SEMANTIC_VERSION="25.0.3+9"
BUILD_INFO="OS: Windows Server 2022 Version: 10.0"
JVM_VARIANT="Hotspot"
JVM_VERSION="25.0.3+9-LTS"
IMAGE_TYPE="JDK"

Environment Variables:
JAVA_HOME=C:\Program Files\Java\jdk-26
PATH=C:\Python314\Scripts\;C:\Python314\;C:\Program Files\Common Files\Oracle\Java\javapath;C:\WINDOWS\system32;C:\WINDOWS;C:\WINDOWS\System32\Wbem;C:\WINDOWS\System32\WindowsPowerShell\v1.0\;C:\WINDOWS\System32\OpenSSH\;C:\Program Files\dotnet\;C:\Program Files (x86)\dotnet\;C:\Program Files\Microsoft VS Code\bin;C:\Program Files\SafeNet\Authentication\SAC\x64;C:\Program Files\SafeNet\Authentication\SAC\x32;C:\Program Files\Java\jdk-23\bin;C:\Program Files\nodejs\;C:\ProgramData\chocolatey\bin;C:\Program Files\Git\cmd;C:\Users\MEIRE\.config\herd-lite\bin;C:\Users\MEIRE\AppData\Local\Microsoft\WindowsApps;C:\Users\MEIRE\AppData\Roaming\npm
USERNAME=MEIRE
OS=Windows_NT
PROCESSOR_IDENTIFIER=Intel64 Family 6 Model 126 Stepping 5, GenuineIntel
TMP=C:\Users\MEIRE\AppData\Local\Temp
TEMP=C:\Users\MEIRE\AppData\Local\Temp




Compilation memory statistics disabled.

Periodic native trim disabled

---------------  S Y S T E M  ---------------

OS:
 Windows 10 , 64 bit Build 19041 (10.0.19041.5915)
OS uptime: 40 days 20:03 hours

CPU: total 4 (initial active 4) (2 cores per cpu, 2 threads per core) family 6 model 126 stepping 5 microcode 0xcc, cx8, cmov, fxsr, ht, mmx, 3dnowpref, sse, sse2, sse3, ssse3, sse4.1, sse4.2, popcnt, lzcnt, tsc, tscinvbit, avx, avx2, aes, erms, clmul, bmi1, bmi2, adx, avx512f, avx512dq, avx512cd, avx512bw, avx512vl, sha, fma, vzeroupper, avx512_vpopcntdq, avx512_vpclmulqdq, avx512_vaes, avx512_vnni, clflush, clflushopt, avx512_vbmi2, avx512_vbmi, rdtscp, rdpid, fsrm, gfni, avx512_bitalg, f16c, pku, avx512_ifma
Processor Information for the first 4 processors :
  Max Mhz: 1190, Current Mhz: 1190, Mhz Limit: 1190

Memory: 4k page, system-wide physical 7959M (412M free)
TotalPageFile size 16151M (AvailPageFile size 96M)
current process WorkingSet (physical memory assigned to process): 917M, peak: 924M
current process commit charge ("private bytes"): 1014M, peak: 1201M

vm_info: OpenJDK 64-Bit Server VM (25.0.3+9-LTS) for windows-amd64 JRE (25.0.3+9-LTS), built on 2026-04-21T00:00:00Z with MS VC++ 17.12 (VS2022)

END.
